[0.135s] DEBUG:colcon:Command line arguments: ['/usr/bin/colcon', 'build']
[0.135s] DEBUG:colcon:Parsed command line arguments: Namespace(log_base=None, log_level=None, verb_name='build', build_base='build', install_base='install', merge_install=False, symlink_install=False, test_result_base=None, continue_on_error=False, executor='parallel', parallel_workers=22, event_handlers=None, ignore_user_meta=False, metas=['./colcon.meta'], base_paths=['.'], packages_ignore=None, packages_ignore_regex=None, paths=None, packages_up_to=None, packages_up_to_regex=None, packages_above=None, packages_above_and_dependencies=None, packages_above_depth=None, packages_select_by_dep=None, packages_skip_by_dep=None, packages_skip_up_to=None, packages_select_build_failed=False, packages_skip_build_finished=False, packages_select_test_failures=False, packages_skip_test_passed=False, packages_select=None, packages_skip=None, packages_select_regex=None, packages_skip_regex=None, packages_start=None, packages_end=None, allow_overriding=[], cmake_args=None, cmake_target=None, cmake_target_skip_unavailable=False, cmake_clean_cache=False, cmake_clean_first=False, cmake_force_configure=False, ament_cmake_args=None, catkin_cmake_args=None, catkin_skip_building_tests=False, verb_parser=<colcon_defaults.argument_parser.defaults.DefaultArgumentsDecorator object at 0x718db8042b90>, verb_extension=<colcon_core.verb.build.BuildVerb object at 0x718db81bb970>, main=<bound method BuildVerb.main of <colcon_core.verb.build.BuildVerb object at 0x718db81bb970>>)
[0.346s] Level 1:colcon.colcon_core.package_discovery:discover_packages(colcon_meta) check parameters
[0.346s] Level 1:colcon.colcon_core.package_discovery:discover_packages(recursive) check parameters
[0.347s] Level 1:colcon.colcon_core.package_discovery:discover_packages(ignore) check parameters
[0.347s] Level 1:colcon.colcon_core.package_discovery:discover_packages(path) check parameters
[0.347s] Level 1:colcon.colcon_core.package_discovery:discover_packages(colcon_meta) discover
[0.347s] Level 1:colcon.colcon_core.package_discovery:discover_packages(recursive) discover
[0.347s] INFO:colcon.colcon_core.package_discovery:Crawling recursively for packages in '/home/j/e2e_ws'
[0.347s] Level 1:colcon.colcon_core.package_identification:_identify(.) by extensions ['ignore', 'ignore_ament_install']
[0.347s] Level 1:colcon.colcon_core.package_identification:_identify(.) by extension 'ignore'
[0.347s] Level 1:colcon.colcon_core.package_identification:_identify(.) by extension 'ignore_ament_install'
[0.347s] Level 1:colcon.colcon_core.package_identification:_identify(.) by extensions ['colcon_pkg']
[0.347s] Level 1:colcon.colcon_core.package_identification:_identify(.) by extension 'colcon_pkg'
[0.347s] Level 1:colcon.colcon_core.package_identification:_identify(.) by extensions ['colcon_meta']
[0.347s] Level 1:colcon.colcon_core.package_identification:_identify(.) by extension 'colcon_meta'
[0.347s] Level 1:colcon.colcon_core.package_identification:_identify(.) by extensions ['ros']
[0.347s] Level 1:colcon.colcon_core.package_identification:_identify(.) by extension 'ros'
[0.358s] Level 1:colcon.colcon_core.package_identification:_identify(.) by extensions ['cmake', 'python']
[0.358s] Level 1:colcon.colcon_core.package_identification:_identify(.) by extension 'cmake'
[0.358s] Level 1:colcon.colcon_core.package_identification:_identify(.) by extension 'python'
[0.358s] Level 1:colcon.colcon_core.package_identification:_identify(.) by extensions ['python_setup_py']
[0.358s] Level 1:colcon.colcon_core.package_identification:_identify(.) by extension 'python_setup_py'
[0.358s] Level 1:colcon.colcon_core.package_identification:_identify(build) by extensions ['ignore', 'ignore_ament_install']
[0.358s] Level 1:colcon.colcon_core.package_identification:_identify(build) by extension 'ignore'
[0.358s] Level 1:colcon.colcon_core.package_identification:_identify(build) ignored
[0.358s] Level 1:colcon.colcon_core.package_identification:_identify(install) by extensions ['ignore', 'ignore_ament_install']
[0.358s] Level 1:colcon.colcon_core.package_identification:_identify(install) by extension 'ignore'
[0.358s] Level 1:colcon.colcon_core.package_identification:_identify(install) ignored
[0.359s] Level 1:colcon.colcon_core.package_identification:_identify(log) by extensions ['ignore', 'ignore_ament_install']
[0.359s] Level 1:colcon.colcon_core.package_identification:_identify(log) by extension 'ignore'
[0.359s] Level 1:colcon.colcon_core.package_identification:_identify(log) ignored
[0.359s] Level 1:colcon.colcon_core.package_identification:_identify(resource) by extensions ['ignore', 'ignore_ament_install']
[0.359s] Level 1:colcon.colcon_core.package_identification:_identify(resource) by extension 'ignore'
[0.359s] Level 1:colcon.colcon_core.package_identification:_identify(resource) by extension 'ignore_ament_install'
[0.359s] Level 1:colcon.colcon_core.package_identification:_identify(resource) by extensions ['colcon_pkg']
[0.359s] Level 1:colcon.colcon_core.package_identification:_identify(resource) by extension 'colcon_pkg'
[0.359s] Level 1:colcon.colcon_core.package_identification:_identify(resource) by extensions ['colcon_meta']
[0.359s] Level 1:colcon.colcon_core.package_identification:_identify(resource) by extension 'colcon_meta'
[0.359s] Level 1:colcon.colcon_core.package_identification:_identify(resource) by extensions ['ros']
[0.359s] Level 1:colcon.colcon_core.package_identification:_identify(resource) by extension 'ros'
[0.359s] Level 1:colcon.colcon_core.package_identification:_identify(resource) by extensions ['cmake', 'python']
[0.359s] Level 1:colcon.colcon_core.package_identification:_identify(resource) by extension 'cmake'
[0.359s] Level 1:colcon.colcon_core.package_identification:_identify(resource) by extension 'python'
[0.359s] Level 1:colcon.colcon_core.package_identification:_identify(resource) by extensions ['python_setup_py']
[0.359s] Level 1:colcon.colcon_core.package_identification:_identify(resource) by extension 'python_setup_py'
[0.360s] Level 1:colcon.colcon_core.package_identification:_identify(rosbag2_2025_05_26-14_36_35) by extensions ['ignore', 'ignore_ament_install']
[0.360s] Level 1:colcon.colcon_core.package_identification:_identify(rosbag2_2025_05_26-14_36_35) by extension 'ignore'
[0.360s] Level 1:colcon.colcon_core.package_identification:_identify(rosbag2_2025_05_26-14_36_35) by extension 'ignore_ament_install'
[0.360s] Level 1:colcon.colcon_core.package_identification:_identify(rosbag2_2025_05_26-14_36_35) by extensions ['colcon_pkg']
[0.360s] Level 1:colcon.colcon_core.package_identification:_identify(rosbag2_2025_05_26-14_36_35) by extension 'colcon_pkg'
[0.360s] Level 1:colcon.colcon_core.package_identification:_identify(rosbag2_2025_05_26-14_36_35) by extensions ['colcon_meta']
[0.360s] Level 1:colcon.colcon_core.package_identification:_identify(rosbag2_2025_05_26-14_36_35) by extension 'colcon_meta'
[0.360s] Level 1:colcon.colcon_core.package_identification:_identify(rosbag2_2025_05_26-14_36_35) by extensions ['ros']
[0.360s] Level 1:colcon.colcon_core.package_identification:_identify(rosbag2_2025_05_26-14_36_35) by extension 'ros'
[0.360s] Level 1:colcon.colcon_core.package_identification:_identify(rosbag2_2025_05_26-14_36_35) by extensions ['cmake', 'python']
[0.360s] Level 1:colcon.colcon_core.package_identification:_identify(rosbag2_2025_05_26-14_36_35) by extension 'cmake'
[0.360s] Level 1:colcon.colcon_core.package_identification:_identify(rosbag2_2025_05_26-14_36_35) by extension 'python'
[0.360s] Level 1:colcon.colcon_core.package_identification:_identify(rosbag2_2025_05_26-14_36_35) by extensions ['python_setup_py']
[0.360s] Level 1:colcon.colcon_core.package_identification:_identify(rosbag2_2025_05_26-14_36_35) by extension 'python_setup_py'
[0.360s] Level 1:colcon.colcon_core.package_identification:_identify(rosbag2_2025_05_26-14_39_32) by extensions ['ignore', 'ignore_ament_install']
[0.360s] Level 1:colcon.colcon_core.package_identification:_identify(rosbag2_2025_05_26-14_39_32) by extension 'ignore'
[0.360s] Level 1:colcon.colcon_core.package_identification:_identify(rosbag2_2025_05_26-14_39_32) by extension 'ignore_ament_install'
[0.360s] Level 1:colcon.colcon_core.package_identification:_identify(rosbag2_2025_05_26-14_39_32) by extensions ['colcon_pkg']
[0.360s] Level 1:colcon.colcon_core.package_identification:_identify(rosbag2_2025_05_26-14_39_32) by extension 'colcon_pkg'
[0.360s] Level 1:colcon.colcon_core.package_identification:_identify(rosbag2_2025_05_26-14_39_32) by extensions ['colcon_meta']
[0.360s] Level 1:colcon.colcon_core.package_identification:_identify(rosbag2_2025_05_26-14_39_32) by extension 'colcon_meta'
[0.360s] Level 1:colcon.colcon_core.package_identification:_identify(rosbag2_2025_05_26-14_39_32) by extensions ['ros']
[0.360s] Level 1:colcon.colcon_core.package_identification:_identify(rosbag2_2025_05_26-14_39_32) by extension 'ros'
[0.360s] Level 1:colcon.colcon_core.package_identification:_identify(rosbag2_2025_05_26-14_39_32) by extensions ['cmake', 'python']
[0.360s] Level 1:colcon.colcon_core.package_identification:_identify(rosbag2_2025_05_26-14_39_32) by extension 'cmake'
[0.360s] Level 1:colcon.colcon_core.package_identification:_identify(rosbag2_2025_05_26-14_39_32) by extension 'python'
[0.360s] Level 1:colcon.colcon_core.package_identification:_identify(rosbag2_2025_05_26-14_39_32) by extensions ['python_setup_py']
[0.360s] Level 1:colcon.colcon_core.package_identification:_identify(rosbag2_2025_05_26-14_39_32) by extension 'python_setup_py'
[0.361s] Level 1:colcon.colcon_core.package_identification:_identify(src) by extensions ['ignore', 'ignore_ament_install']
[0.361s] Level 1:colcon.colcon_core.package_identification:_identify(src) by extension 'ignore'
[0.361s] Level 1:colcon.colcon_core.package_identification:_identify(src) by extension 'ignore_ament_install'
[0.361s] Level 1:colcon.colcon_core.package_identification:_identify(src) by extensions ['colcon_pkg']
[0.361s] Level 1:colcon.colcon_core.package_identification:_identify(src) by extension 'colcon_pkg'
[0.361s] Level 1:colcon.colcon_core.package_identification:_identify(src) by extensions ['colcon_meta']
[0.361s] Level 1:colcon.colcon_core.package_identification:_identify(src) by extension 'colcon_meta'
[0.361s] Level 1:colcon.colcon_core.package_identification:_identify(src) by extensions ['ros']
[0.361s] Level 1:colcon.colcon_core.package_identification:_identify(src) by extension 'ros'
[0.361s] Level 1:colcon.colcon_core.package_identification:_identify(src) by extensions ['cmake', 'python']
[0.361s] Level 1:colcon.colcon_core.package_identification:_identify(src) by extension 'cmake'
[0.361s] Level 1:colcon.colcon_core.package_identification:_identify(src) by extension 'python'
[0.361s] Level 1:colcon.colcon_core.package_identification:_identify(src) by extensions ['python_setup_py']
[0.361s] Level 1:colcon.colcon_core.package_identification:_identify(src) by extension 'python_setup_py'
[0.361s] Level 1:colcon.colcon_core.package_identification:_identify(src/e2e_meta) by extensions ['ignore', 'ignore_ament_install']
[0.361s] Level 1:colcon.colcon_core.package_identification:_identify(src/e2e_meta) by extension 'ignore'
[0.361s] Level 1:colcon.colcon_core.package_identification:_identify(src/e2e_meta) by extension 'ignore_ament_install'
[0.361s] Level 1:colcon.colcon_core.package_identification:_identify(src/e2e_meta) by extensions ['colcon_pkg']
[0.361s] Level 1:colcon.colcon_core.package_identification:_identify(src/e2e_meta) by extension 'colcon_pkg'
[0.361s] Level 1:colcon.colcon_core.package_identification:_identify(src/e2e_meta) by extensions ['colcon_meta']
[0.361s] Level 1:colcon.colcon_core.package_identification:_identify(src/e2e_meta) by extension 'colcon_meta'
[0.361s] Level 1:colcon.colcon_core.package_identification:_identify(src/e2e_meta) by extensions ['ros']
[0.361s] Level 1:colcon.colcon_core.package_identification:_identify(src/e2e_meta) by extension 'ros'
[0.364s] DEBUG:colcon.colcon_core.package_identification:Package 'src/e2e_meta' with type 'ros.ament_cmake' and name 'e2e_meta'
[0.364s] Level 1:colcon.colcon_core.package_identification:_identify(src/image_fusion) by extensions ['ignore', 'ignore_ament_install']
[0.364s] Level 1:colcon.colcon_core.package_identification:_identify(src/image_fusion) by extension 'ignore'
[0.364s] Level 1:colcon.colcon_core.package_identification:_identify(src/image_fusion) by extension 'ignore_ament_install'
[0.364s] Level 1:colcon.colcon_core.package_identification:_identify(src/image_fusion) by extensions ['colcon_pkg']
[0.364s] Level 1:colcon.colcon_core.package_identification:_identify(src/image_fusion) by extension 'colcon_pkg'
[0.364s] Level 1:colcon.colcon_core.package_identification:_identify(src/image_fusion) by extensions ['colcon_meta']
[0.365s] Level 1:colcon.colcon_core.package_identification:_identify(src/image_fusion) by extension 'colcon_meta'
[0.365s] Level 1:colcon.colcon_core.package_identification:_identify(src/image_fusion) by extensions ['ros']
[0.365s] Level 1:colcon.colcon_core.package_identification:_identify(src/image_fusion) by extension 'ros'
[0.366s] DEBUG:colcon.colcon_core.package_identification:Package 'src/image_fusion' with type 'ros.ament_python' and name 'image_fusion'
[0.366s] Level 1:colcon.colcon_core.package_identification:_identify(src/ros2_aruco) by extensions ['ignore', 'ignore_ament_install']
[0.366s] Level 1:colcon.colcon_core.package_identification:_identify(src/ros2_aruco) by extension 'ignore'
[0.366s] Level 1:colcon.colcon_core.package_identification:_identify(src/ros2_aruco) by extension 'ignore_ament_install'
[0.366s] Level 1:colcon.colcon_core.package_identification:_identify(src/ros2_aruco) by extensions ['colcon_pkg']
[0.366s] Level 1:colcon.colcon_core.package_identification:_identify(src/ros2_aruco) by extension 'colcon_pkg'
[0.366s] Level 1:colcon.colcon_core.package_identification:_identify(src/ros2_aruco) by extensions ['colcon_meta']
[0.366s] Level 1:colcon.colcon_core.package_identification:_identify(src/ros2_aruco) by extension 'colcon_meta'
[0.366s] Level 1:colcon.colcon_core.package_identification:_identify(src/ros2_aruco) by extensions ['ros']
[0.366s] Level 1:colcon.colcon_core.package_identification:_identify(src/ros2_aruco) by extension 'ros'
[0.366s] Level 1:colcon.colcon_core.package_identification:_identify(src/ros2_aruco) by extensions ['cmake', 'python']
[0.366s] Level 1:colcon.colcon_core.package_identification:_identify(src/ros2_aruco) by extension 'cmake'
[0.366s] Level 1:colcon.colcon_core.package_identification:_identify(src/ros2_aruco) by extension 'python'
[0.366s] Level 1:colcon.colcon_core.package_identification:_identify(src/ros2_aruco) by extensions ['python_setup_py']
[0.366s] Level 1:colcon.colcon_core.package_identification:_identify(src/ros2_aruco) by extension 'python_setup_py'
[0.366s] Level 1:colcon.colcon_core.package_identification:_identify(src/ros2_aruco/ros2_aruco) by extensions ['ignore', 'ignore_ament_install']
[0.367s] Level 1:colcon.colcon_core.package_identification:_identify(src/ros2_aruco/ros2_aruco) by extension 'ignore'
[0.367s] Level 1:colcon.colcon_core.package_identification:_identify(src/ros2_aruco/ros2_aruco) by extension 'ignore_ament_install'
[0.367s] Level 1:colcon.colcon_core.package_identification:_identify(src/ros2_aruco/ros2_aruco) by extensions ['colcon_pkg']
[0.367s] Level 1:colcon.colcon_core.package_identification:_identify(src/ros2_aruco/ros2_aruco) by extension 'colcon_pkg'
[0.367s] Level 1:colcon.colcon_core.package_identification:_identify(src/ros2_aruco/ros2_aruco) by extensions ['colcon_meta']
[0.367s] Level 1:colcon.colcon_core.package_identification:_identify(src/ros2_aruco/ros2_aruco) by extension 'colcon_meta'
[0.367s] Level 1:colcon.colcon_core.package_identification:_identify(src/ros2_aruco/ros2_aruco) by extensions ['ros']
[0.367s] Level 1:colcon.colcon_core.package_identification:_identify(src/ros2_aruco/ros2_aruco) by extension 'ros'
[0.368s] DEBUG:colcon.colcon_core.package_identification:Package 'src/ros2_aruco/ros2_aruco' with type 'ros.ament_python' and name 'ros2_aruco'
[0.368s] Level 1:colcon.colcon_core.package_identification:_identify(src/ros2_aruco/ros2_aruco_interfaces) by extensions ['ignore', 'ignore_ament_install']
[0.368s] Level 1:colcon.colcon_core.package_identification:_identify(src/ros2_aruco/ros2_aruco_interfaces) by extension 'ignore'
[0.368s] Level 1:colcon.colcon_core.package_identification:_identify(src/ros2_aruco/ros2_aruco_interfaces) by extension 'ignore_ament_install'
[0.368s] Level 1:colcon.colcon_core.package_identification:_identify(src/ros2_aruco/ros2_aruco_interfaces) by extensions ['colcon_pkg']
[0.368s] Level 1:colcon.colcon_core.package_identification:_identify(src/ros2_aruco/ros2_aruco_interfaces) by extension 'colcon_pkg'
[0.368s] Level 1:colcon.colcon_core.package_identification:_identify(src/ros2_aruco/ros2_aruco_interfaces) by extensions ['colcon_meta']
[0.368s] Level 1:colcon.colcon_core.package_identification:_identify(src/ros2_aruco/ros2_aruco_interfaces) by extension 'colcon_meta'
[0.368s] Level 1:colcon.colcon_core.package_identification:_identify(src/ros2_aruco/ros2_aruco_interfaces) by extensions ['ros']
[0.368s] Level 1:colcon.colcon_core.package_identification:_identify(src/ros2_aruco/ros2_aruco_interfaces) by extension 'ros'
[0.369s] DEBUG:colcon.colcon_core.package_identification:Package 'src/ros2_aruco/ros2_aruco_interfaces' with type 'ros.ament_cmake' and name 'ros2_aruco_interfaces'
[0.369s] Level 1:colcon.colcon_core.package_identification:_identify(src/turtlebot3_simulations-humble) by extensions ['ignore', 'ignore_ament_install']
[0.369s] Level 1:colcon.colcon_core.package_identification:_identify(src/turtlebot3_simulations-humble) by extension 'ignore'
[0.369s] Level 1:colcon.colcon_core.package_identification:_identify(src/turtlebot3_simulations-humble) by extension 'ignore_ament_install'
[0.369s] Level 1:colcon.colcon_core.package_identification:_identify(src/turtlebot3_simulations-humble) by extensions ['colcon_pkg']
[0.369s] Level 1:colcon.colcon_core.package_identification:_identify(src/turtlebot3_simulations-humble) by extension 'colcon_pkg'
[0.369s] Level 1:colcon.colcon_core.package_identification:_identify(src/turtlebot3_simulations-humble) by extensions ['colcon_meta']
[0.369s] Level 1:colcon.colcon_core.package_identification:_identify(src/turtlebot3_simulations-humble) by extension 'colcon_meta'
[0.369s] Level 1:colcon.colcon_core.package_identification:_identify(src/turtlebot3_simulations-humble) by extensions ['ros']
[0.370s] Level 1:colcon.colcon_core.package_identification:_identify(src/turtlebot3_simulations-humble) by extension 'ros'
[0.370s] Level 1:colcon.colcon_core.package_identification:_identify(src/turtlebot3_simulations-humble) by extensions ['cmake', 'python']
[0.370s] Level 1:colcon.colcon_core.package_identification:_identify(src/turtlebot3_simulations-humble) by extension 'cmake'
[0.370s] Level 1:colcon.colcon_core.package_identification:_identify(src/turtlebot3_simulations-humble) by extension 'python'
[0.370s] Level 1:colcon.colcon_core.package_identification:_identify(src/turtlebot3_simulations-humble) by extensions ['python_setup_py']
[0.370s] Level 1:colcon.colcon_core.package_identification:_identify(src/turtlebot3_simulations-humble) by extension 'python_setup_py'
[0.370s] Level 1:colcon.colcon_core.package_identification:_identify(src/turtlebot3_simulations-humble/turtlebot3_fake_node) by extensions ['ignore', 'ignore_ament_install']
[0.370s] Level 1:colcon.colcon_core.package_identification:_identify(src/turtlebot3_simulations-humble/turtlebot3_fake_node) by extension 'ignore'
[0.370s] Level 1:colcon.colcon_core.package_identification:_identify(src/turtlebot3_simulations-humble/turtlebot3_fake_node) by extension 'ignore_ament_install'
[0.370s] Level 1:colcon.colcon_core.package_identification:_identify(src/turtlebot3_simulations-humble/turtlebot3_fake_node) by extensions ['colcon_pkg']
[0.370s] Level 1:colcon.colcon_core.package_identification:_identify(src/turtlebot3_simulations-humble/turtlebot3_fake_node) by extension 'colcon_pkg'
[0.370s] Level 1:colcon.colcon_core.package_identification:_identify(src/turtlebot3_simulations-humble/turtlebot3_fake_node) by extensions ['colcon_meta']
[0.370s] Level 1:colcon.colcon_core.package_identification:_identify(src/turtlebot3_simulations-humble/turtlebot3_fake_node) by extension 'colcon_meta'
[0.370s] Level 1:colcon.colcon_core.package_identification:_identify(src/turtlebot3_simulations-humble/turtlebot3_fake_node) by extensions ['ros']
[0.370s] Level 1:colcon.colcon_core.package_identification:_identify(src/turtlebot3_simulations-humble/turtlebot3_fake_node) by extension 'ros'
[0.372s] DEBUG:colcon.colcon_core.package_identification:Package 'src/turtlebot3_simulations-humble/turtlebot3_fake_node' with type 'ros.ament_cmake' and name 'turtlebot3_fake_node'
[0.372s] Level 1:colcon.colcon_core.package_identification:_identify(src/turtlebot3_simulations-humble/turtlebot3_gazebo) by extensions ['ignore', 'ignore_ament_install']
[0.372s] Level 1:colcon.colcon_core.package_identification:_identify(src/turtlebot3_simulations-humble/turtlebot3_gazebo) by extension 'ignore'
[0.372s] Level 1:colcon.colcon_core.package_identification:_identify(src/turtlebot3_simulations-humble/turtlebot3_gazebo) by extension 'ignore_ament_install'
[0.372s] Level 1:colcon.colcon_core.package_identification:_identify(src/turtlebot3_simulations-humble/turtlebot3_gazebo) by extensions ['colcon_pkg']
[0.372s] Level 1:colcon.colcon_core.package_identification:_identify(src/turtlebot3_simulations-humble/turtlebot3_gazebo) by extension 'colcon_pkg'
[0.372s] Level 1:colcon.colcon_core.package_identification:_identify(src/turtlebot3_simulations-humble/turtlebot3_gazebo) by extensions ['colcon_meta']
[0.372s] Level 1:colcon.colcon_core.package_identification:_identify(src/turtlebot3_simulations-humble/turtlebot3_gazebo) by extension 'colcon_meta'
[0.372s] Level 1:colcon.colcon_core.package_identification:_identify(src/turtlebot3_simulations-humble/turtlebot3_gazebo) by extensions ['ros']
[0.372s] Level 1:colcon.colcon_core.package_identification:_identify(src/turtlebot3_simulations-humble/turtlebot3_gazebo) by extension 'ros'
[0.374s] DEBUG:colcon.colcon_core.package_identification:Package 'src/turtlebot3_simulations-humble/turtlebot3_gazebo' with type 'ros.ament_cmake' and name 'turtlebot3_gazebo'
[0.374s] Level 1:colcon.colcon_core.package_identification:_identify(src/turtlebot3_simulations-humble/turtlebot3_simulations) by extensions ['ignore', 'ignore_ament_install']
[0.374s] Level 1:colcon.colcon_core.package_identification:_identify(src/turtlebot3_simulations-humble/turtlebot3_simulations) by extension 'ignore'
[0.374s] Level 1:colcon.colcon_core.package_identification:_identify(src/turtlebot3_simulations-humble/turtlebot3_simulations) by extension 'ignore_ament_install'
[0.374s] Level 1:colcon.colcon_core.package_identification:_identify(src/turtlebot3_simulations-humble/turtlebot3_simulations) by extensions ['colcon_pkg']
[0.374s] Level 1:colcon.colcon_core.package_identification:_identify(src/turtlebot3_simulations-humble/turtlebot3_simulations) by extension 'colcon_pkg'
[0.374s] Level 1:colcon.colcon_core.package_identification:_identify(src/turtlebot3_simulations-humble/turtlebot3_simulations) by extensions ['colcon_meta']
[0.374s] Level 1:colcon.colcon_core.package_identification:_identify(src/turtlebot3_simulations-humble/turtlebot3_simulations) by extension 'colcon_meta'
[0.374s] Level 1:colcon.colcon_core.package_identification:_identify(src/turtlebot3_simulations-humble/turtlebot3_simulations) by extensions ['ros']
[0.374s] Level 1:colcon.colcon_core.package_identification:_identify(src/turtlebot3_simulations-humble/turtlebot3_simulations) by extension 'ros'
[0.375s] DEBUG:colcon.colcon_core.package_identification:Package 'src/turtlebot3_simulations-humble/turtlebot3_simulations' with type 'ros.ament_cmake' and name 'turtlebot3_simulations'
[0.375s] Level 1:colcon.colcon_core.package_identification:_identify(src/yolo_ros) by extensions ['ignore', 'ignore_ament_install']
[0.375s] Level 1:colcon.colcon_core.package_identification:_identify(src/yolo_ros) by extension 'ignore'
[0.375s] Level 1:colcon.colcon_core.package_identification:_identify(src/yolo_ros) by extension 'ignore_ament_install'
[0.375s] Level 1:colcon.colcon_core.package_identification:_identify(src/yolo_ros) by extensions ['colcon_pkg']
[0.375s] Level 1:colcon.colcon_core.package_identification:_identify(src/yolo_ros) by extension 'colcon_pkg'
[0.375s] Level 1:colcon.colcon_core.package_identification:_identify(src/yolo_ros) by extensions ['colcon_meta']
[0.375s] Level 1:colcon.colcon_core.package_identification:_identify(src/yolo_ros) by extension 'colcon_meta'
[0.376s] Level 1:colcon.colcon_core.package_identification:_identify(src/yolo_ros) by extensions ['ros']
[0.376s] Level 1:colcon.colcon_core.package_identification:_identify(src/yolo_ros) by extension 'ros'
[0.376s] Level 1:colcon.colcon_core.package_identification:_identify(src/yolo_ros) by extensions ['cmake', 'python']
[0.376s] Level 1:colcon.colcon_core.package_identification:_identify(src/yolo_ros) by extension 'cmake'
[0.376s] Level 1:colcon.colcon_core.package_identification:_identify(src/yolo_ros) by extension 'python'
[0.376s] Level 1:colcon.colcon_core.package_identification:_identify(src/yolo_ros) by extensions ['python_setup_py']
[0.376s] Level 1:colcon.colcon_core.package_identification:_identify(src/yolo_ros) by extension 'python_setup_py'
[0.376s] Level 1:colcon.colcon_core.package_identification:_identify(src/yolo_ros/docs) by extensions ['ignore', 'ignore_ament_install']
[0.376s] Level 1:colcon.colcon_core.package_identification:_identify(src/yolo_ros/docs) by extension 'ignore'
[0.376s] Level 1:colcon.colcon_core.package_identification:_identify(src/yolo_ros/docs) by extension 'ignore_ament_install'
[0.376s] Level 1:colcon.colcon_core.package_identification:_identify(src/yolo_ros/docs) by extensions ['colcon_pkg']
[0.376s] Level 1:colcon.colcon_core.package_identification:_identify(src/yolo_ros/docs) by extension 'colcon_pkg'
[0.376s] Level 1:colcon.colcon_core.package_identification:_identify(src/yolo_ros/docs) by extensions ['colcon_meta']
[0.376s] Level 1:colcon.colcon_core.package_identification:_identify(src/yolo_ros/docs) by extension 'colcon_meta'
[0.376s] Level 1:colcon.colcon_core.package_identification:_identify(src/yolo_ros/docs) by extensions ['ros']
[0.376s] Level 1:colcon.colcon_core.package_identification:_identify(src/yolo_ros/docs) by extension 'ros'
[0.376s] Level 1:colcon.colcon_core.package_identification:_identify(src/yolo_ros/docs) by extensions ['cmake', 'python']
[0.376s] Level 1:colcon.colcon_core.package_identification:_identify(src/yolo_ros/docs) by extension 'cmake'
[0.376s] Level 1:colcon.colcon_core.package_identification:_identify(src/yolo_ros/docs) by extension 'python'
[0.377s] Level 1:colcon.colcon_core.package_identification:_identify(src/yolo_ros/docs) by extensions ['python_setup_py']
[0.377s] Level 1:colcon.colcon_core.package_identification:_identify(src/yolo_ros/docs) by extension 'python_setup_py'
[0.377s] Level 1:colcon.colcon_core.package_identification:_identify(src/yolo_ros/yolo_bringup) by extensions ['ignore', 'ignore_ament_install']
[0.377s] Level 1:colcon.colcon_core.package_identification:_identify(src/yolo_ros/yolo_bringup) by extension 'ignore'
[0.377s] Level 1:colcon.colcon_core.package_identification:_identify(src/yolo_ros/yolo_bringup) by extension 'ignore_ament_install'
[0.377s] Level 1:colcon.colcon_core.package_identification:_identify(src/yolo_ros/yolo_bringup) by extensions ['colcon_pkg']
[0.377s] Level 1:colcon.colcon_core.package_identification:_identify(src/yolo_ros/yolo_bringup) by extension 'colcon_pkg'
[0.377s] Level 1:colcon.colcon_core.package_identification:_identify(src/yolo_ros/yolo_bringup) by extensions ['colcon_meta']
[0.377s] Level 1:colcon.colcon_core.package_identification:_identify(src/yolo_ros/yolo_bringup) by extension 'colcon_meta'
[0.377s] Level 1:colcon.colcon_core.package_identification:_identify(src/yolo_ros/yolo_bringup) by extensions ['ros']
[0.377s] Level 1:colcon.colcon_core.package_identification:_identify(src/yolo_ros/yolo_bringup) by extension 'ros'
[0.378s] DEBUG:colcon.colcon_core.package_identification:Package 'src/yolo_ros/yolo_bringup' with type 'ros.ament_cmake' and name 'yolo_bringup'
[0.378s] Level 1:colcon.colcon_core.package_identification:_identify(src/yolo_ros/yolo_msgs) by extensions ['ignore', 'ignore_ament_install']
[0.378s] Level 1:colcon.colcon_core.package_identification:_identify(src/yolo_ros/yolo_msgs) by extension 'ignore'
[0.378s] Level 1:colcon.colcon_core.package_identification:_identify(src/yolo_ros/yolo_msgs) by extension 'ignore_ament_install'
[0.379s] Level 1:colcon.colcon_core.package_identification:_identify(src/yolo_ros/yolo_msgs) by extensions ['colcon_pkg']
[0.379s] Level 1:colcon.colcon_core.package_identification:_identify(src/yolo_ros/yolo_msgs) by extension 'colcon_pkg'
[0.379s] Level 1:colcon.colcon_core.package_identification:_identify(src/yolo_ros/yolo_msgs) by extensions ['colcon_meta']
[0.379s] Level 1:colcon.colcon_core.package_identification:_identify(src/yolo_ros/yolo_msgs) by extension 'colcon_meta'
[0.379s] Level 1:colcon.colcon_core.package_identification:_identify(src/yolo_ros/yolo_msgs) by extensions ['ros']
[0.379s] Level 1:colcon.colcon_core.package_identification:_identify(src/yolo_ros/yolo_msgs) by extension 'ros'
[0.380s] DEBUG:colcon.colcon_core.package_identification:Package 'src/yolo_ros/yolo_msgs' with type 'ros.ament_cmake' and name 'yolo_msgs'
[0.380s] Level 1:colcon.colcon_core.package_identification:_identify(src/yolo_ros/yolo_ros) by extensions ['ignore', 'ignore_ament_install']
[0.380s] Level 1:colcon.colcon_core.package_identification:_identify(src/yolo_ros/yolo_ros) by extension 'ignore'
[0.380s] Level 1:colcon.colcon_core.package_identification:_identify(src/yolo_ros/yolo_ros) by extension 'ignore_ament_install'
[0.380s] Level 1:colcon.colcon_core.package_identification:_identify(src/yolo_ros/yolo_ros) by extensions ['colcon_pkg']
[0.380s] Level 1:colcon.colcon_core.package_identification:_identify(src/yolo_ros/yolo_ros) by extension 'colcon_pkg'
[0.380s] Level 1:colcon.colcon_core.package_identification:_identify(src/yolo_ros/yolo_ros) by extensions ['colcon_meta']
[0.381s] Level 1:colcon.colcon_core.package_identification:_identify(src/yolo_ros/yolo_ros) by extension 'colcon_meta'
[0.381s] Level 1:colcon.colcon_core.package_identification:_identify(src/yolo_ros/yolo_ros) by extensions ['ros']
[0.381s] Level 1:colcon.colcon_core.package_identification:_identify(src/yolo_ros/yolo_ros) by extension 'ros'
[0.382s] DEBUG:colcon.colcon_core.package_identification:Package 'src/yolo_ros/yolo_ros' with type 'ros.ament_python' and name 'yolo_ros'
[0.382s] Level 1:colcon.colcon_core.package_discovery:discover_packages(recursive) using defaults
[0.382s] Level 1:colcon.colcon_core.package_discovery:discover_packages(ignore) discover
[0.382s] Level 1:colcon.colcon_core.package_discovery:discover_packages(ignore) using defaults
[0.382s] Level 1:colcon.colcon_core.package_discovery:discover_packages(path) discover
[0.382s] Level 1:colcon.colcon_core.package_discovery:discover_packages(path) using defaults
[0.431s] Level 1:colcon.colcon_core.package_discovery:discover_packages(prefix_path) check parameters
[0.431s] Level 1:colcon.colcon_core.package_discovery:discover_packages(prefix_path) discover
[0.433s] WARNING:colcon.colcon_ros.prefix_path.ament:The path '/home/j/e2e_ws/install/delbot' in the environment variable AMENT_PREFIX_PATH doesn't exist
[0.433s] WARNING:colcon.colcon_ros.prefix_path.catkin:The path '/home/j/e2e_ws/install/image_fusion_node' in the environment variable CMAKE_PREFIX_PATH doesn't exist
[0.433s] WARNING:colcon.colcon_ros.prefix_path.catkin:The path '/home/j/e2e_ws/install/delbot' in the environment variable CMAKE_PREFIX_PATH doesn't exist
[0.435s] DEBUG:colcon.colcon_installed_package_information.package_discovery:Found 10 installed packages in /home/j/e2e_ws/install
[0.437s] DEBUG:colcon.colcon_installed_package_information.package_discovery:Found 318 installed packages in /opt/ros/humble
[0.439s] Level 1:colcon.colcon_core.package_discovery:discover_packages(prefix_path) using defaults
[0.496s] Level 5:colcon.colcon_core.verb:set package 'e2e_meta' build argument 'cmake_args' from command line to 'None'
[0.497s] Level 5:colcon.colcon_core.verb:set package 'e2e_meta' build argument 'cmake_target' from command line to 'None'
[0.497s] Level 5:colcon.colcon_core.verb:set package 'e2e_meta' build argument 'cmake_target_skip_unavailable' from command line to 'False'
[0.497s] Level 5:colcon.colcon_core.verb:set package 'e2e_meta' build argument 'cmake_clean_cache' from command line to 'False'
[0.497s] Level 5:colcon.colcon_core.verb:set package 'e2e_meta' build argument 'cmake_clean_first' from command line to 'False'
[0.497s] Level 5:colcon.colcon_core.verb:set package 'e2e_meta' build argument 'cmake_force_configure' from command line to 'False'
[0.497s] Level 5:colcon.colcon_core.verb:set package 'e2e_meta' build argument 'ament_cmake_args' from command line to 'None'
[0.497s] Level 5:colcon.colcon_core.verb:set package 'e2e_meta' build argument 'catkin_cmake_args' from command line to 'None'
[0.497s] Level 5:colcon.colcon_core.verb:set package 'e2e_meta' build argument 'catkin_skip_building_tests' from command line to 'False'
[0.497s] DEBUG:colcon.colcon_core.verb:Building package 'e2e_meta' with the following arguments: {'ament_cmake_args': None, 'build_base': '/home/j/e2e_ws/build/e2e_meta', 'catkin_cmake_args': None, 'catkin_skip_building_tests': False, 'cmake_args': None, 'cmake_clean_cache': False, 'cmake_clean_first': False, 'cmake_force_configure': False, 'cmake_target': None, 'cmake_target_skip_unavailable': False, 'install_base': '/home/j/e2e_ws/install/e2e_meta', 'merge_install': False, 'path': '/home/j/e2e_ws/src/e2e_meta', 'symlink_install': False, 'test_result_base': None}
[0.498s] Level 5:colcon.colcon_core.verb:set package 'ros2_aruco' build argument 'cmake_args' from command line to 'None'
[0.498s] Level 5:colcon.colcon_core.verb:set package 'ros2_aruco' build argument 'cmake_target' from command line to 'None'
[0.498s] Level 5:colcon.colcon_core.verb:set package 'ros2_aruco' build argument 'cmake_target_skip_unavailable' from command line to 'False'
[0.498s] Level 5:colcon.colcon_core.verb:set package 'ros2_aruco' build argument 'cmake_clean_cache' from command line to 'False'
[0.498s] Level 5:colcon.colcon_core.verb:set package 'ros2_aruco' build argument 'cmake_clean_first' from command line to 'False'
[0.498s] Level 5:colcon.colcon_core.verb:set package 'ros2_aruco' build argument 'cmake_force_configure' from command line to 'False'
[0.499s] Level 5:colcon.colcon_core.verb:set package 'ros2_aruco' build argument 'ament_cmake_args' from command line to 'None'
[0.499s] Level 5:colcon.colcon_core.verb:set package 'ros2_aruco' build argument 'catkin_cmake_args' from command line to 'None'
[0.499s] Level 5:colcon.colcon_core.verb:set package 'ros2_aruco' build argument 'catkin_skip_building_tests' from command line to 'False'
[0.499s] DEBUG:colcon.colcon_core.verb:Building package 'ros2_aruco' with the following arguments: {'ament_cmake_args': None, 'build_base': '/home/j/e2e_ws/build/ros2_aruco', 'catkin_cmake_args': None, 'catkin_skip_building_tests': False, 'cmake_args': None, 'cmake_clean_cache': False, 'cmake_clean_first': False, 'cmake_force_configure': False, 'cmake_target': None, 'cmake_target_skip_unavailable': False, 'install_base': '/home/j/e2e_ws/install/ros2_aruco', 'merge_install': False, 'path': '/home/j/e2e_ws/src/ros2_aruco/ros2_aruco', 'symlink_install': False, 'test_result_base': None}
[0.500s] Level 5:colcon.colcon_core.verb:set package 'ros2_aruco_interfaces' build argument 'cmake_args' from command line to 'None'
[0.500s] Level 5:colcon.colcon_core.verb:set package 'ros2_aruco_interfaces' build argument 'cmake_target' from command line to 'None'
[0.500s] Level 5:colcon.colcon_core.verb:set package 'ros2_aruco_interfaces' build argument 'cmake_target_skip_unavailable' from command line to 'False'
[0.500s] Level 5:colcon.colcon_core.verb:set package 'ros2_aruco_interfaces' build argument 'cmake_clean_cache' from command line to 'False'
[0.500s] Level 5:colcon.colcon_core.verb:set package 'ros2_aruco_interfaces' build argument 'cmake_clean_first' from command line to 'False'
[0.500s] Level 5:colcon.colcon_core.verb:set package 'ros2_aruco_interfaces' build argument 'cmake_force_configure' from command line to 'False'
[0.500s] Level 5:colcon.colcon_core.verb:set package 'ros2_aruco_interfaces' build argument 'ament_cmake_args' from command line to 'None'
[0.500s] Level 5:colcon.colcon_core.verb:set package 'ros2_aruco_interfaces' build argument 'catkin_cmake_args' from command line to 'None'
[0.500s] Level 5:colcon.colcon_core.verb:set package 'ros2_aruco_interfaces' build argument 'catkin_skip_building_tests' from command line to 'False'
[0.500s] DEBUG:colcon.colcon_core.verb:Building package 'ros2_aruco_interfaces' with the following arguments: {'ament_cmake_args': None, 'build_base': '/home/j/e2e_ws/build/ros2_aruco_interfaces', 'catkin_cmake_args': None, 'catkin_skip_building_tests': False, 'cmake_args': None, 'cmake_clean_cache': False, 'cmake_clean_first': False, 'cmake_force_configure': False, 'cmake_target': None, 'cmake_target_skip_unavailable': False, 'install_base': '/home/j/e2e_ws/install/ros2_aruco_interfaces', 'merge_install': False, 'path': '/home/j/e2e_ws/src/ros2_aruco/ros2_aruco_interfaces', 'symlink_install': False, 'test_result_base': None}
[0.501s] Level 5:colcon.colcon_core.verb:set package 'turtlebot3_fake_node' build argument 'cmake_args' from command line to 'None'
[0.501s] Level 5:colcon.colcon_core.verb:set package 'turtlebot3_fake_node' build argument 'cmake_target' from command line to 'None'
[0.501s] Level 5:colcon.colcon_core.verb:set package 'turtlebot3_fake_node' build argument 'cmake_target_skip_unavailable' from command line to 'False'
[0.501s] Level 5:colcon.colcon_core.verb:set package 'turtlebot3_fake_node' build argument 'cmake_clean_cache' from command line to 'False'
[0.501s] Level 5:colcon.colcon_core.verb:set package 'turtlebot3_fake_node' build argument 'cmake_clean_first' from command line to 'False'
[0.501s] Level 5:colcon.colcon_core.verb:set package 'turtlebot3_fake_node' build argument 'cmake_force_configure' from command line to 'False'
[0.501s] Level 5:colcon.colcon_core.verb:set package 'turtlebot3_fake_node' build argument 'ament_cmake_args' from command line to 'None'
[0.501s] Level 5:colcon.colcon_core.verb:set package 'turtlebot3_fake_node' build argument 'catkin_cmake_args' from command line to 'None'
[0.501s] Level 5:colcon.colcon_core.verb:set package 'turtlebot3_fake_node' build argument 'catkin_skip_building_tests' from command line to 'False'
[0.501s] DEBUG:colcon.colcon_core.verb:Building package 'turtlebot3_fake_node' with the following arguments: {'ament_cmake_args': None, 'build_base': '/home/j/e2e_ws/build/turtlebot3_fake_node', 'catkin_cmake_args': None, 'catkin_skip_building_tests': False, 'cmake_args': None, 'cmake_clean_cache': False, 'cmake_clean_first': False, 'cmake_force_configure': False, 'cmake_target': None, 'cmake_target_skip_unavailable': False, 'install_base': '/home/j/e2e_ws/install/turtlebot3_fake_node', 'merge_install': False, 'path': '/home/j/e2e_ws/src/turtlebot3_simulations-humble/turtlebot3_fake_node', 'symlink_install': False, 'test_result_base': None}
[0.502s] Level 5:colcon.colcon_core.verb:set package 'turtlebot3_gazebo' build argument 'cmake_args' from command line to 'None'
[0.502s] Level 5:colcon.colcon_core.verb:set package 'turtlebot3_gazebo' build argument 'cmake_target' from command line to 'None'
[0.502s] Level 5:colcon.colcon_core.verb:set package 'turtlebot3_gazebo' build argument 'cmake_target_skip_unavailable' from command line to 'False'
[0.502s] Level 5:colcon.colcon_core.verb:set package 'turtlebot3_gazebo' build argument 'cmake_clean_cache' from command line to 'False'
[0.502s] Level 5:colcon.colcon_core.verb:set package 'turtlebot3_gazebo' build argument 'cmake_clean_first' from command line to 'False'
[0.502s] Level 5:colcon.colcon_core.verb:set package 'turtlebot3_gazebo' build argument 'cmake_force_configure' from command line to 'False'
[0.502s] Level 5:colcon.colcon_core.verb:set package 'turtlebot3_gazebo' build argument 'ament_cmake_args' from command line to 'None'
[0.502s] Level 5:colcon.colcon_core.verb:set package 'turtlebot3_gazebo' build argument 'catkin_cmake_args' from command line to 'None'
[0.502s] Level 5:colcon.colcon_core.verb:set package 'turtlebot3_gazebo' build argument 'catkin_skip_building_tests' from command line to 'False'
[0.502s] DEBUG:colcon.colcon_core.verb:Building package 'turtlebot3_gazebo' with the following arguments: {'ament_cmake_args': None, 'build_base': '/home/j/e2e_ws/build/turtlebot3_gazebo', 'catkin_cmake_args': None, 'catkin_skip_building_tests': False, 'cmake_args': None, 'cmake_clean_cache': False, 'cmake_clean_first': False, 'cmake_force_configure': False, 'cmake_target': None, 'cmake_target_skip_unavailable': False, 'install_base': '/home/j/e2e_ws/install/turtlebot3_gazebo', 'merge_install': False, 'path': '/home/j/e2e_ws/src/turtlebot3_simulations-humble/turtlebot3_gazebo', 'symlink_install': False, 'test_result_base': None}
[0.503s] Level 5:colcon.colcon_core.verb:set package 'yolo_msgs' build argument 'cmake_args' from command line to 'None'
[0.503s] Level 5:colcon.colcon_core.verb:set package 'yolo_msgs' build argument 'cmake_target' from command line to 'None'
[0.503s] Level 5:colcon.colcon_core.verb:set package 'yolo_msgs' build argument 'cmake_target_skip_unavailable' from command line to 'False'
[0.503s] Level 5:colcon.colcon_core.verb:set package 'yolo_msgs' build argument 'cmake_clean_cache' from command line to 'False'
[0.503s] Level 5:colcon.colcon_core.verb:set package 'yolo_msgs' build argument 'cmake_clean_first' from command line to 'False'
[0.503s] Level 5:colcon.colcon_core.verb:set package 'yolo_msgs' build argument 'cmake_force_configure' from command line to 'False'
[0.503s] Level 5:colcon.colcon_core.verb:set package 'yolo_msgs' build argument 'ament_cmake_args' from command line to 'None'
[0.503s] Level 5:colcon.colcon_core.verb:set package 'yolo_msgs' build argument 'catkin_cmake_args' from command line to 'None'
[0.503s] Level 5:colcon.colcon_core.verb:set package 'yolo_msgs' build argument 'catkin_skip_building_tests' from command line to 'False'
[0.503s] DEBUG:colcon.colcon_core.verb:Building package 'yolo_msgs' with the following arguments: {'ament_cmake_args': None, 'build_base': '/home/j/e2e_ws/build/yolo_msgs', 'catkin_cmake_args': None, 'catkin_skip_building_tests': False, 'cmake_args': None, 'cmake_clean_cache': False, 'cmake_clean_first': False, 'cmake_force_configure': False, 'cmake_target': None, 'cmake_target_skip_unavailable': False, 'install_base': '/home/j/e2e_ws/install/yolo_msgs', 'merge_install': False, 'path': '/home/j/e2e_ws/src/yolo_ros/yolo_msgs', 'symlink_install': False, 'test_result_base': None}
[0.504s] Level 5:colcon.colcon_core.verb:set package 'image_fusion' build argument 'cmake_args' from command line to 'None'
[0.504s] Level 5:colcon.colcon_core.verb:set package 'image_fusion' build argument 'cmake_target' from command line to 'None'
[0.504s] Level 5:colcon.colcon_core.verb:set package 'image_fusion' build argument 'cmake_target_skip_unavailable' from command line to 'False'
[0.504s] Level 5:colcon.colcon_core.verb:set package 'image_fusion' build argument 'cmake_clean_cache' from command line to 'False'
[0.504s] Level 5:colcon.colcon_core.verb:set package 'image_fusion' build argument 'cmake_clean_first' from command line to 'False'
[0.504s] Level 5:colcon.colcon_core.verb:set package 'image_fusion' build argument 'cmake_force_configure' from command line to 'False'
[0.504s] Level 5:colcon.colcon_core.verb:set package 'image_fusion' build argument 'ament_cmake_args' from command line to 'None'
[0.504s] Level 5:colcon.colcon_core.verb:set package 'image_fusion' build argument 'catkin_cmake_args' from command line to 'None'
[0.504s] Level 5:colcon.colcon_core.verb:set package 'image_fusion' build argument 'catkin_skip_building_tests' from command line to 'False'
[0.504s] DEBUG:colcon.colcon_core.verb:Building package 'image_fusion' with the following arguments: {'ament_cmake_args': None, 'build_base': '/home/j/e2e_ws/build/image_fusion', 'catkin_cmake_args': None, 'catkin_skip_building_tests': False, 'cmake_args': None, 'cmake_clean_cache': False, 'cmake_clean_first': False, 'cmake_force_configure': False, 'cmake_target': None, 'cmake_target_skip_unavailable': False, 'install_base': '/home/j/e2e_ws/install/image_fusion', 'merge_install': False, 'path': '/home/j/e2e_ws/src/image_fusion', 'symlink_install': False, 'test_result_base': None}
[0.505s] Level 5:colcon.colcon_core.verb:set package 'turtlebot3_simulations' build argument 'cmake_args' from command line to 'None'
[0.505s] Level 5:colcon.colcon_core.verb:set package 'turtlebot3_simulations' build argument 'cmake_target' from command line to 'None'
[0.505s] Level 5:colcon.colcon_core.verb:set package 'turtlebot3_simulations' build argument 'cmake_target_skip_unavailable' from command line to 'False'
[0.505s] Level 5:colcon.colcon_core.verb:set package 'turtlebot3_simulations' build argument 'cmake_clean_cache' from command line to 'False'
[0.505s] Level 5:colcon.colcon_core.verb:set package 'turtlebot3_simulations' build argument 'cmake_clean_first' from command line to 'False'
[0.505s] Level 5:colcon.colcon_core.verb:set package 'turtlebot3_simulations' build argument 'cmake_force_configure' from command line to 'False'
[0.505s] Level 5:colcon.colcon_core.verb:set package 'turtlebot3_simulations' build argument 'ament_cmake_args' from command line to 'None'
[0.505s] Level 5:colcon.colcon_core.verb:set package 'turtlebot3_simulations' build argument 'catkin_cmake_args' from command line to 'None'
[0.505s] Level 5:colcon.colcon_core.verb:set package 'turtlebot3_simulations' build argument 'catkin_skip_building_tests' from command line to 'False'
[0.505s] DEBUG:colcon.colcon_core.verb:Building package 'turtlebot3_simulations' with the following arguments: {'ament_cmake_args': None, 'build_base': '/home/j/e2e_ws/build/turtlebot3_simulations', 'catkin_cmake_args': None, 'catkin_skip_building_tests': False, 'cmake_args': None, 'cmake_clean_cache': False, 'cmake_clean_first': False, 'cmake_force_configure': False, 'cmake_target': None, 'cmake_target_skip_unavailable': False, 'install_base': '/home/j/e2e_ws/install/turtlebot3_simulations', 'merge_install': False, 'path': '/home/j/e2e_ws/src/turtlebot3_simulations-humble/turtlebot3_simulations', 'symlink_install': False, 'test_result_base': None}
[0.506s] Level 5:colcon.colcon_core.verb:set package 'yolo_ros' build argument 'cmake_args' from command line to 'None'
[0.506s] Level 5:colcon.colcon_core.verb:set package 'yolo_ros' build argument 'cmake_target' from command line to 'None'
[0.506s] Level 5:colcon.colcon_core.verb:set package 'yolo_ros' build argument 'cmake_target_skip_unavailable' from command line to 'False'
[0.506s] Level 5:colcon.colcon_core.verb:set package 'yolo_ros' build argument 'cmake_clean_cache' from command line to 'False'
[0.506s] Level 5:colcon.colcon_core.verb:set package 'yolo_ros' build argument 'cmake_clean_first' from command line to 'False'
[0.506s] Level 5:colcon.colcon_core.verb:set package 'yolo_ros' build argument 'cmake_force_configure' from command line to 'False'
[0.506s] Level 5:colcon.colcon_core.verb:set package 'yolo_ros' build argument 'ament_cmake_args' from command line to 'None'
[0.506s] Level 5:colcon.colcon_core.verb:set package 'yolo_ros' build argument 'catkin_cmake_args' from command line to 'None'
[0.506s] Level 5:colcon.colcon_core.verb:set package 'yolo_ros' build argument 'catkin_skip_building_tests' from command line to 'False'
[0.506s] DEBUG:colcon.colcon_core.verb:Building package 'yolo_ros' with the following arguments: {'ament_cmake_args': None, 'build_base': '/home/j/e2e_ws/build/yolo_ros', 'catkin_cmake_args': None, 'catkin_skip_building_tests': False, 'cmake_args': None, 'cmake_clean_cache': False, 'cmake_clean_first': False, 'cmake_force_configure': False, 'cmake_target': None, 'cmake_target_skip_unavailable': False, 'install_base': '/home/j/e2e_ws/install/yolo_ros', 'merge_install': False, 'path': '/home/j/e2e_ws/src/yolo_ros/yolo_ros', 'symlink_install': False, 'test_result_base': None}
[0.506s] Level 5:colcon.colcon_core.verb:set package 'yolo_bringup' build argument 'cmake_args' from command line to 'None'
[0.506s] Level 5:colcon.colcon_core.verb:set package 'yolo_bringup' build argument 'cmake_target' from command line to 'None'
[0.506s] Level 5:colcon.colcon_core.verb:set package 'yolo_bringup' build argument 'cmake_target_skip_unavailable' from command line to 'False'
[0.506s] Level 5:colcon.colcon_core.verb:set package 'yolo_bringup' build argument 'cmake_clean_cache' from command line to 'False'
[0.506s] Level 5:colcon.colcon_core.verb:set package 'yolo_bringup' build argument 'cmake_clean_first' from command line to 'False'
[0.507s] Level 5:colcon.colcon_core.verb:set package 'yolo_bringup' build argument 'cmake_force_configure' from command line to 'False'
[0.507s] Level 5:colcon.colcon_core.verb:set package 'yolo_bringup' build argument 'ament_cmake_args' from command line to 'None'
[0.507s] Level 5:colcon.colcon_core.verb:set package 'yolo_bringup' build argument 'catkin_cmake_args' from command line to 'None'
[0.507s] Level 5:colcon.colcon_core.verb:set package 'yolo_bringup' build argument 'catkin_skip_building_tests' from command line to 'False'
[0.507s] DEBUG:colcon.colcon_core.verb:Building package 'yolo_bringup' with the following arguments: {'ament_cmake_args': None, 'build_base': '/home/j/e2e_ws/build/yolo_bringup', 'catkin_cmake_args': None, 'catkin_skip_building_tests': False, 'cmake_args': None, 'cmake_clean_cache': False, 'cmake_clean_first': False, 'cmake_force_configure': False, 'cmake_target': None, 'cmake_target_skip_unavailable': False, 'install_base': '/home/j/e2e_ws/install/yolo_bringup', 'merge_install': False, 'path': '/home/j/e2e_ws/src/yolo_ros/yolo_bringup', 'symlink_install': False, 'test_result_base': None}
[0.507s] INFO:colcon.colcon_core.executor:Executing jobs using 'parallel' executor
[0.509s] DEBUG:colcon.colcon_parallel_executor.executor.parallel:run_until_complete
[0.509s] INFO:colcon.colcon_ros.task.ament_cmake.build:Building ROS package in '/home/j/e2e_ws/src/yolo_ros/yolo_msgs' with build type 'ament_cmake'
[0.509s] INFO:colcon.colcon_cmake.task.cmake.build:Building CMake package in '/home/j/e2e_ws/src/yolo_ros/yolo_msgs'
[0.513s] INFO:colcon.colcon_core.plugin_system:Skipping extension 'colcon_core.shell.bat': Not used on non-Windows systems
[0.513s] INFO:colcon.colcon_core.shell:Skip shell extension 'powershell' for command environment: Not usable outside of PowerShell
[0.513s] DEBUG:colcon.colcon_core.shell:Skip shell extension 'dsv' for command environment
[0.518s] INFO:colcon.colcon_ros.task.ament_cmake.build:Building ROS package in '/home/j/e2e_ws/src/turtlebot3_simulations-humble/turtlebot3_fake_node' with build type 'ament_cmake'
[0.519s] INFO:colcon.colcon_cmake.task.cmake.build:Building CMake package in '/home/j/e2e_ws/src/turtlebot3_simulations-humble/turtlebot3_fake_node'
[0.519s] INFO:colcon.colcon_core.shell:Skip shell extension 'powershell' for command environment: Not usable outside of PowerShell
[0.519s] DEBUG:colcon.colcon_core.shell:Skip shell extension 'dsv' for command environment
[0.526s] INFO:colcon.colcon_ros.task.ament_cmake.build:Building ROS package in '/home/j/e2e_ws/src/turtlebot3_simulations-humble/turtlebot3_gazebo' with build type 'ament_cmake'
[0.527s] INFO:colcon.colcon_cmake.task.cmake.build:Building CMake package in '/home/j/e2e_ws/src/turtlebot3_simulations-humble/turtlebot3_gazebo'
[0.529s] INFO:colcon.colcon_core.shell:Skip shell extension 'powershell' for command environment: Not usable outside of PowerShell
[0.529s] DEBUG:colcon.colcon_core.shell:Skip shell extension 'dsv' for command environment
[0.535s] INFO:colcon.colcon_ros.task.ament_cmake.build:Building ROS package in '/home/j/e2e_ws/src/e2e_meta' with build type 'ament_cmake'
[0.535s] INFO:colcon.colcon_cmake.task.cmake.build:Building CMake package in '/home/j/e2e_ws/src/e2e_meta'
[0.535s] INFO:colcon.colcon_core.shell:Skip shell extension 'powershell' for command environment: Not usable outside of PowerShell
[0.535s] DEBUG:colcon.colcon_core.shell:Skip shell extension 'dsv' for command environment
[0.546s] INFO:colcon.colcon_ros.task.ament_python.build:Building ROS package in '/home/j/e2e_ws/src/ros2_aruco/ros2_aruco' with build type 'ament_python'
[0.546s] Level 1:colcon.colcon_core.shell:create_environment_hook('ros2_aruco', 'ament_prefix_path')
[0.546s] INFO:colcon.colcon_core.shell:Creating environment hook '/home/j/e2e_ws/install/ros2_aruco/share/ros2_aruco/hook/ament_prefix_path.ps1'
[0.547s] INFO:colcon.colcon_core.shell:Creating environment descriptor '/home/j/e2e_ws/install/ros2_aruco/share/ros2_aruco/hook/ament_prefix_path.dsv'
[0.548s] INFO:colcon.colcon_core.shell:Creating environment hook '/home/j/e2e_ws/install/ros2_aruco/share/ros2_aruco/hook/ament_prefix_path.sh'
[0.550s] INFO:colcon.colcon_core.shell:Skip shell extension 'powershell' for command environment: Not usable outside of PowerShell
[0.551s] DEBUG:colcon.colcon_core.shell:Skip shell extension 'dsv' for command environment
[0.555s] INFO:colcon.colcon_ros.task.ament_cmake.build:Building ROS package in '/home/j/e2e_ws/src/ros2_aruco/ros2_aruco_interfaces' with build type 'ament_cmake'
[0.555s] INFO:colcon.colcon_cmake.task.cmake.build:Building CMake package in '/home/j/e2e_ws/src/ros2_aruco/ros2_aruco_interfaces'
[0.556s] INFO:colcon.colcon_core.shell:Skip shell extension 'powershell' for command environment: Not usable outside of PowerShell
[0.556s] DEBUG:colcon.colcon_core.shell:Skip shell extension 'dsv' for command environment
[0.568s] DEBUG:colcon.colcon_core.event_handler.log_command:Invoking command in '/home/j/e2e_ws/build/yolo_msgs': CMAKE_PREFIX_PATH=${CMAKE_PREFIX_PATH}:/home/j/e2e_ws/install/yolo_ros:/home/j/e2e_ws/install/ros2_aruco:/opt/ros/humble /usr/bin/cmake --build /home/j/e2e_ws/build/yolo_msgs -- -j22 -l22
[0.571s] DEBUG:colcon.colcon_core.event_handler.log_command:Invoking command in '/home/j/e2e_ws/build/turtlebot3_fake_node': CMAKE_PREFIX_PATH=${CMAKE_PREFIX_PATH}:/home/j/e2e_ws/install/yolo_ros:/home/j/e2e_ws/install/ros2_aruco:/opt/ros/humble /usr/bin/cmake --build /home/j/e2e_ws/build/turtlebot3_fake_node -- -j22 -l22
[0.575s] DEBUG:colcon.colcon_core.event_handler.log_command:Invoking command in '/home/j/e2e_ws/build/turtlebot3_gazebo': CMAKE_PREFIX_PATH=${CMAKE_PREFIX_PATH}:/home/j/e2e_ws/install/yolo_ros:/home/j/e2e_ws/install/ros2_aruco:/opt/ros/humble /usr/bin/cmake --build /home/j/e2e_ws/build/turtlebot3_gazebo -- -j22 -l22
[0.582s] DEBUG:colcon.colcon_core.event_handler.log_command:Invoking command in '/home/j/e2e_ws/build/e2e_meta': CMAKE_PREFIX_PATH=${CMAKE_PREFIX_PATH}:/home/j/e2e_ws/install/yolo_ros:/home/j/e2e_ws/install/ros2_aruco:/opt/ros/humble /usr/bin/cmake --build /home/j/e2e_ws/build/e2e_meta -- -j22 -l22
[1.003s] INFO:colcon.colcon_core.task.python.build:Building Python package in '/home/j/e2e_ws/src/ros2_aruco/ros2_aruco'
[1.003s] INFO:colcon.colcon_core.shell:Skip shell extension 'powershell' for command environment: Not usable outside of PowerShell
[1.003s] DEBUG:colcon.colcon_core.shell:Skip shell extension 'dsv' for command environment
[1.020s] DEBUG:colcon.colcon_core.event_handler.log_command:Invoking command in '/home/j/e2e_ws/build/ros2_aruco_interfaces': CMAKE_PREFIX_PATH=${CMAKE_PREFIX_PATH}:/home/j/e2e_ws/install/yolo_ros:/home/j/e2e_ws/install/ros2_aruco:/opt/ros/humble /usr/bin/cmake --build /home/j/e2e_ws/build/ros2_aruco_interfaces -- -j22 -l22
[1.020s] DEBUG:colcon.colcon_core.event_handler.log_command:Invoked command in '/home/j/e2e_ws/build/e2e_meta' returned '0': CMAKE_PREFIX_PATH=${CMAKE_PREFIX_PATH}:/home/j/e2e_ws/install/yolo_ros:/home/j/e2e_ws/install/ros2_aruco:/opt/ros/humble /usr/bin/cmake --build /home/j/e2e_ws/build/e2e_meta -- -j22 -l22
[1.032s] DEBUG:colcon.colcon_core.event_handler.log_command:Invoking command in '/home/j/e2e_ws/build/e2e_meta': CMAKE_PREFIX_PATH=${CMAKE_PREFIX_PATH}:/home/j/e2e_ws/install/yolo_ros:/home/j/e2e_ws/install/ros2_aruco:/opt/ros/humble /usr/bin/cmake --install /home/j/e2e_ws/build/e2e_meta
[1.033s] DEBUG:colcon.colcon_core.event_handler.log_command:Invoked command in '/home/j/e2e_ws/build/turtlebot3_fake_node' returned '0': CMAKE_PREFIX_PATH=${CMAKE_PREFIX_PATH}:/home/j/e2e_ws/install/yolo_ros:/home/j/e2e_ws/install/ros2_aruco:/opt/ros/humble /usr/bin/cmake --build /home/j/e2e_ws/build/turtlebot3_fake_node -- -j22 -l22
[1.035s] DEBUG:colcon.colcon_core.event_handler.log_command:Invoking command in '/home/j/e2e_ws/build/turtlebot3_fake_node': CMAKE_PREFIX_PATH=${CMAKE_PREFIX_PATH}:/home/j/e2e_ws/install/yolo_ros:/home/j/e2e_ws/install/ros2_aruco:/opt/ros/humble /usr/bin/cmake --install /home/j/e2e_ws/build/turtlebot3_fake_node
[1.035s] DEBUG:colcon.colcon_core.event_handler.log_command:Invoked command in '/home/j/e2e_ws/build/turtlebot3_gazebo' returned '0': CMAKE_PREFIX_PATH=${CMAKE_PREFIX_PATH}:/home/j/e2e_ws/install/yolo_ros:/home/j/e2e_ws/install/ros2_aruco:/opt/ros/humble /usr/bin/cmake --build /home/j/e2e_ws/build/turtlebot3_gazebo -- -j22 -l22
[1.037s] DEBUG:colcon.colcon_core.event_handler.log_command:Invoking command in '/home/j/e2e_ws/build/turtlebot3_gazebo': CMAKE_PREFIX_PATH=${CMAKE_PREFIX_PATH}:/home/j/e2e_ws/install/yolo_ros:/home/j/e2e_ws/install/ros2_aruco:/opt/ros/humble /usr/bin/cmake --install /home/j/e2e_ws/build/turtlebot3_gazebo
[1.060s] Level 1:colcon.colcon_core.environment:create_environment_scripts_only(turtlebot3_fake_node)
[1.076s] Level 1:colcon.colcon_core.environment:checking '/home/j/e2e_ws/install/turtlebot3_fake_node' for CMake module files
[1.079s] Level 1:colcon.colcon_core.environment:checking '/home/j/e2e_ws/install/turtlebot3_fake_node' for CMake config files
[1.085s] Level 1:colcon.colcon_core.shell:create_environment_hook('turtlebot3_fake_node', 'cmake_prefix_path')
[1.086s] INFO:colcon.colcon_core.shell:Creating environment hook '/home/j/e2e_ws/install/turtlebot3_fake_node/share/turtlebot3_fake_node/hook/cmake_prefix_path.ps1'
[1.087s] INFO:colcon.colcon_core.shell:Creating environment descriptor '/home/j/e2e_ws/install/turtlebot3_fake_node/share/turtlebot3_fake_node/hook/cmake_prefix_path.dsv'
[1.090s] INFO:colcon.colcon_core.shell:Creating environment hook '/home/j/e2e_ws/install/turtlebot3_fake_node/share/turtlebot3_fake_node/hook/cmake_prefix_path.sh'
[1.093s] Level 1:colcon.colcon_core.environment:checking '/home/j/e2e_ws/install/turtlebot3_fake_node/lib'
[1.094s] Level 1:colcon.colcon_core.environment:checking '/home/j/e2e_ws/install/turtlebot3_fake_node/bin'
[1.094s] Level 1:colcon.colcon_core.environment:checking '/home/j/e2e_ws/install/turtlebot3_fake_node/lib/pkgconfig/turtlebot3_fake_node.pc'
[1.094s] Level 1:colcon.colcon_core.environment:checking '/home/j/e2e_ws/install/turtlebot3_fake_node/lib/python3.10/site-packages'
[1.095s] Level 1:colcon.colcon_core.environment:checking '/home/j/e2e_ws/install/turtlebot3_fake_node/bin'
[1.096s] INFO:colcon.colcon_core.shell:Creating package script '/home/j/e2e_ws/install/turtlebot3_fake_node/share/turtlebot3_fake_node/package.ps1'
[1.098s] INFO:colcon.colcon_core.shell:Creating package descriptor '/home/j/e2e_ws/install/turtlebot3_fake_node/share/turtlebot3_fake_node/package.dsv'
[1.099s] INFO:colcon.colcon_core.shell:Creating package script '/home/j/e2e_ws/install/turtlebot3_fake_node/share/turtlebot3_fake_node/package.sh'
[1.101s] DEBUG:colcon.colcon_core.event_handler.log_command:Invoked command in '/home/j/e2e_ws/build/turtlebot3_fake_node' returned '0': CMAKE_PREFIX_PATH=${CMAKE_PREFIX_PATH}:/home/j/e2e_ws/install/yolo_ros:/home/j/e2e_ws/install/ros2_aruco:/opt/ros/humble /usr/bin/cmake --install /home/j/e2e_ws/build/turtlebot3_fake_node
[1.101s] INFO:colcon.colcon_core.shell:Creating package script '/home/j/e2e_ws/install/turtlebot3_fake_node/share/turtlebot3_fake_node/package.bash'
[1.103s] INFO:colcon.colcon_core.shell:Creating package script '/home/j/e2e_ws/install/turtlebot3_fake_node/share/turtlebot3_fake_node/package.zsh'
[1.104s] Level 1:colcon.colcon_core.environment:create_file_with_runtime_dependencies(/home/j/e2e_ws/install/turtlebot3_fake_node/share/colcon-core/packages/turtlebot3_fake_node)
[1.112s] Level 1:colcon.colcon_core.environment:create_environment_scripts_only(turtlebot3_fake_node)
[1.113s] Level 1:colcon.colcon_core.environment:checking '/home/j/e2e_ws/install/turtlebot3_fake_node' for CMake module files
[1.117s] Level 1:colcon.colcon_core.environment:checking '/home/j/e2e_ws/install/turtlebot3_fake_node' for CMake config files
[1.121s] Level 1:colcon.colcon_core.shell:create_environment_hook('turtlebot3_fake_node', 'cmake_prefix_path')
[1.122s] INFO:colcon.colcon_core.shell:Creating environment hook '/home/j/e2e_ws/install/turtlebot3_fake_node/share/turtlebot3_fake_node/hook/cmake_prefix_path.ps1'
[1.123s] INFO:colcon.colcon_core.shell:Creating environment descriptor '/home/j/e2e_ws/install/turtlebot3_fake_node/share/turtlebot3_fake_node/hook/cmake_prefix_path.dsv'
[1.123s] INFO:colcon.colcon_core.shell:Creating environment hook '/home/j/e2e_ws/install/turtlebot3_fake_node/share/turtlebot3_fake_node/hook/cmake_prefix_path.sh'
[1.124s] Level 1:colcon.colcon_core.environment:checking '/home/j/e2e_ws/install/turtlebot3_fake_node/lib'
[1.124s] Level 1:colcon.colcon_core.environment:checking '/home/j/e2e_ws/install/turtlebot3_fake_node/bin'
[1.124s] Level 1:colcon.colcon_core.environment:checking '/home/j/e2e_ws/install/turtlebot3_fake_node/lib/pkgconfig/turtlebot3_fake_node.pc'
[1.125s] Level 1:colcon.colcon_core.environment:checking '/home/j/e2e_ws/install/turtlebot3_fake_node/lib/python3.10/site-packages'
[1.125s] Level 1:colcon.colcon_core.environment:checking '/home/j/e2e_ws/install/turtlebot3_fake_node/bin'
[1.126s] INFO:colcon.colcon_core.shell:Creating package script '/home/j/e2e_ws/install/turtlebot3_fake_node/share/turtlebot3_fake_node/package.ps1'
[1.127s] INFO:colcon.colcon_core.shell:Creating package descriptor '/home/j/e2e_ws/install/turtlebot3_fake_node/share/turtlebot3_fake_node/package.dsv'
[1.127s] INFO:colcon.colcon_core.shell:Creating package script '/home/j/e2e_ws/install/turtlebot3_fake_node/share/turtlebot3_fake_node/package.sh'
[1.128s] INFO:colcon.colcon_core.shell:Creating package script '/home/j/e2e_ws/install/turtlebot3_fake_node/share/turtlebot3_fake_node/package.bash'
[1.129s] INFO:colcon.colcon_core.shell:Creating package script '/home/j/e2e_ws/install/turtlebot3_fake_node/share/turtlebot3_fake_node/package.zsh'
[1.129s] Level 1:colcon.colcon_core.environment:create_file_with_runtime_dependencies(/home/j/e2e_ws/install/turtlebot3_fake_node/share/colcon-core/packages/turtlebot3_fake_node)
[1.131s] Level 1:colcon.colcon_core.environment:create_environment_scripts_only(e2e_meta)
[1.132s] Level 1:colcon.colcon_core.environment:checking '/home/j/e2e_ws/install/e2e_meta' for CMake module files
[1.134s] DEBUG:colcon.colcon_core.event_handler.log_command:Invoked command in '/home/j/e2e_ws/build/e2e_meta' returned '0': CMAKE_PREFIX_PATH=${CMAKE_PREFIX_PATH}:/home/j/e2e_ws/install/yolo_ros:/home/j/e2e_ws/install/ros2_aruco:/opt/ros/humble /usr/bin/cmake --install /home/j/e2e_ws/build/e2e_meta
[1.135s] Level 1:colcon.colcon_core.environment:checking '/home/j/e2e_ws/install/e2e_meta' for CMake config files
[1.136s] Level 1:colcon.colcon_core.shell:create_environment_hook('e2e_meta', 'cmake_prefix_path')
[1.137s] INFO:colcon.colcon_core.shell:Creating environment hook '/home/j/e2e_ws/install/e2e_meta/share/e2e_meta/hook/cmake_prefix_path.ps1'
[1.139s] INFO:colcon.colcon_core.shell:Creating environment descriptor '/home/j/e2e_ws/install/e2e_meta/share/e2e_meta/hook/cmake_prefix_path.dsv'
[1.140s] INFO:colcon.colcon_core.shell:Creating environment hook '/home/j/e2e_ws/install/e2e_meta/share/e2e_meta/hook/cmake_prefix_path.sh'
[1.141s] Level 1:colcon.colcon_core.environment:checking '/home/j/e2e_ws/install/e2e_meta/bin'
[1.141s] Level 1:colcon.colcon_core.environment:checking '/home/j/e2e_ws/install/e2e_meta/lib/pkgconfig/e2e_meta.pc'
[1.142s] Level 1:colcon.colcon_core.environment:checking '/home/j/e2e_ws/install/e2e_meta/lib/python3.10/site-packages'
[1.143s] Level 1:colcon.colcon_core.environment:checking '/home/j/e2e_ws/install/e2e_meta/bin'
[1.144s] INFO:colcon.colcon_core.shell:Creating package script '/home/j/e2e_ws/install/e2e_meta/share/e2e_meta/package.ps1'
[1.145s] INFO:colcon.colcon_core.shell:Creating package descriptor '/home/j/e2e_ws/install/e2e_meta/share/e2e_meta/package.dsv'
[1.146s] INFO:colcon.colcon_core.shell:Creating package script '/home/j/e2e_ws/install/e2e_meta/share/e2e_meta/package.sh'
[1.146s] INFO:colcon.colcon_core.shell:Creating package script '/home/j/e2e_ws/install/e2e_meta/share/e2e_meta/package.bash'
[1.149s] INFO:colcon.colcon_core.shell:Creating package script '/home/j/e2e_ws/install/e2e_meta/share/e2e_meta/package.zsh'
[1.150s] Level 1:colcon.colcon_core.environment:create_file_with_runtime_dependencies(/home/j/e2e_ws/install/e2e_meta/share/colcon-core/packages/e2e_meta)
[1.151s] Level 1:colcon.colcon_core.environment:create_environment_scripts_only(e2e_meta)
[1.152s] Level 1:colcon.colcon_core.environment:checking '/home/j/e2e_ws/install/e2e_meta' for CMake module files
[1.153s] Level 1:colcon.colcon_core.environment:checking '/home/j/e2e_ws/install/e2e_meta' for CMake config files
[1.153s] Level 1:colcon.colcon_core.shell:create_environment_hook('e2e_meta', 'cmake_prefix_path')
[1.154s] INFO:colcon.colcon_core.shell:Creating environment hook '/home/j/e2e_ws/install/e2e_meta/share/e2e_meta/hook/cmake_prefix_path.ps1'
[1.154s] INFO:colcon.colcon_core.shell:Creating environment descriptor '/home/j/e2e_ws/install/e2e_meta/share/e2e_meta/hook/cmake_prefix_path.dsv'
[1.155s] INFO:colcon.colcon_core.shell:Creating environment hook '/home/j/e2e_ws/install/e2e_meta/share/e2e_meta/hook/cmake_prefix_path.sh'
[1.156s] Level 1:colcon.colcon_core.environment:checking '/home/j/e2e_ws/install/e2e_meta/bin'
[1.156s] Level 1:colcon.colcon_core.environment:checking '/home/j/e2e_ws/install/e2e_meta/lib/pkgconfig/e2e_meta.pc'
[1.156s] Level 1:colcon.colcon_core.environment:checking '/home/j/e2e_ws/install/e2e_meta/lib/python3.10/site-packages'
[1.156s] Level 1:colcon.colcon_core.environment:checking '/home/j/e2e_ws/install/e2e_meta/bin'
[1.157s] INFO:colcon.colcon_core.shell:Creating package script '/home/j/e2e_ws/install/e2e_meta/share/e2e_meta/package.ps1'
[1.158s] INFO:colcon.colcon_core.shell:Creating package descriptor '/home/j/e2e_ws/install/e2e_meta/share/e2e_meta/package.dsv'
[1.159s] INFO:colcon.colcon_core.shell:Creating package script '/home/j/e2e_ws/install/e2e_meta/share/e2e_meta/package.sh'
[1.160s] INFO:colcon.colcon_core.shell:Creating package script '/home/j/e2e_ws/install/e2e_meta/share/e2e_meta/package.bash'
[1.160s] INFO:colcon.colcon_core.shell:Creating package script '/home/j/e2e_ws/install/e2e_meta/share/e2e_meta/package.zsh'
[1.161s] Level 1:colcon.colcon_core.environment:create_file_with_runtime_dependencies(/home/j/e2e_ws/install/e2e_meta/share/colcon-core/packages/e2e_meta)
[1.163s] Level 1:colcon.colcon_core.environment:create_environment_scripts_only(turtlebot3_gazebo)
[1.163s] Level 1:colcon.colcon_core.environment:checking '/home/j/e2e_ws/install/turtlebot3_gazebo' for CMake module files
[1.164s] DEBUG:colcon.colcon_core.event_handler.log_command:Invoked command in '/home/j/e2e_ws/build/turtlebot3_gazebo' returned '0': CMAKE_PREFIX_PATH=${CMAKE_PREFIX_PATH}:/home/j/e2e_ws/install/yolo_ros:/home/j/e2e_ws/install/ros2_aruco:/opt/ros/humble /usr/bin/cmake --install /home/j/e2e_ws/build/turtlebot3_gazebo
[1.165s] Level 1:colcon.colcon_core.environment:checking '/home/j/e2e_ws/install/turtlebot3_gazebo' for CMake config files
[1.166s] Level 1:colcon.colcon_core.shell:create_environment_hook('turtlebot3_gazebo', 'cmake_prefix_path')
[1.166s] INFO:colcon.colcon_core.shell:Creating environment hook '/home/j/e2e_ws/install/turtlebot3_gazebo/share/turtlebot3_gazebo/hook/cmake_prefix_path.ps1'
[1.168s] INFO:colcon.colcon_core.shell:Creating environment descriptor '/home/j/e2e_ws/install/turtlebot3_gazebo/share/turtlebot3_gazebo/hook/cmake_prefix_path.dsv'
[1.169s] INFO:colcon.colcon_core.shell:Creating environment hook '/home/j/e2e_ws/install/turtlebot3_gazebo/share/turtlebot3_gazebo/hook/cmake_prefix_path.sh'
[1.170s] Level 1:colcon.colcon_core.environment:checking '/home/j/e2e_ws/install/turtlebot3_gazebo/lib'
[1.171s] Level 1:colcon.colcon_core.environment:checking '/home/j/e2e_ws/install/turtlebot3_gazebo/bin'
[1.171s] Level 1:colcon.colcon_core.environment:checking '/home/j/e2e_ws/install/turtlebot3_gazebo/lib/pkgconfig/turtlebot3_gazebo.pc'
[1.171s] Level 1:colcon.colcon_core.environment:checking '/home/j/e2e_ws/install/turtlebot3_gazebo/lib/python3.10/site-packages'
[1.171s] Level 1:colcon.colcon_core.environment:checking '/home/j/e2e_ws/install/turtlebot3_gazebo/bin'
[1.172s] INFO:colcon.colcon_core.shell:Creating package script '/home/j/e2e_ws/install/turtlebot3_gazebo/share/turtlebot3_gazebo/package.ps1'
[1.172s] INFO:colcon.colcon_core.shell:Creating package descriptor '/home/j/e2e_ws/install/turtlebot3_gazebo/share/turtlebot3_gazebo/package.dsv'
[1.173s] INFO:colcon.colcon_core.shell:Creating package script '/home/j/e2e_ws/install/turtlebot3_gazebo/share/turtlebot3_gazebo/package.sh'
[1.173s] INFO:colcon.colcon_core.shell:Creating package script '/home/j/e2e_ws/install/turtlebot3_gazebo/share/turtlebot3_gazebo/package.bash'
[1.173s] INFO:colcon.colcon_core.shell:Creating package script '/home/j/e2e_ws/install/turtlebot3_gazebo/share/turtlebot3_gazebo/package.zsh'
[1.174s] Level 1:colcon.colcon_core.environment:create_file_with_runtime_dependencies(/home/j/e2e_ws/install/turtlebot3_gazebo/share/colcon-core/packages/turtlebot3_gazebo)
[1.174s] Level 1:colcon.colcon_core.environment:create_environment_scripts_only(turtlebot3_gazebo)
[1.175s] Level 1:colcon.colcon_core.environment:checking '/home/j/e2e_ws/install/turtlebot3_gazebo' for CMake module files
[1.175s] Level 1:colcon.colcon_core.environment:checking '/home/j/e2e_ws/install/turtlebot3_gazebo' for CMake config files
[1.175s] Level 1:colcon.colcon_core.shell:create_environment_hook('turtlebot3_gazebo', 'cmake_prefix_path')
[1.175s] INFO:colcon.colcon_core.shell:Creating environment hook '/home/j/e2e_ws/install/turtlebot3_gazebo/share/turtlebot3_gazebo/hook/cmake_prefix_path.ps1'
[1.176s] INFO:colcon.colcon_core.shell:Creating environment descriptor '/home/j/e2e_ws/install/turtlebot3_gazebo/share/turtlebot3_gazebo/hook/cmake_prefix_path.dsv'
[1.177s] INFO:colcon.colcon_core.shell:Creating environment hook '/home/j/e2e_ws/install/turtlebot3_gazebo/share/turtlebot3_gazebo/hook/cmake_prefix_path.sh'
[1.178s] Level 1:colcon.colcon_core.environment:checking '/home/j/e2e_ws/install/turtlebot3_gazebo/lib'
[1.178s] Level 1:colcon.colcon_core.environment:checking '/home/j/e2e_ws/install/turtlebot3_gazebo/bin'
[1.178s] Level 1:colcon.colcon_core.environment:checking '/home/j/e2e_ws/install/turtlebot3_gazebo/lib/pkgconfig/turtlebot3_gazebo.pc'
[1.178s] Level 1:colcon.colcon_core.environment:checking '/home/j/e2e_ws/install/turtlebot3_gazebo/lib/python3.10/site-packages'
[1.179s] Level 1:colcon.colcon_core.environment:checking '/home/j/e2e_ws/install/turtlebot3_gazebo/bin'
[1.179s] INFO:colcon.colcon_core.shell:Creating package script '/home/j/e2e_ws/install/turtlebot3_gazebo/share/turtlebot3_gazebo/package.ps1'
[1.180s] INFO:colcon.colcon_core.shell:Creating package descriptor '/home/j/e2e_ws/install/turtlebot3_gazebo/share/turtlebot3_gazebo/package.dsv'
[1.180s] INFO:colcon.colcon_core.shell:Creating package script '/home/j/e2e_ws/install/turtlebot3_gazebo/share/turtlebot3_gazebo/package.sh'
[1.181s] INFO:colcon.colcon_core.shell:Creating package script '/home/j/e2e_ws/install/turtlebot3_gazebo/share/turtlebot3_gazebo/package.bash'
[1.182s] INFO:colcon.colcon_core.shell:Creating package script '/home/j/e2e_ws/install/turtlebot3_gazebo/share/turtlebot3_gazebo/package.zsh'
[1.182s] Level 1:colcon.colcon_core.environment:create_file_with_runtime_dependencies(/home/j/e2e_ws/install/turtlebot3_gazebo/share/colcon-core/packages/turtlebot3_gazebo)
[1.183s] INFO:colcon.colcon_ros.task.ament_cmake.build:Building ROS package in '/home/j/e2e_ws/src/turtlebot3_simulations-humble/turtlebot3_simulations' with build type 'ament_cmake'
[1.183s] INFO:colcon.colcon_cmake.task.cmake.build:Building CMake package in '/home/j/e2e_ws/src/turtlebot3_simulations-humble/turtlebot3_simulations'
[1.184s] INFO:colcon.colcon_core.shell:Skip shell extension 'powershell' for command environment: Not usable outside of PowerShell
[1.184s] DEBUG:colcon.colcon_core.shell:Skip shell extension 'dsv' for command environment
[1.201s] DEBUG:colcon.colcon_core.event_handler.log_command:Invoking command in '/home/j/e2e_ws/build/turtlebot3_simulations': CMAKE_PREFIX_PATH=/home/j/e2e_ws/install/turtlebot3_gazebo:/home/j/e2e_ws/install/turtlebot3_fake_node:/home/j/e2e_ws/install/image_fusion:/home/j/e2e_ws/install/yolo_bringup:/home/j/e2e_ws/install/image_fusion_node:/home/j/e2e_ws/install/yolo_msgs:/home/j/e2e_ws/install/turtlebot3_simulations:/home/j/e2e_ws/install/ros2_aruco_interfaces:/home/j/e2e_ws/install/e2e_meta:/home/j/e2e_ws/install/delbot:/home/j/e2e_ws/install/yolo_ros:/home/j/e2e_ws/install/ros2_aruco:/opt/ros/humble /usr/bin/cmake --build /home/j/e2e_ws/build/turtlebot3_simulations -- -j22 -l22
[1.279s] DEBUG:colcon.colcon_core.event_handler.log_command:Invoked command in '/home/j/e2e_ws/build/turtlebot3_simulations' returned '0': CMAKE_PREFIX_PATH=/home/j/e2e_ws/install/turtlebot3_gazebo:/home/j/e2e_ws/install/turtlebot3_fake_node:/home/j/e2e_ws/install/image_fusion:/home/j/e2e_ws/install/yolo_bringup:/home/j/e2e_ws/install/image_fusion_node:/home/j/e2e_ws/install/yolo_msgs:/home/j/e2e_ws/install/turtlebot3_simulations:/home/j/e2e_ws/install/ros2_aruco_interfaces:/home/j/e2e_ws/install/e2e_meta:/home/j/e2e_ws/install/delbot:/home/j/e2e_ws/install/yolo_ros:/home/j/e2e_ws/install/ros2_aruco:/opt/ros/humble /usr/bin/cmake --build /home/j/e2e_ws/build/turtlebot3_simulations -- -j22 -l22
[1.280s] DEBUG:colcon.colcon_core.event_handler.log_command:Invoking command in '/home/j/e2e_ws/build/turtlebot3_simulations': CMAKE_PREFIX_PATH=/home/j/e2e_ws/install/turtlebot3_gazebo:/home/j/e2e_ws/install/turtlebot3_fake_node:/home/j/e2e_ws/install/image_fusion:/home/j/e2e_ws/install/yolo_bringup:/home/j/e2e_ws/install/image_fusion_node:/home/j/e2e_ws/install/yolo_msgs:/home/j/e2e_ws/install/turtlebot3_simulations:/home/j/e2e_ws/install/ros2_aruco_interfaces:/home/j/e2e_ws/install/e2e_meta:/home/j/e2e_ws/install/delbot:/home/j/e2e_ws/install/yolo_ros:/home/j/e2e_ws/install/ros2_aruco:/opt/ros/humble /usr/bin/cmake --install /home/j/e2e_ws/build/turtlebot3_simulations
[1.294s] Level 1:colcon.colcon_core.environment:create_environment_scripts_only(turtlebot3_simulations)
[1.294s] Level 1:colcon.colcon_core.environment:checking '/home/j/e2e_ws/install/turtlebot3_simulations' for CMake module files
[1.295s] Level 1:colcon.colcon_core.environment:checking '/home/j/e2e_ws/install/turtlebot3_simulations' for CMake config files
[1.295s] Level 1:colcon.colcon_core.shell:create_environment_hook('turtlebot3_simulations', 'cmake_prefix_path')
[1.296s] INFO:colcon.colcon_core.shell:Creating environment hook '/home/j/e2e_ws/install/turtlebot3_simulations/share/turtlebot3_simulations/hook/cmake_prefix_path.ps1'
[1.297s] INFO:colcon.colcon_core.shell:Creating environment descriptor '/home/j/e2e_ws/install/turtlebot3_simulations/share/turtlebot3_simulations/hook/cmake_prefix_path.dsv'
[1.298s] DEBUG:colcon.colcon_core.event_handler.log_command:Invoked command in '/home/j/e2e_ws/build/turtlebot3_simulations' returned '0': CMAKE_PREFIX_PATH=/home/j/e2e_ws/install/turtlebot3_gazebo:/home/j/e2e_ws/install/turtlebot3_fake_node:/home/j/e2e_ws/install/image_fusion:/home/j/e2e_ws/install/yolo_bringup:/home/j/e2e_ws/install/image_fusion_node:/home/j/e2e_ws/install/yolo_msgs:/home/j/e2e_ws/install/turtlebot3_simulations:/home/j/e2e_ws/install/ros2_aruco_interfaces:/home/j/e2e_ws/install/e2e_meta:/home/j/e2e_ws/install/delbot:/home/j/e2e_ws/install/yolo_ros:/home/j/e2e_ws/install/ros2_aruco:/opt/ros/humble /usr/bin/cmake --install /home/j/e2e_ws/build/turtlebot3_simulations
[1.299s] INFO:colcon.colcon_core.shell:Creating environment hook '/home/j/e2e_ws/install/turtlebot3_simulations/share/turtlebot3_simulations/hook/cmake_prefix_path.sh'
[1.301s] Level 1:colcon.colcon_core.environment:checking '/home/j/e2e_ws/install/turtlebot3_simulations/bin'
[1.301s] Level 1:colcon.colcon_core.environment:checking '/home/j/e2e_ws/install/turtlebot3_simulations/lib/pkgconfig/turtlebot3_simulations.pc'
[1.302s] Level 1:colcon.colcon_core.environment:checking '/home/j/e2e_ws/install/turtlebot3_simulations/lib/python3.10/site-packages'
[1.302s] Level 1:colcon.colcon_core.environment:checking '/home/j/e2e_ws/install/turtlebot3_simulations/bin'
[1.303s] INFO:colcon.colcon_core.shell:Creating package script '/home/j/e2e_ws/install/turtlebot3_simulations/share/turtlebot3_simulations/package.ps1'
[1.305s] INFO:colcon.colcon_core.shell:Creating package descriptor '/home/j/e2e_ws/install/turtlebot3_simulations/share/turtlebot3_simulations/package.dsv'
[1.305s] INFO:colcon.colcon_core.shell:Creating package script '/home/j/e2e_ws/install/turtlebot3_simulations/share/turtlebot3_simulations/package.sh'
[1.306s] INFO:colcon.colcon_core.shell:Creating package script '/home/j/e2e_ws/install/turtlebot3_simulations/share/turtlebot3_simulations/package.bash'
[1.307s] INFO:colcon.colcon_core.shell:Creating package script '/home/j/e2e_ws/install/turtlebot3_simulations/share/turtlebot3_simulations/package.zsh'
[1.307s] Level 1:colcon.colcon_core.environment:create_file_with_runtime_dependencies(/home/j/e2e_ws/install/turtlebot3_simulations/share/colcon-core/packages/turtlebot3_simulations)
[1.308s] Level 1:colcon.colcon_core.environment:create_environment_scripts_only(turtlebot3_simulations)
[1.308s] Level 1:colcon.colcon_core.environment:checking '/home/j/e2e_ws/install/turtlebot3_simulations' for CMake module files
[1.309s] Level 1:colcon.colcon_core.environment:checking '/home/j/e2e_ws/install/turtlebot3_simulations' for CMake config files
[1.309s] Level 1:colcon.colcon_core.shell:create_environment_hook('turtlebot3_simulations', 'cmake_prefix_path')
[1.309s] INFO:colcon.colcon_core.shell:Creating environment hook '/home/j/e2e_ws/install/turtlebot3_simulations/share/turtlebot3_simulations/hook/cmake_prefix_path.ps1'
[1.309s] INFO:colcon.colcon_core.shell:Creating environment descriptor '/home/j/e2e_ws/install/turtlebot3_simulations/share/turtlebot3_simulations/hook/cmake_prefix_path.dsv'
[1.310s] INFO:colcon.colcon_core.shell:Creating environment hook '/home/j/e2e_ws/install/turtlebot3_simulations/share/turtlebot3_simulations/hook/cmake_prefix_path.sh'
[1.311s] Level 1:colcon.colcon_core.environment:checking '/home/j/e2e_ws/install/turtlebot3_simulations/bin'
[1.311s] Level 1:colcon.colcon_core.environment:checking '/home/j/e2e_ws/install/turtlebot3_simulations/lib/pkgconfig/turtlebot3_simulations.pc'
[1.311s] Level 1:colcon.colcon_core.environment:checking '/home/j/e2e_ws/install/turtlebot3_simulations/lib/python3.10/site-packages'
[1.311s] Level 1:colcon.colcon_core.environment:checking '/home/j/e2e_ws/install/turtlebot3_simulations/bin'
[1.312s] INFO:colcon.colcon_core.shell:Creating package script '/home/j/e2e_ws/install/turtlebot3_simulations/share/turtlebot3_simulations/package.ps1'
[1.312s] INFO:colcon.colcon_core.shell:Creating package descriptor '/home/j/e2e_ws/install/turtlebot3_simulations/share/turtlebot3_simulations/package.dsv'
[1.313s] INFO:colcon.colcon_core.shell:Creating package script '/home/j/e2e_ws/install/turtlebot3_simulations/share/turtlebot3_simulations/package.sh'
[1.313s] INFO:colcon.colcon_core.shell:Creating package script '/home/j/e2e_ws/install/turtlebot3_simulations/share/turtlebot3_simulations/package.bash'
[1.314s] INFO:colcon.colcon_core.shell:Creating package script '/home/j/e2e_ws/install/turtlebot3_simulations/share/turtlebot3_simulations/package.zsh'
[1.315s] Level 1:colcon.colcon_core.environment:create_file_with_runtime_dependencies(/home/j/e2e_ws/install/turtlebot3_simulations/share/colcon-core/packages/turtlebot3_simulations)
[1.581s] DEBUG:colcon.colcon_core.event_handler.log_command:Invoking command in '/home/j/e2e_ws/src/ros2_aruco/ros2_aruco': PYTHONPATH=/home/j/e2e_ws/build/ros2_aruco/prefix_override:/usr/lib/python3/dist-packages/colcon_core/task/python/colcon_distutils_commands:/home/j/e2e_ws/install/ros2_aruco/lib/python3.10/site-packages:${PYTHONPATH} /usr/bin/python3 -W ignore:setup.py install is deprecated -W ignore:easy_install command is deprecated setup.py egg_info --egg-base ../../../build/ros2_aruco build --build-base /home/j/e2e_ws/build/ros2_aruco/build install --record /home/j/e2e_ws/build/ros2_aruco/install.log --single-version-externally-managed install_data
[1.643s] DEBUG:colcon.colcon_core.event_handler.log_command:Invoked command in '/home/j/e2e_ws/build/yolo_msgs' returned '0': CMAKE_PREFIX_PATH=${CMAKE_PREFIX_PATH}:/home/j/e2e_ws/install/yolo_ros:/home/j/e2e_ws/install/ros2_aruco:/opt/ros/humble /usr/bin/cmake --build /home/j/e2e_ws/build/yolo_msgs -- -j22 -l22
[1.647s] DEBUG:colcon.colcon_core.event_handler.log_command:Invoking command in '/home/j/e2e_ws/build/yolo_msgs': CMAKE_PREFIX_PATH=${CMAKE_PREFIX_PATH}:/home/j/e2e_ws/install/yolo_ros:/home/j/e2e_ws/install/ros2_aruco:/opt/ros/humble /usr/bin/cmake --install /home/j/e2e_ws/build/yolo_msgs
[1.743s] Level 1:colcon.colcon_core.environment:create_environment_scripts_only(yolo_msgs)
[1.744s] Level 1:colcon.colcon_core.environment:checking '/home/j/e2e_ws/install/yolo_msgs' for CMake module files
[1.748s] DEBUG:colcon.colcon_core.event_handler.log_command:Invoked command in '/home/j/e2e_ws/build/yolo_msgs' returned '0': CMAKE_PREFIX_PATH=${CMAKE_PREFIX_PATH}:/home/j/e2e_ws/install/yolo_ros:/home/j/e2e_ws/install/ros2_aruco:/opt/ros/humble /usr/bin/cmake --install /home/j/e2e_ws/build/yolo_msgs
[1.748s] Level 1:colcon.colcon_core.environment:checking '/home/j/e2e_ws/install/yolo_msgs' for CMake config files
[1.750s] Level 1:colcon.colcon_core.shell:create_environment_hook('yolo_msgs', 'cmake_prefix_path')
[1.750s] INFO:colcon.colcon_core.shell:Creating environment hook '/home/j/e2e_ws/install/yolo_msgs/share/yolo_msgs/hook/cmake_prefix_path.ps1'
[1.751s] INFO:colcon.colcon_core.shell:Creating environment descriptor '/home/j/e2e_ws/install/yolo_msgs/share/yolo_msgs/hook/cmake_prefix_path.dsv'
[1.751s] INFO:colcon.colcon_core.shell:Creating environment hook '/home/j/e2e_ws/install/yolo_msgs/share/yolo_msgs/hook/cmake_prefix_path.sh'
[1.752s] Level 1:colcon.colcon_core.environment:checking '/home/j/e2e_ws/install/yolo_msgs/lib'
[1.753s] Level 1:colcon.colcon_core.shell:create_environment_hook('yolo_msgs', 'ld_library_path_lib')
[1.753s] INFO:colcon.colcon_core.shell:Creating environment hook '/home/j/e2e_ws/install/yolo_msgs/share/yolo_msgs/hook/ld_library_path_lib.ps1'
[1.754s] INFO:colcon.colcon_core.shell:Creating environment descriptor '/home/j/e2e_ws/install/yolo_msgs/share/yolo_msgs/hook/ld_library_path_lib.dsv'
[1.754s] INFO:colcon.colcon_core.shell:Creating environment hook '/home/j/e2e_ws/install/yolo_msgs/share/yolo_msgs/hook/ld_library_path_lib.sh'
[1.755s] Level 1:colcon.colcon_core.environment:checking '/home/j/e2e_ws/install/yolo_msgs/bin'
[1.755s] Level 1:colcon.colcon_core.environment:checking '/home/j/e2e_ws/install/yolo_msgs/lib/pkgconfig/yolo_msgs.pc'
[1.755s] Level 1:colcon.colcon_core.environment:checking '/home/j/e2e_ws/install/yolo_msgs/lib/python3.10/site-packages'
[1.756s] Level 1:colcon.colcon_core.environment:checking '/home/j/e2e_ws/install/yolo_msgs/bin'
[1.756s] INFO:colcon.colcon_core.shell:Creating package script '/home/j/e2e_ws/install/yolo_msgs/share/yolo_msgs/package.ps1'
[1.757s] INFO:colcon.colcon_core.shell:Creating package descriptor '/home/j/e2e_ws/install/yolo_msgs/share/yolo_msgs/package.dsv'
[1.758s] INFO:colcon.colcon_core.shell:Creating package script '/home/j/e2e_ws/install/yolo_msgs/share/yolo_msgs/package.sh'
[1.758s] INFO:colcon.colcon_core.shell:Creating package script '/home/j/e2e_ws/install/yolo_msgs/share/yolo_msgs/package.bash'
[1.759s] INFO:colcon.colcon_core.shell:Creating package script '/home/j/e2e_ws/install/yolo_msgs/share/yolo_msgs/package.zsh'
[1.759s] Level 1:colcon.colcon_core.environment:create_file_with_runtime_dependencies(/home/j/e2e_ws/install/yolo_msgs/share/colcon-core/packages/yolo_msgs)
[1.760s] Level 1:colcon.colcon_core.environment:create_environment_scripts_only(yolo_msgs)
[1.761s] Level 1:colcon.colcon_core.environment:checking '/home/j/e2e_ws/install/yolo_msgs' for CMake module files
[1.761s] Level 1:colcon.colcon_core.environment:checking '/home/j/e2e_ws/install/yolo_msgs' for CMake config files
[1.762s] Level 1:colcon.colcon_core.shell:create_environment_hook('yolo_msgs', 'cmake_prefix_path')
[1.763s] INFO:colcon.colcon_core.shell:Creating environment hook '/home/j/e2e_ws/install/yolo_msgs/share/yolo_msgs/hook/cmake_prefix_path.ps1'
[1.763s] INFO:colcon.colcon_core.shell:Creating environment descriptor '/home/j/e2e_ws/install/yolo_msgs/share/yolo_msgs/hook/cmake_prefix_path.dsv'
[1.764s] INFO:colcon.colcon_core.shell:Creating environment hook '/home/j/e2e_ws/install/yolo_msgs/share/yolo_msgs/hook/cmake_prefix_path.sh'
[1.766s] Level 1:colcon.colcon_core.environment:checking '/home/j/e2e_ws/install/yolo_msgs/lib'
[1.766s] Level 1:colcon.colcon_core.shell:create_environment_hook('yolo_msgs', 'ld_library_path_lib')
[1.767s] INFO:colcon.colcon_core.shell:Creating environment hook '/home/j/e2e_ws/install/yolo_msgs/share/yolo_msgs/hook/ld_library_path_lib.ps1'
[1.767s] INFO:colcon.colcon_core.shell:Creating environment descriptor '/home/j/e2e_ws/install/yolo_msgs/share/yolo_msgs/hook/ld_library_path_lib.dsv'
[1.768s] INFO:colcon.colcon_core.shell:Creating environment hook '/home/j/e2e_ws/install/yolo_msgs/share/yolo_msgs/hook/ld_library_path_lib.sh'
[1.769s] Level 1:colcon.colcon_core.environment:checking '/home/j/e2e_ws/install/yolo_msgs/bin'
[1.769s] Level 1:colcon.colcon_core.environment:checking '/home/j/e2e_ws/install/yolo_msgs/lib/pkgconfig/yolo_msgs.pc'
[1.770s] Level 1:colcon.colcon_core.environment:checking '/home/j/e2e_ws/install/yolo_msgs/lib/python3.10/site-packages'
[1.770s] Level 1:colcon.colcon_core.environment:checking '/home/j/e2e_ws/install/yolo_msgs/bin'
[1.771s] INFO:colcon.colcon_core.shell:Creating package script '/home/j/e2e_ws/install/yolo_msgs/share/yolo_msgs/package.ps1'
[1.772s] INFO:colcon.colcon_core.shell:Creating package descriptor '/home/j/e2e_ws/install/yolo_msgs/share/yolo_msgs/package.dsv'
[1.773s] INFO:colcon.colcon_core.shell:Creating package script '/home/j/e2e_ws/install/yolo_msgs/share/yolo_msgs/package.sh'
[1.774s] INFO:colcon.colcon_core.shell:Creating package script '/home/j/e2e_ws/install/yolo_msgs/share/yolo_msgs/package.bash'
[1.775s] INFO:colcon.colcon_core.shell:Creating package script '/home/j/e2e_ws/install/yolo_msgs/share/yolo_msgs/package.zsh'
[1.776s] Level 1:colcon.colcon_core.environment:create_file_with_runtime_dependencies(/home/j/e2e_ws/install/yolo_msgs/share/colcon-core/packages/yolo_msgs)
[1.777s] INFO:colcon.colcon_ros.task.ament_python.build:Building ROS package in '/home/j/e2e_ws/src/yolo_ros/yolo_ros' with build type 'ament_python'
[1.777s] Level 1:colcon.colcon_core.shell:create_environment_hook('yolo_ros', 'ament_prefix_path')
[1.778s] INFO:colcon.colcon_core.shell:Creating environment hook '/home/j/e2e_ws/install/yolo_ros/share/yolo_ros/hook/ament_prefix_path.ps1'
[1.778s] INFO:colcon.colcon_core.shell:Creating environment descriptor '/home/j/e2e_ws/install/yolo_ros/share/yolo_ros/hook/ament_prefix_path.dsv'
[1.779s] INFO:colcon.colcon_core.shell:Creating environment hook '/home/j/e2e_ws/install/yolo_ros/share/yolo_ros/hook/ament_prefix_path.sh'
[1.781s] INFO:colcon.colcon_core.shell:Skip shell extension 'powershell' for command environment: Not usable outside of PowerShell
[1.781s] DEBUG:colcon.colcon_core.shell:Skip shell extension 'dsv' for command environment
[1.790s] INFO:colcon.colcon_ros.task.ament_python.build:Building ROS package in '/home/j/e2e_ws/src/image_fusion' with build type 'ament_python'
[1.790s] Level 1:colcon.colcon_core.shell:create_environment_hook('image_fusion', 'ament_prefix_path')
[1.790s] INFO:colcon.colcon_core.shell:Creating environment hook '/home/j/e2e_ws/install/image_fusion/share/image_fusion/hook/ament_prefix_path.ps1'
[1.791s] INFO:colcon.colcon_core.shell:Creating environment descriptor '/home/j/e2e_ws/install/image_fusion/share/image_fusion/hook/ament_prefix_path.dsv'
[1.792s] INFO:colcon.colcon_core.shell:Creating environment hook '/home/j/e2e_ws/install/image_fusion/share/image_fusion/hook/ament_prefix_path.sh'
[1.793s] INFO:colcon.colcon_core.shell:Skip shell extension 'powershell' for command environment: Not usable outside of PowerShell
[1.793s] DEBUG:colcon.colcon_core.shell:Skip shell extension 'dsv' for command environment
[2.190s] INFO:colcon.colcon_core.task.python.build:Building Python package in '/home/j/e2e_ws/src/yolo_ros/yolo_ros'
[2.191s] INFO:colcon.colcon_core.shell:Skip shell extension 'powershell' for command environment: Not usable outside of PowerShell
[2.191s] DEBUG:colcon.colcon_core.shell:Skip shell extension 'dsv' for command environment
[2.201s] Level 1:colcon.colcon_core.environment:checking '/home/j/e2e_ws/install/ros2_aruco' for CMake module files
[2.203s] DEBUG:colcon.colcon_core.event_handler.log_command:Invoked command in '/home/j/e2e_ws/src/ros2_aruco/ros2_aruco' returned '0': PYTHONPATH=/home/j/e2e_ws/build/ros2_aruco/prefix_override:/usr/lib/python3/dist-packages/colcon_core/task/python/colcon_distutils_commands:/home/j/e2e_ws/install/ros2_aruco/lib/python3.10/site-packages:${PYTHONPATH} /usr/bin/python3 -W ignore:setup.py install is deprecated -W ignore:easy_install command is deprecated setup.py egg_info --egg-base ../../../build/ros2_aruco build --build-base /home/j/e2e_ws/build/ros2_aruco/build install --record /home/j/e2e_ws/build/ros2_aruco/install.log --single-version-externally-managed install_data
[2.204s] Level 1:colcon.colcon_core.environment:checking '/home/j/e2e_ws/install/ros2_aruco' for CMake config files
[2.205s] Level 1:colcon.colcon_core.environment:checking '/home/j/e2e_ws/install/ros2_aruco/lib'
[2.205s] Level 1:colcon.colcon_core.environment:checking '/home/j/e2e_ws/install/ros2_aruco/bin'
[2.205s] Level 1:colcon.colcon_core.environment:checking '/home/j/e2e_ws/install/ros2_aruco/lib/pkgconfig/ros2_aruco.pc'
[2.205s] Level 1:colcon.colcon_core.environment:checking '/home/j/e2e_ws/install/ros2_aruco/lib/python3.10/site-packages'
[2.205s] Level 1:colcon.colcon_core.shell:create_environment_hook('ros2_aruco', 'pythonpath')
[2.206s] INFO:colcon.colcon_core.shell:Creating environment hook '/home/j/e2e_ws/install/ros2_aruco/share/ros2_aruco/hook/pythonpath.ps1'
[2.207s] INFO:colcon.colcon_core.shell:Creating environment descriptor '/home/j/e2e_ws/install/ros2_aruco/share/ros2_aruco/hook/pythonpath.dsv'
[2.207s] INFO:colcon.colcon_core.shell:Creating environment hook '/home/j/e2e_ws/install/ros2_aruco/share/ros2_aruco/hook/pythonpath.sh'
[2.209s] Level 1:colcon.colcon_core.environment:checking '/home/j/e2e_ws/install/ros2_aruco/bin'
[2.209s] Level 1:colcon.colcon_core.environment:create_environment_scripts_only(ros2_aruco)
[2.209s] INFO:colcon.colcon_core.shell:Creating package script '/home/j/e2e_ws/install/ros2_aruco/share/ros2_aruco/package.ps1'
[2.210s] INFO:colcon.colcon_core.shell:Creating package descriptor '/home/j/e2e_ws/install/ros2_aruco/share/ros2_aruco/package.dsv'
[2.211s] INFO:colcon.colcon_core.shell:Creating package script '/home/j/e2e_ws/install/ros2_aruco/share/ros2_aruco/package.sh'
[2.212s] INFO:colcon.colcon_core.shell:Creating package script '/home/j/e2e_ws/install/ros2_aruco/share/ros2_aruco/package.bash'
[2.212s] INFO:colcon.colcon_core.shell:Creating package script '/home/j/e2e_ws/install/ros2_aruco/share/ros2_aruco/package.zsh'
[2.213s] Level 1:colcon.colcon_core.environment:create_file_with_runtime_dependencies(/home/j/e2e_ws/install/ros2_aruco/share/colcon-core/packages/ros2_aruco)
[2.608s] INFO:colcon.colcon_core.task.python.build:Building Python package in '/home/j/e2e_ws/src/image_fusion'
[2.609s] INFO:colcon.colcon_core.shell:Skip shell extension 'powershell' for command environment: Not usable outside of PowerShell
[2.609s] DEBUG:colcon.colcon_core.shell:Skip shell extension 'dsv' for command environment
[2.617s] DEBUG:colcon.colcon_core.event_handler.log_command:Invoked command in '/home/j/e2e_ws/build/ros2_aruco_interfaces' returned '0': CMAKE_PREFIX_PATH=${CMAKE_PREFIX_PATH}:/home/j/e2e_ws/install/yolo_ros:/home/j/e2e_ws/install/ros2_aruco:/opt/ros/humble /usr/bin/cmake --build /home/j/e2e_ws/build/ros2_aruco_interfaces -- -j22 -l22
[2.618s] DEBUG:colcon.colcon_core.event_handler.log_command:Invoking command in '/home/j/e2e_ws/build/ros2_aruco_interfaces': CMAKE_PREFIX_PATH=${CMAKE_PREFIX_PATH}:/home/j/e2e_ws/install/yolo_ros:/home/j/e2e_ws/install/ros2_aruco:/opt/ros/humble /usr/bin/cmake --install /home/j/e2e_ws/build/ros2_aruco_interfaces
[2.702s] Level 1:colcon.colcon_core.environment:create_environment_scripts_only(ros2_aruco_interfaces)
[2.703s] Level 1:colcon.colcon_core.environment:checking '/home/j/e2e_ws/install/ros2_aruco_interfaces' for CMake module files
[2.706s] DEBUG:colcon.colcon_core.event_handler.log_command:Invoked command in '/home/j/e2e_ws/build/ros2_aruco_interfaces' returned '0': CMAKE_PREFIX_PATH=${CMAKE_PREFIX_PATH}:/home/j/e2e_ws/install/yolo_ros:/home/j/e2e_ws/install/ros2_aruco:/opt/ros/humble /usr/bin/cmake --install /home/j/e2e_ws/build/ros2_aruco_interfaces
[2.707s] Level 1:colcon.colcon_core.environment:checking '/home/j/e2e_ws/install/ros2_aruco_interfaces' for CMake config files
[2.708s] Level 1:colcon.colcon_core.shell:create_environment_hook('ros2_aruco_interfaces', 'cmake_prefix_path')
[2.708s] INFO:colcon.colcon_core.shell:Creating environment hook '/home/j/e2e_ws/install/ros2_aruco_interfaces/share/ros2_aruco_interfaces/hook/cmake_prefix_path.ps1'
[2.709s] INFO:colcon.colcon_core.shell:Creating environment descriptor '/home/j/e2e_ws/install/ros2_aruco_interfaces/share/ros2_aruco_interfaces/hook/cmake_prefix_path.dsv'
[2.709s] INFO:colcon.colcon_core.shell:Creating environment hook '/home/j/e2e_ws/install/ros2_aruco_interfaces/share/ros2_aruco_interfaces/hook/cmake_prefix_path.sh'
[2.710s] Level 1:colcon.colcon_core.environment:checking '/home/j/e2e_ws/install/ros2_aruco_interfaces/lib'
[2.710s] Level 1:colcon.colcon_core.shell:create_environment_hook('ros2_aruco_interfaces', 'ld_library_path_lib')
[2.710s] INFO:colcon.colcon_core.shell:Creating environment hook '/home/j/e2e_ws/install/ros2_aruco_interfaces/share/ros2_aruco_interfaces/hook/ld_library_path_lib.ps1'
[2.711s] INFO:colcon.colcon_core.shell:Creating environment descriptor '/home/j/e2e_ws/install/ros2_aruco_interfaces/share/ros2_aruco_interfaces/hook/ld_library_path_lib.dsv'
[2.711s] INFO:colcon.colcon_core.shell:Creating environment hook '/home/j/e2e_ws/install/ros2_aruco_interfaces/share/ros2_aruco_interfaces/hook/ld_library_path_lib.sh'
[2.712s] Level 1:colcon.colcon_core.environment:checking '/home/j/e2e_ws/install/ros2_aruco_interfaces/bin'
[2.712s] Level 1:colcon.colcon_core.environment:checking '/home/j/e2e_ws/install/ros2_aruco_interfaces/lib/pkgconfig/ros2_aruco_interfaces.pc'
[2.712s] Level 1:colcon.colcon_core.environment:checking '/home/j/e2e_ws/install/ros2_aruco_interfaces/lib/python3.10/site-packages'
[2.712s] Level 1:colcon.colcon_core.environment:checking '/home/j/e2e_ws/install/ros2_aruco_interfaces/bin'
[2.713s] INFO:colcon.colcon_core.shell:Creating package script '/home/j/e2e_ws/install/ros2_aruco_interfaces/share/ros2_aruco_interfaces/package.ps1'
[2.713s] INFO:colcon.colcon_core.shell:Creating package descriptor '/home/j/e2e_ws/install/ros2_aruco_interfaces/share/ros2_aruco_interfaces/package.dsv'
[2.714s] INFO:colcon.colcon_core.shell:Creating package script '/home/j/e2e_ws/install/ros2_aruco_interfaces/share/ros2_aruco_interfaces/package.sh'
[2.715s] INFO:colcon.colcon_core.shell:Creating package script '/home/j/e2e_ws/install/ros2_aruco_interfaces/share/ros2_aruco_interfaces/package.bash'
[2.715s] INFO:colcon.colcon_core.shell:Creating package script '/home/j/e2e_ws/install/ros2_aruco_interfaces/share/ros2_aruco_interfaces/package.zsh'
[2.716s] Level 1:colcon.colcon_core.environment:create_file_with_runtime_dependencies(/home/j/e2e_ws/install/ros2_aruco_interfaces/share/colcon-core/packages/ros2_aruco_interfaces)
[2.717s] Level 1:colcon.colcon_core.environment:create_environment_scripts_only(ros2_aruco_interfaces)
[2.717s] Level 1:colcon.colcon_core.environment:checking '/home/j/e2e_ws/install/ros2_aruco_interfaces' for CMake module files
[2.718s] Level 1:colcon.colcon_core.environment:checking '/home/j/e2e_ws/install/ros2_aruco_interfaces' for CMake config files
[2.719s] Level 1:colcon.colcon_core.shell:create_environment_hook('ros2_aruco_interfaces', 'cmake_prefix_path')
[2.719s] INFO:colcon.colcon_core.shell:Creating environment hook '/home/j/e2e_ws/install/ros2_aruco_interfaces/share/ros2_aruco_interfaces/hook/cmake_prefix_path.ps1'
[2.719s] INFO:colcon.colcon_core.shell:Creating environment descriptor '/home/j/e2e_ws/install/ros2_aruco_interfaces/share/ros2_aruco_interfaces/hook/cmake_prefix_path.dsv'
[2.720s] INFO:colcon.colcon_core.shell:Creating environment hook '/home/j/e2e_ws/install/ros2_aruco_interfaces/share/ros2_aruco_interfaces/hook/cmake_prefix_path.sh'
[2.721s] Level 1:colcon.colcon_core.environment:checking '/home/j/e2e_ws/install/ros2_aruco_interfaces/lib'
[2.721s] Level 1:colcon.colcon_core.shell:create_environment_hook('ros2_aruco_interfaces', 'ld_library_path_lib')
[2.721s] INFO:colcon.colcon_core.shell:Creating environment hook '/home/j/e2e_ws/install/ros2_aruco_interfaces/share/ros2_aruco_interfaces/hook/ld_library_path_lib.ps1'
[2.722s] INFO:colcon.colcon_core.shell:Creating environment descriptor '/home/j/e2e_ws/install/ros2_aruco_interfaces/share/ros2_aruco_interfaces/hook/ld_library_path_lib.dsv'
[2.722s] INFO:colcon.colcon_core.shell:Creating environment hook '/home/j/e2e_ws/install/ros2_aruco_interfaces/share/ros2_aruco_interfaces/hook/ld_library_path_lib.sh'
[2.723s] Level 1:colcon.colcon_core.environment:checking '/home/j/e2e_ws/install/ros2_aruco_interfaces/bin'
[2.723s] Level 1:colcon.colcon_core.environment:checking '/home/j/e2e_ws/install/ros2_aruco_interfaces/lib/pkgconfig/ros2_aruco_interfaces.pc'
[2.723s] Level 1:colcon.colcon_core.environment:checking '/home/j/e2e_ws/install/ros2_aruco_interfaces/lib/python3.10/site-packages'
[2.724s] Level 1:colcon.colcon_core.environment:checking '/home/j/e2e_ws/install/ros2_aruco_interfaces/bin'
[2.724s] INFO:colcon.colcon_core.shell:Creating package script '/home/j/e2e_ws/install/ros2_aruco_interfaces/share/ros2_aruco_interfaces/package.ps1'
[2.725s] INFO:colcon.colcon_core.shell:Creating package descriptor '/home/j/e2e_ws/install/ros2_aruco_interfaces/share/ros2_aruco_interfaces/package.dsv'
[2.725s] INFO:colcon.colcon_core.shell:Creating package script '/home/j/e2e_ws/install/ros2_aruco_interfaces/share/ros2_aruco_interfaces/package.sh'
[2.726s] INFO:colcon.colcon_core.shell:Creating package script '/home/j/e2e_ws/install/ros2_aruco_interfaces/share/ros2_aruco_interfaces/package.bash'
[2.726s] INFO:colcon.colcon_core.shell:Creating package script '/home/j/e2e_ws/install/ros2_aruco_interfaces/share/ros2_aruco_interfaces/package.zsh'
[2.727s] Level 1:colcon.colcon_core.environment:create_file_with_runtime_dependencies(/home/j/e2e_ws/install/ros2_aruco_interfaces/share/colcon-core/packages/ros2_aruco_interfaces)
[3.154s] DEBUG:colcon.colcon_core.event_handler.log_command:Invoking command in '/home/j/e2e_ws/build/image_fusion': CMAKE_PREFIX_PATH=/home/j/e2e_ws/install/yolo_msgs:/home/j/e2e_ws/install/image_fusion:/home/j/e2e_ws/install/yolo_bringup:/home/j/e2e_ws/install/image_fusion_node:/home/j/e2e_ws/install/turtlebot3_simulations:/home/j/e2e_ws/install/turtlebot3_gazebo:/home/j/e2e_ws/install/turtlebot3_fake_node:/home/j/e2e_ws/install/ros2_aruco_interfaces:/home/j/e2e_ws/install/e2e_meta:/home/j/e2e_ws/install/delbot PYTHONPATH=/home/j/e2e_ws/build/image_fusion/prefix_override:/usr/lib/python3/dist-packages/colcon_core/task/python/colcon_distutils_commands:/home/j/e2e_ws/install/image_fusion/lib/python3.10/site-packages:${PYTHONPATH} /usr/bin/python3 -W ignore:setup.py install is deprecated -W ignore:easy_install command is deprecated setup.py develop --uninstall --editable --build-directory /home/j/e2e_ws/build/image_fusion/build
[3.170s] DEBUG:colcon.colcon_core.event_handler.log_command:Invoking command in '/home/j/e2e_ws/src/yolo_ros/yolo_ros': CMAKE_PREFIX_PATH=/home/j/e2e_ws/install/yolo_msgs:/home/j/e2e_ws/install/image_fusion:/home/j/e2e_ws/install/yolo_bringup:/home/j/e2e_ws/install/image_fusion_node:/home/j/e2e_ws/install/turtlebot3_simulations:/home/j/e2e_ws/install/turtlebot3_gazebo:/home/j/e2e_ws/install/turtlebot3_fake_node:/home/j/e2e_ws/install/ros2_aruco_interfaces:/home/j/e2e_ws/install/e2e_meta:/home/j/e2e_ws/install/delbot PYTHONPATH=/home/j/e2e_ws/build/yolo_ros/prefix_override:/usr/lib/python3/dist-packages/colcon_core/task/python/colcon_distutils_commands:/home/j/e2e_ws/install/yolo_ros/lib/python3.10/site-packages:${PYTHONPATH} /usr/bin/python3 -W ignore:setup.py install is deprecated -W ignore:easy_install command is deprecated setup.py egg_info --egg-base ../../../build/yolo_ros build --build-base /home/j/e2e_ws/build/yolo_ros/build install --record /home/j/e2e_ws/build/yolo_ros/install.log --single-version-externally-managed install_data
[3.612s] Level 1:colcon.colcon_core.environment:checking '/home/j/e2e_ws/install/yolo_ros' for CMake module files
[3.613s] Level 1:colcon.colcon_core.environment:checking '/home/j/e2e_ws/install/yolo_ros' for CMake config files
[3.613s] Level 1:colcon.colcon_core.environment:checking '/home/j/e2e_ws/install/yolo_ros/lib'
[3.614s] Level 1:colcon.colcon_core.environment:checking '/home/j/e2e_ws/install/yolo_ros/bin'
[3.614s] Level 1:colcon.colcon_core.environment:checking '/home/j/e2e_ws/install/yolo_ros/lib/pkgconfig/yolo_ros.pc'
[3.615s] Level 1:colcon.colcon_core.environment:checking '/home/j/e2e_ws/install/yolo_ros/lib/python3.10/site-packages'
[3.615s] DEBUG:colcon.colcon_core.event_handler.log_command:Invoked command in '/home/j/e2e_ws/src/yolo_ros/yolo_ros' returned '0': CMAKE_PREFIX_PATH=/home/j/e2e_ws/install/yolo_msgs:/home/j/e2e_ws/install/image_fusion:/home/j/e2e_ws/install/yolo_bringup:/home/j/e2e_ws/install/image_fusion_node:/home/j/e2e_ws/install/turtlebot3_simulations:/home/j/e2e_ws/install/turtlebot3_gazebo:/home/j/e2e_ws/install/turtlebot3_fake_node:/home/j/e2e_ws/install/ros2_aruco_interfaces:/home/j/e2e_ws/install/e2e_meta:/home/j/e2e_ws/install/delbot PYTHONPATH=/home/j/e2e_ws/build/yolo_ros/prefix_override:/usr/lib/python3/dist-packages/colcon_core/task/python/colcon_distutils_commands:/home/j/e2e_ws/install/yolo_ros/lib/python3.10/site-packages:${PYTHONPATH} /usr/bin/python3 -W ignore:setup.py install is deprecated -W ignore:easy_install command is deprecated setup.py egg_info --egg-base ../../../build/yolo_ros build --build-base /home/j/e2e_ws/build/yolo_ros/build install --record /home/j/e2e_ws/build/yolo_ros/install.log --single-version-externally-managed install_data
[3.616s] Level 1:colcon.colcon_core.shell:create_environment_hook('yolo_ros', 'pythonpath')
[3.616s] INFO:colcon.colcon_core.shell:Creating environment hook '/home/j/e2e_ws/install/yolo_ros/share/yolo_ros/hook/pythonpath.ps1'
[3.617s] INFO:colcon.colcon_core.shell:Creating environment descriptor '/home/j/e2e_ws/install/yolo_ros/share/yolo_ros/hook/pythonpath.dsv'
[3.617s] INFO:colcon.colcon_core.shell:Creating environment hook '/home/j/e2e_ws/install/yolo_ros/share/yolo_ros/hook/pythonpath.sh'
[3.618s] Level 1:colcon.colcon_core.environment:checking '/home/j/e2e_ws/install/yolo_ros/bin'
[3.619s] Level 1:colcon.colcon_core.environment:create_environment_scripts_only(yolo_ros)
[3.619s] INFO:colcon.colcon_core.shell:Creating package script '/home/j/e2e_ws/install/yolo_ros/share/yolo_ros/package.ps1'
[3.620s] INFO:colcon.colcon_core.shell:Creating package descriptor '/home/j/e2e_ws/install/yolo_ros/share/yolo_ros/package.dsv'
[3.620s] INFO:colcon.colcon_core.shell:Creating package script '/home/j/e2e_ws/install/yolo_ros/share/yolo_ros/package.sh'
[3.621s] INFO:colcon.colcon_core.shell:Creating package script '/home/j/e2e_ws/install/yolo_ros/share/yolo_ros/package.bash'
[3.621s] INFO:colcon.colcon_core.shell:Creating package script '/home/j/e2e_ws/install/yolo_ros/share/yolo_ros/package.zsh'
[3.622s] Level 1:colcon.colcon_core.environment:create_file_with_runtime_dependencies(/home/j/e2e_ws/install/yolo_ros/share/colcon-core/packages/yolo_ros)
[3.622s] INFO:colcon.colcon_ros.task.ament_cmake.build:Building ROS package in '/home/j/e2e_ws/src/yolo_ros/yolo_bringup' with build type 'ament_cmake'
[3.622s] INFO:colcon.colcon_cmake.task.cmake.build:Building CMake package in '/home/j/e2e_ws/src/yolo_ros/yolo_bringup'
[3.623s] INFO:colcon.colcon_core.shell:Skip shell extension 'powershell' for command environment: Not usable outside of PowerShell
[3.623s] DEBUG:colcon.colcon_core.shell:Skip shell extension 'dsv' for command environment
[3.642s] DEBUG:colcon.colcon_core.event_handler.log_command:Invoking command in '/home/j/e2e_ws/build/yolo_bringup': AMENT_PREFIX_PATH=/home/j/e2e_ws/install/yolo_ros:/home/j/e2e_ws/install/image_fusion:/home/j/e2e_ws/install/yolo_bringup:/home/j/e2e_ws/install/yolo_msgs:/home/j/e2e_ws/install/turtlebot3_simulations:/home/j/e2e_ws/install/turtlebot3_gazebo:/home/j/e2e_ws/install/turtlebot3_fake_node:/home/j/e2e_ws/install/ros2_aruco_interfaces:/home/j/e2e_ws/install/ros2_aruco:/home/j/e2e_ws/install/e2e_meta:/home/j/e2e_ws/install/delbot:/opt/ros/humble CMAKE_PREFIX_PATH=/home/j/e2e_ws/install/yolo_msgs:/home/j/e2e_ws/install/image_fusion:/home/j/e2e_ws/install/yolo_bringup:/home/j/e2e_ws/install/image_fusion_node:/home/j/e2e_ws/install/turtlebot3_simulations:/home/j/e2e_ws/install/turtlebot3_gazebo:/home/j/e2e_ws/install/turtlebot3_fake_node:/home/j/e2e_ws/install/ros2_aruco_interfaces:/home/j/e2e_ws/install/e2e_meta:/home/j/e2e_ws/install/delbot:/home/j/e2e_ws/install/yolo_ros:/home/j/e2e_ws/install/ros2_aruco:/opt/ros/humble PYTHONPATH=/home/j/e2e_ws/install/yolo_ros/lib/python3.10/site-packages:/home/j/e2e_ws/install/image_fusion/local/lib/python3.10/dist-packages:/home/j/e2e_ws/build/yolo_ros:/home/j/e2e_ws/build/image_fusion:/home/j/e2e_ws/install/image_fusion/lib/python3.10/site-packages:/home/j/e2e_ws/build/ros2_aruco:/home/j/e2e_ws/install/image_fusion_node/local/lib/python3.10/dist-packages:/home/j/e2e_ws/install/yolo_msgs/local/lib/python3.10/dist-packages:/home/j/e2e_ws/install/ros2_aruco_interfaces/local/lib/python3.10/dist-packages:/home/j/e2e_ws/install/ros2_aruco/lib/python3.10/site-packages:/opt/ros/humble/lib/python3.10/site-packages:/opt/ros/humble/local/lib/python3.10/dist-packages /usr/bin/cmake --build /home/j/e2e_ws/build/yolo_bringup -- -j22 -l22
[3.691s] DEBUG:colcon.colcon_core.event_handler.log_command:Invoked command in '/home/j/e2e_ws/build/yolo_bringup' returned '0': AMENT_PREFIX_PATH=/home/j/e2e_ws/install/yolo_ros:/home/j/e2e_ws/install/image_fusion:/home/j/e2e_ws/install/yolo_bringup:/home/j/e2e_ws/install/yolo_msgs:/home/j/e2e_ws/install/turtlebot3_simulations:/home/j/e2e_ws/install/turtlebot3_gazebo:/home/j/e2e_ws/install/turtlebot3_fake_node:/home/j/e2e_ws/install/ros2_aruco_interfaces:/home/j/e2e_ws/install/ros2_aruco:/home/j/e2e_ws/install/e2e_meta:/home/j/e2e_ws/install/delbot:/opt/ros/humble CMAKE_PREFIX_PATH=/home/j/e2e_ws/install/yolo_msgs:/home/j/e2e_ws/install/image_fusion:/home/j/e2e_ws/install/yolo_bringup:/home/j/e2e_ws/install/image_fusion_node:/home/j/e2e_ws/install/turtlebot3_simulations:/home/j/e2e_ws/install/turtlebot3_gazebo:/home/j/e2e_ws/install/turtlebot3_fake_node:/home/j/e2e_ws/install/ros2_aruco_interfaces:/home/j/e2e_ws/install/e2e_meta:/home/j/e2e_ws/install/delbot:/home/j/e2e_ws/install/yolo_ros:/home/j/e2e_ws/install/ros2_aruco:/opt/ros/humble PYTHONPATH=/home/j/e2e_ws/install/yolo_ros/lib/python3.10/site-packages:/home/j/e2e_ws/install/image_fusion/local/lib/python3.10/dist-packages:/home/j/e2e_ws/build/yolo_ros:/home/j/e2e_ws/build/image_fusion:/home/j/e2e_ws/install/image_fusion/lib/python3.10/site-packages:/home/j/e2e_ws/build/ros2_aruco:/home/j/e2e_ws/install/image_fusion_node/local/lib/python3.10/dist-packages:/home/j/e2e_ws/install/yolo_msgs/local/lib/python3.10/dist-packages:/home/j/e2e_ws/install/ros2_aruco_interfaces/local/lib/python3.10/dist-packages:/home/j/e2e_ws/install/ros2_aruco/lib/python3.10/site-packages:/opt/ros/humble/lib/python3.10/site-packages:/opt/ros/humble/local/lib/python3.10/dist-packages /usr/bin/cmake --build /home/j/e2e_ws/build/yolo_bringup -- -j22 -l22
[3.694s] DEBUG:colcon.colcon_core.event_handler.log_command:Invoking command in '/home/j/e2e_ws/build/yolo_bringup': AMENT_PREFIX_PATH=/home/j/e2e_ws/install/yolo_ros:/home/j/e2e_ws/install/image_fusion:/home/j/e2e_ws/install/yolo_bringup:/home/j/e2e_ws/install/yolo_msgs:/home/j/e2e_ws/install/turtlebot3_simulations:/home/j/e2e_ws/install/turtlebot3_gazebo:/home/j/e2e_ws/install/turtlebot3_fake_node:/home/j/e2e_ws/install/ros2_aruco_interfaces:/home/j/e2e_ws/install/ros2_aruco:/home/j/e2e_ws/install/e2e_meta:/home/j/e2e_ws/install/delbot:/opt/ros/humble CMAKE_PREFIX_PATH=/home/j/e2e_ws/install/yolo_msgs:/home/j/e2e_ws/install/image_fusion:/home/j/e2e_ws/install/yolo_bringup:/home/j/e2e_ws/install/image_fusion_node:/home/j/e2e_ws/install/turtlebot3_simulations:/home/j/e2e_ws/install/turtlebot3_gazebo:/home/j/e2e_ws/install/turtlebot3_fake_node:/home/j/e2e_ws/install/ros2_aruco_interfaces:/home/j/e2e_ws/install/e2e_meta:/home/j/e2e_ws/install/delbot:/home/j/e2e_ws/install/yolo_ros:/home/j/e2e_ws/install/ros2_aruco:/opt/ros/humble PYTHONPATH=/home/j/e2e_ws/install/yolo_ros/lib/python3.10/site-packages:/home/j/e2e_ws/install/image_fusion/local/lib/python3.10/dist-packages:/home/j/e2e_ws/build/yolo_ros:/home/j/e2e_ws/build/image_fusion:/home/j/e2e_ws/install/image_fusion/lib/python3.10/site-packages:/home/j/e2e_ws/build/ros2_aruco:/home/j/e2e_ws/install/image_fusion_node/local/lib/python3.10/dist-packages:/home/j/e2e_ws/install/yolo_msgs/local/lib/python3.10/dist-packages:/home/j/e2e_ws/install/ros2_aruco_interfaces/local/lib/python3.10/dist-packages:/home/j/e2e_ws/install/ros2_aruco/lib/python3.10/site-packages:/opt/ros/humble/lib/python3.10/site-packages:/opt/ros/humble/local/lib/python3.10/dist-packages /usr/bin/cmake --install /home/j/e2e_ws/build/yolo_bringup
[3.713s] Level 1:colcon.colcon_core.environment:create_environment_scripts_only(yolo_bringup)
[3.713s] Level 1:colcon.colcon_core.environment:checking '/home/j/e2e_ws/install/yolo_bringup' for CMake module files
[3.718s] DEBUG:colcon.colcon_core.event_handler.log_command:Invoked command in '/home/j/e2e_ws/build/yolo_bringup' returned '0': AMENT_PREFIX_PATH=/home/j/e2e_ws/install/yolo_ros:/home/j/e2e_ws/install/image_fusion:/home/j/e2e_ws/install/yolo_bringup:/home/j/e2e_ws/install/yolo_msgs:/home/j/e2e_ws/install/turtlebot3_simulations:/home/j/e2e_ws/install/turtlebot3_gazebo:/home/j/e2e_ws/install/turtlebot3_fake_node:/home/j/e2e_ws/install/ros2_aruco_interfaces:/home/j/e2e_ws/install/ros2_aruco:/home/j/e2e_ws/install/e2e_meta:/home/j/e2e_ws/install/delbot:/opt/ros/humble CMAKE_PREFIX_PATH=/home/j/e2e_ws/install/yolo_msgs:/home/j/e2e_ws/install/image_fusion:/home/j/e2e_ws/install/yolo_bringup:/home/j/e2e_ws/install/image_fusion_node:/home/j/e2e_ws/install/turtlebot3_simulations:/home/j/e2e_ws/install/turtlebot3_gazebo:/home/j/e2e_ws/install/turtlebot3_fake_node:/home/j/e2e_ws/install/ros2_aruco_interfaces:/home/j/e2e_ws/install/e2e_meta:/home/j/e2e_ws/install/delbot:/home/j/e2e_ws/install/yolo_ros:/home/j/e2e_ws/install/ros2_aruco:/opt/ros/humble PYTHONPATH=/home/j/e2e_ws/install/yolo_ros/lib/python3.10/site-packages:/home/j/e2e_ws/install/image_fusion/local/lib/python3.10/dist-packages:/home/j/e2e_ws/build/yolo_ros:/home/j/e2e_ws/build/image_fusion:/home/j/e2e_ws/install/image_fusion/lib/python3.10/site-packages:/home/j/e2e_ws/build/ros2_aruco:/home/j/e2e_ws/install/image_fusion_node/local/lib/python3.10/dist-packages:/home/j/e2e_ws/install/yolo_msgs/local/lib/python3.10/dist-packages:/home/j/e2e_ws/install/ros2_aruco_interfaces/local/lib/python3.10/dist-packages:/home/j/e2e_ws/install/ros2_aruco/lib/python3.10/site-packages:/opt/ros/humble/lib/python3.10/site-packages:/opt/ros/humble/local/lib/python3.10/dist-packages /usr/bin/cmake --install /home/j/e2e_ws/build/yolo_bringup
[3.719s] Level 1:colcon.colcon_core.environment:checking '/home/j/e2e_ws/install/yolo_bringup' for CMake config files
[3.720s] Level 1:colcon.colcon_core.shell:create_environment_hook('yolo_bringup', 'cmake_prefix_path')
[3.720s] INFO:colcon.colcon_core.shell:Creating environment hook '/home/j/e2e_ws/install/yolo_bringup/share/yolo_bringup/hook/cmake_prefix_path.ps1'
[3.721s] INFO:colcon.colcon_core.shell:Creating environment descriptor '/home/j/e2e_ws/install/yolo_bringup/share/yolo_bringup/hook/cmake_prefix_path.dsv'
[3.722s] INFO:colcon.colcon_core.shell:Creating environment hook '/home/j/e2e_ws/install/yolo_bringup/share/yolo_bringup/hook/cmake_prefix_path.sh'
[3.725s] Level 1:colcon.colcon_core.environment:checking '/home/j/e2e_ws/install/yolo_bringup/bin'
[3.725s] Level 1:colcon.colcon_core.environment:checking '/home/j/e2e_ws/install/yolo_bringup/lib/pkgconfig/yolo_bringup.pc'
[3.726s] Level 1:colcon.colcon_core.environment:checking '/home/j/e2e_ws/install/yolo_bringup/lib/python3.10/site-packages'
[3.726s] Level 1:colcon.colcon_core.environment:checking '/home/j/e2e_ws/install/yolo_bringup/bin'
[3.727s] INFO:colcon.colcon_core.shell:Creating package script '/home/j/e2e_ws/install/yolo_bringup/share/yolo_bringup/package.ps1'
[3.728s] INFO:colcon.colcon_core.shell:Creating package descriptor '/home/j/e2e_ws/install/yolo_bringup/share/yolo_bringup/package.dsv'
[3.729s] INFO:colcon.colcon_core.shell:Creating package script '/home/j/e2e_ws/install/yolo_bringup/share/yolo_bringup/package.sh'
[3.732s] INFO:colcon.colcon_core.shell:Creating package script '/home/j/e2e_ws/install/yolo_bringup/share/yolo_bringup/package.bash'
[3.733s] INFO:colcon.colcon_core.shell:Creating package script '/home/j/e2e_ws/install/yolo_bringup/share/yolo_bringup/package.zsh'
[3.734s] Level 1:colcon.colcon_core.environment:create_file_with_runtime_dependencies(/home/j/e2e_ws/install/yolo_bringup/share/colcon-core/packages/yolo_bringup)
[3.735s] Level 1:colcon.colcon_core.environment:create_environment_scripts_only(yolo_bringup)
[3.735s] Level 1:colcon.colcon_core.environment:checking '/home/j/e2e_ws/install/yolo_bringup' for CMake module files
[3.736s] Level 1:colcon.colcon_core.environment:checking '/home/j/e2e_ws/install/yolo_bringup' for CMake config files
[3.736s] Level 1:colcon.colcon_core.shell:create_environment_hook('yolo_bringup', 'cmake_prefix_path')
[3.737s] INFO:colcon.colcon_core.shell:Creating environment hook '/home/j/e2e_ws/install/yolo_bringup/share/yolo_bringup/hook/cmake_prefix_path.ps1'
[3.737s] INFO:colcon.colcon_core.shell:Creating environment descriptor '/home/j/e2e_ws/install/yolo_bringup/share/yolo_bringup/hook/cmake_prefix_path.dsv'
[3.738s] INFO:colcon.colcon_core.shell:Creating environment hook '/home/j/e2e_ws/install/yolo_bringup/share/yolo_bringup/hook/cmake_prefix_path.sh'
[3.739s] Level 1:colcon.colcon_core.environment:checking '/home/j/e2e_ws/install/yolo_bringup/bin'
[3.739s] Level 1:colcon.colcon_core.environment:checking '/home/j/e2e_ws/install/yolo_bringup/lib/pkgconfig/yolo_bringup.pc'
[3.739s] Level 1:colcon.colcon_core.environment:checking '/home/j/e2e_ws/install/yolo_bringup/lib/python3.10/site-packages'
[3.740s] Level 1:colcon.colcon_core.environment:checking '/home/j/e2e_ws/install/yolo_bringup/bin'
[3.740s] INFO:colcon.colcon_core.shell:Creating package script '/home/j/e2e_ws/install/yolo_bringup/share/yolo_bringup/package.ps1'
[3.741s] INFO:colcon.colcon_core.shell:Creating package descriptor '/home/j/e2e_ws/install/yolo_bringup/share/yolo_bringup/package.dsv'
[3.742s] INFO:colcon.colcon_core.shell:Creating package script '/home/j/e2e_ws/install/yolo_bringup/share/yolo_bringup/package.sh'
[3.742s] INFO:colcon.colcon_core.shell:Creating package script '/home/j/e2e_ws/install/yolo_bringup/share/yolo_bringup/package.bash'
[3.743s] INFO:colcon.colcon_core.shell:Creating package script '/home/j/e2e_ws/install/yolo_bringup/share/yolo_bringup/package.zsh'
[3.744s] Level 1:colcon.colcon_core.environment:create_file_with_runtime_dependencies(/home/j/e2e_ws/install/yolo_bringup/share/colcon-core/packages/yolo_bringup)
[3.782s] DEBUG:colcon.colcon_core.event_handler.log_command:Invoked command in '/home/j/e2e_ws/build/image_fusion' returned '0': CMAKE_PREFIX_PATH=/home/j/e2e_ws/install/yolo_msgs:/home/j/e2e_ws/install/image_fusion:/home/j/e2e_ws/install/yolo_bringup:/home/j/e2e_ws/install/image_fusion_node:/home/j/e2e_ws/install/turtlebot3_simulations:/home/j/e2e_ws/install/turtlebot3_gazebo:/home/j/e2e_ws/install/turtlebot3_fake_node:/home/j/e2e_ws/install/ros2_aruco_interfaces:/home/j/e2e_ws/install/e2e_meta:/home/j/e2e_ws/install/delbot PYTHONPATH=/home/j/e2e_ws/build/image_fusion/prefix_override:/usr/lib/python3/dist-packages/colcon_core/task/python/colcon_distutils_commands:/home/j/e2e_ws/install/image_fusion/lib/python3.10/site-packages:${PYTHONPATH} /usr/bin/python3 -W ignore:setup.py install is deprecated -W ignore:easy_install command is deprecated setup.py develop --uninstall --editable --build-directory /home/j/e2e_ws/build/image_fusion/build
[3.783s] DEBUG:colcon.colcon_core.event_handler.log_command:Invoking command in '/home/j/e2e_ws/src/image_fusion': CMAKE_PREFIX_PATH=/home/j/e2e_ws/install/yolo_msgs:/home/j/e2e_ws/install/image_fusion:/home/j/e2e_ws/install/yolo_bringup:/home/j/e2e_ws/install/image_fusion_node:/home/j/e2e_ws/install/turtlebot3_simulations:/home/j/e2e_ws/install/turtlebot3_gazebo:/home/j/e2e_ws/install/turtlebot3_fake_node:/home/j/e2e_ws/install/ros2_aruco_interfaces:/home/j/e2e_ws/install/e2e_meta:/home/j/e2e_ws/install/delbot PYTHONPATH=/home/j/e2e_ws/build/image_fusion/prefix_override:/usr/lib/python3/dist-packages/colcon_core/task/python/colcon_distutils_commands:/home/j/e2e_ws/install/image_fusion/lib/python3.10/site-packages:${PYTHONPATH} /usr/bin/python3 -W ignore:setup.py install is deprecated -W ignore:easy_install command is deprecated setup.py egg_info --egg-base ../../build/image_fusion build --build-base /home/j/e2e_ws/build/image_fusion/build install --record /home/j/e2e_ws/build/image_fusion/install.log --single-version-externally-managed install_data --force
[4.235s] Level 1:colcon.colcon_core.environment:checking '/home/j/e2e_ws/install/image_fusion' for CMake module files
[4.237s] DEBUG:colcon.colcon_core.event_handler.log_command:Invoked command in '/home/j/e2e_ws/src/image_fusion' returned '0': CMAKE_PREFIX_PATH=/home/j/e2e_ws/install/yolo_msgs:/home/j/e2e_ws/install/image_fusion:/home/j/e2e_ws/install/yolo_bringup:/home/j/e2e_ws/install/image_fusion_node:/home/j/e2e_ws/install/turtlebot3_simulations:/home/j/e2e_ws/install/turtlebot3_gazebo:/home/j/e2e_ws/install/turtlebot3_fake_node:/home/j/e2e_ws/install/ros2_aruco_interfaces:/home/j/e2e_ws/install/e2e_meta:/home/j/e2e_ws/install/delbot PYTHONPATH=/home/j/e2e_ws/build/image_fusion/prefix_override:/usr/lib/python3/dist-packages/colcon_core/task/python/colcon_distutils_commands:/home/j/e2e_ws/install/image_fusion/lib/python3.10/site-packages:${PYTHONPATH} /usr/bin/python3 -W ignore:setup.py install is deprecated -W ignore:easy_install command is deprecated setup.py egg_info --egg-base ../../build/image_fusion build --build-base /home/j/e2e_ws/build/image_fusion/build install --record /home/j/e2e_ws/build/image_fusion/install.log --single-version-externally-managed install_data --force
[4.237s] Level 1:colcon.colcon_core.environment:checking '/home/j/e2e_ws/install/image_fusion' for CMake config files
[4.238s] Level 1:colcon.colcon_core.environment:checking '/home/j/e2e_ws/install/image_fusion/lib'
[4.238s] Level 1:colcon.colcon_core.environment:checking '/home/j/e2e_ws/install/image_fusion/bin'
[4.238s] Level 1:colcon.colcon_core.environment:checking '/home/j/e2e_ws/install/image_fusion/lib/pkgconfig/image_fusion.pc'
[4.239s] Level 1:colcon.colcon_core.environment:checking '/home/j/e2e_ws/install/image_fusion/lib/python3.10/site-packages'
[4.239s] Level 1:colcon.colcon_core.shell:create_environment_hook('image_fusion', 'pythonpath')
[4.239s] INFO:colcon.colcon_core.shell:Creating environment hook '/home/j/e2e_ws/install/image_fusion/share/image_fusion/hook/pythonpath.ps1'
[4.240s] INFO:colcon.colcon_core.shell:Creating environment descriptor '/home/j/e2e_ws/install/image_fusion/share/image_fusion/hook/pythonpath.dsv'
[4.240s] INFO:colcon.colcon_core.shell:Creating environment hook '/home/j/e2e_ws/install/image_fusion/share/image_fusion/hook/pythonpath.sh'
[4.241s] Level 1:colcon.colcon_core.environment:checking '/home/j/e2e_ws/install/image_fusion/bin'
[4.241s] Level 1:colcon.colcon_core.environment:create_environment_scripts_only(image_fusion)
[4.242s] INFO:colcon.colcon_core.shell:Creating package script '/home/j/e2e_ws/install/image_fusion/share/image_fusion/package.ps1'
[4.244s] INFO:colcon.colcon_core.shell:Creating package descriptor '/home/j/e2e_ws/install/image_fusion/share/image_fusion/package.dsv'
[4.244s] INFO:colcon.colcon_core.shell:Creating package script '/home/j/e2e_ws/install/image_fusion/share/image_fusion/package.sh'
[4.245s] INFO:colcon.colcon_core.shell:Creating package script '/home/j/e2e_ws/install/image_fusion/share/image_fusion/package.bash'
[4.245s] INFO:colcon.colcon_core.shell:Creating package script '/home/j/e2e_ws/install/image_fusion/share/image_fusion/package.zsh'
[4.245s] Level 1:colcon.colcon_core.environment:create_file_with_runtime_dependencies(/home/j/e2e_ws/install/image_fusion/share/colcon-core/packages/image_fusion)
[4.246s] DEBUG:colcon.colcon_parallel_executor.executor.parallel:closing loop
[4.246s] DEBUG:colcon.colcon_parallel_executor.executor.parallel:loop closed
[4.246s] DEBUG:colcon.colcon_parallel_executor.executor.parallel:run_until_complete finished with '0'
[4.246s] DEBUG:colcon.colcon_core.event_reactor:joining thread
[4.258s] INFO:colcon.colcon_core.plugin_system:Skipping extension 'colcon_notification.desktop_notification.terminal_notifier': Not used on non-Darwin systems
[4.258s] INFO:colcon.colcon_core.plugin_system:Skipping extension 'colcon_notification.desktop_notification.win32': Not used on non-Windows systems
[4.258s] INFO:colcon.colcon_notification.desktop_notification:Sending desktop notification using 'notify2'
[4.283s] DEBUG:colcon.colcon_core.event_reactor:joined thread
[4.284s] INFO:colcon.colcon_core.shell:Creating prefix script '/home/j/e2e_ws/install/local_setup.ps1'
[4.285s] INFO:colcon.colcon_core.shell:Creating prefix util module '/home/j/e2e_ws/install/_local_setup_util_ps1.py'
[4.287s] INFO:colcon.colcon_core.shell:Creating prefix chain script '/home/j/e2e_ws/install/setup.ps1'
[4.289s] INFO:colcon.colcon_core.shell:Creating prefix script '/home/j/e2e_ws/install/local_setup.sh'
[4.290s] INFO:colcon.colcon_core.shell:Creating prefix util module '/home/j/e2e_ws/install/_local_setup_util_sh.py'
[4.290s] INFO:colcon.colcon_core.shell:Creating prefix chain script '/home/j/e2e_ws/install/setup.sh'
[4.292s] INFO:colcon.colcon_core.shell:Creating prefix script '/home/j/e2e_ws/install/local_setup.bash'
[4.292s] INFO:colcon.colcon_core.shell:Creating prefix chain script '/home/j/e2e_ws/install/setup.bash'
[4.294s] INFO:colcon.colcon_core.shell:Creating prefix script '/home/j/e2e_ws/install/local_setup.zsh'
[4.294s] INFO:colcon.colcon_core.shell:Creating prefix chain script '/home/j/e2e_ws/install/setup.zsh'
