[0.201s] DEBUG:colcon:Command line arguments: ['/usr/bin/colcon', 'build']
[0.201s] DEBUG:colcon:Parsed command line arguments: Namespace(log_base=None, log_level=None, verb_name='build', build_base='build', install_base='install', merge_install=False, symlink_install=False, test_result_base=None, continue_on_error=False, executor='parallel', parallel_workers=22, event_handlers=None, ignore_user_meta=False, metas=['./colcon.meta'], base_paths=['.'], packages_ignore=None, packages_ignore_regex=None, paths=None, packages_up_to=None, packages_up_to_regex=None, packages_above=None, packages_above_and_dependencies=None, packages_above_depth=None, packages_select_by_dep=None, packages_skip_by_dep=None, packages_skip_up_to=None, packages_select_build_failed=False, packages_skip_build_finished=False, packages_select_test_failures=False, packages_skip_test_passed=False, packages_select=None, packages_skip=None, packages_select_regex=None, packages_skip_regex=None, packages_start=None, packages_end=None, allow_overriding=[], cmake_args=None, cmake_target=None, cmake_target_skip_unavailable=False, cmake_clean_cache=False, cmake_clean_first=False, cmake_force_configure=False, ament_cmake_args=None, catkin_cmake_args=None, catkin_skip_building_tests=False, verb_parser=<colcon_defaults.argument_parser.defaults.DefaultArgumentsDecorator object at 0x73e1b8e4eb90>, verb_extension=<colcon_core.verb.build.BuildVerb object at 0x73e1b8fc7970>, main=<bound method BuildVerb.main of <colcon_core.verb.build.BuildVerb object at 0x73e1b8fc7970>>)
[0.470s] Level 1:colcon.colcon_core.package_discovery:discover_packages(colcon_meta) check parameters
[0.470s] Level 1:colcon.colcon_core.package_discovery:discover_packages(recursive) check parameters
[0.470s] Level 1:colcon.colcon_core.package_discovery:discover_packages(ignore) check parameters
[0.470s] Level 1:colcon.colcon_core.package_discovery:discover_packages(path) check parameters
[0.470s] Level 1:colcon.colcon_core.package_discovery:discover_packages(colcon_meta) discover
[0.471s] Level 1:colcon.colcon_core.package_discovery:discover_packages(recursive) discover
[0.471s] INFO:colcon.colcon_core.package_discovery:Crawling recursively for packages in '/home/j/e2e_ws'
[0.471s] Level 1:colcon.colcon_core.package_identification:_identify(.) by extensions ['ignore', 'ignore_ament_install']
[0.471s] Level 1:colcon.colcon_core.package_identification:_identify(.) by extension 'ignore'
[0.472s] Level 1:colcon.colcon_core.package_identification:_identify(.) by extension 'ignore_ament_install'
[0.472s] Level 1:colcon.colcon_core.package_identification:_identify(.) by extensions ['colcon_pkg']
[0.472s] Level 1:colcon.colcon_core.package_identification:_identify(.) by extension 'colcon_pkg'
[0.472s] Level 1:colcon.colcon_core.package_identification:_identify(.) by extensions ['colcon_meta']
[0.472s] Level 1:colcon.colcon_core.package_identification:_identify(.) by extension 'colcon_meta'
[0.472s] Level 1:colcon.colcon_core.package_identification:_identify(.) by extensions ['ros']
[0.472s] Level 1:colcon.colcon_core.package_identification:_identify(.) by extension 'ros'
[0.488s] Level 1:colcon.colcon_core.package_identification:_identify(.) by extensions ['cmake', 'python']
[0.488s] Level 1:colcon.colcon_core.package_identification:_identify(.) by extension 'cmake'
[0.489s] Level 1:colcon.colcon_core.package_identification:_identify(.) by extension 'python'
[0.489s] Level 1:colcon.colcon_core.package_identification:_identify(.) by extensions ['python_setup_py']
[0.489s] Level 1:colcon.colcon_core.package_identification:_identify(.) by extension 'python_setup_py'
[0.489s] Level 1:colcon.colcon_core.package_identification:_identify(build) by extensions ['ignore', 'ignore_ament_install']
[0.489s] Level 1:colcon.colcon_core.package_identification:_identify(build) by extension 'ignore'
[0.489s] Level 1:colcon.colcon_core.package_identification:_identify(build) ignored
[0.489s] Level 1:colcon.colcon_core.package_identification:_identify(install) by extensions ['ignore', 'ignore_ament_install']
[0.490s] Level 1:colcon.colcon_core.package_identification:_identify(install) by extension 'ignore'
[0.490s] Level 1:colcon.colcon_core.package_identification:_identify(install) ignored
[0.490s] Level 1:colcon.colcon_core.package_identification:_identify(log) by extensions ['ignore', 'ignore_ament_install']
[0.490s] Level 1:colcon.colcon_core.package_identification:_identify(log) by extension 'ignore'
[0.490s] Level 1:colcon.colcon_core.package_identification:_identify(log) ignored
[0.490s] Level 1:colcon.colcon_core.package_identification:_identify(resource) by extensions ['ignore', 'ignore_ament_install']
[0.490s] Level 1:colcon.colcon_core.package_identification:_identify(resource) by extension 'ignore'
[0.490s] Level 1:colcon.colcon_core.package_identification:_identify(resource) by extension 'ignore_ament_install'
[0.490s] Level 1:colcon.colcon_core.package_identification:_identify(resource) by extensions ['colcon_pkg']
[0.490s] Level 1:colcon.colcon_core.package_identification:_identify(resource) by extension 'colcon_pkg'
[0.490s] Level 1:colcon.colcon_core.package_identification:_identify(resource) by extensions ['colcon_meta']
[0.490s] Level 1:colcon.colcon_core.package_identification:_identify(resource) by extension 'colcon_meta'
[0.490s] Level 1:colcon.colcon_core.package_identification:_identify(resource) by extensions ['ros']
[0.491s] Level 1:colcon.colcon_core.package_identification:_identify(resource) by extension 'ros'
[0.491s] Level 1:colcon.colcon_core.package_identification:_identify(resource) by extensions ['cmake', 'python']
[0.491s] Level 1:colcon.colcon_core.package_identification:_identify(resource) by extension 'cmake'
[0.491s] Level 1:colcon.colcon_core.package_identification:_identify(resource) by extension 'python'
[0.491s] Level 1:colcon.colcon_core.package_identification:_identify(resource) by extensions ['python_setup_py']
[0.491s] Level 1:colcon.colcon_core.package_identification:_identify(resource) by extension 'python_setup_py'
[0.491s] Level 1:colcon.colcon_core.package_identification:_identify(rosbag2_2025_05_26-14_36_35) by extensions ['ignore', 'ignore_ament_install']
[0.491s] Level 1:colcon.colcon_core.package_identification:_identify(rosbag2_2025_05_26-14_36_35) by extension 'ignore'
[0.491s] Level 1:colcon.colcon_core.package_identification:_identify(rosbag2_2025_05_26-14_36_35) by extension 'ignore_ament_install'
[0.491s] Level 1:colcon.colcon_core.package_identification:_identify(rosbag2_2025_05_26-14_36_35) by extensions ['colcon_pkg']
[0.491s] Level 1:colcon.colcon_core.package_identification:_identify(rosbag2_2025_05_26-14_36_35) by extension 'colcon_pkg'
[0.491s] Level 1:colcon.colcon_core.package_identification:_identify(rosbag2_2025_05_26-14_36_35) by extensions ['colcon_meta']
[0.491s] Level 1:colcon.colcon_core.package_identification:_identify(rosbag2_2025_05_26-14_36_35) by extension 'colcon_meta'
[0.491s] Level 1:colcon.colcon_core.package_identification:_identify(rosbag2_2025_05_26-14_36_35) by extensions ['ros']
[0.491s] Level 1:colcon.colcon_core.package_identification:_identify(rosbag2_2025_05_26-14_36_35) by extension 'ros'
[0.491s] Level 1:colcon.colcon_core.package_identification:_identify(rosbag2_2025_05_26-14_36_35) by extensions ['cmake', 'python']
[0.492s] Level 1:colcon.colcon_core.package_identification:_identify(rosbag2_2025_05_26-14_36_35) by extension 'cmake'
[0.492s] Level 1:colcon.colcon_core.package_identification:_identify(rosbag2_2025_05_26-14_36_35) by extension 'python'
[0.492s] Level 1:colcon.colcon_core.package_identification:_identify(rosbag2_2025_05_26-14_36_35) by extensions ['python_setup_py']
[0.492s] Level 1:colcon.colcon_core.package_identification:_identify(rosbag2_2025_05_26-14_36_35) by extension 'python_setup_py'
[0.492s] Level 1:colcon.colcon_core.package_identification:_identify(rosbag2_2025_05_26-14_39_32) by extensions ['ignore', 'ignore_ament_install']
[0.492s] Level 1:colcon.colcon_core.package_identification:_identify(rosbag2_2025_05_26-14_39_32) by extension 'ignore'
[0.492s] Level 1:colcon.colcon_core.package_identification:_identify(rosbag2_2025_05_26-14_39_32) by extension 'ignore_ament_install'
[0.492s] Level 1:colcon.colcon_core.package_identification:_identify(rosbag2_2025_05_26-14_39_32) by extensions ['colcon_pkg']
[0.492s] Level 1:colcon.colcon_core.package_identification:_identify(rosbag2_2025_05_26-14_39_32) by extension 'colcon_pkg'
[0.492s] Level 1:colcon.colcon_core.package_identification:_identify(rosbag2_2025_05_26-14_39_32) by extensions ['colcon_meta']
[0.492s] Level 1:colcon.colcon_core.package_identification:_identify(rosbag2_2025_05_26-14_39_32) by extension 'colcon_meta'
[0.492s] Level 1:colcon.colcon_core.package_identification:_identify(rosbag2_2025_05_26-14_39_32) by extensions ['ros']
[0.492s] Level 1:colcon.colcon_core.package_identification:_identify(rosbag2_2025_05_26-14_39_32) by extension 'ros'
[0.492s] Level 1:colcon.colcon_core.package_identification:_identify(rosbag2_2025_05_26-14_39_32) by extensions ['cmake', 'python']
[0.492s] Level 1:colcon.colcon_core.package_identification:_identify(rosbag2_2025_05_26-14_39_32) by extension 'cmake'
[0.492s] Level 1:colcon.colcon_core.package_identification:_identify(rosbag2_2025_05_26-14_39_32) by extension 'python'
[0.492s] Level 1:colcon.colcon_core.package_identification:_identify(rosbag2_2025_05_26-14_39_32) by extensions ['python_setup_py']
[0.492s] Level 1:colcon.colcon_core.package_identification:_identify(rosbag2_2025_05_26-14_39_32) by extension 'python_setup_py'
[0.493s] Level 1:colcon.colcon_core.package_identification:_identify(src) by extensions ['ignore', 'ignore_ament_install']
[0.493s] Level 1:colcon.colcon_core.package_identification:_identify(src) by extension 'ignore'
[0.493s] Level 1:colcon.colcon_core.package_identification:_identify(src) by extension 'ignore_ament_install'
[0.493s] Level 1:colcon.colcon_core.package_identification:_identify(src) by extensions ['colcon_pkg']
[0.493s] Level 1:colcon.colcon_core.package_identification:_identify(src) by extension 'colcon_pkg'
[0.494s] Level 1:colcon.colcon_core.package_identification:_identify(src) by extensions ['colcon_meta']
[0.494s] Level 1:colcon.colcon_core.package_identification:_identify(src) by extension 'colcon_meta'
[0.494s] Level 1:colcon.colcon_core.package_identification:_identify(src) by extensions ['ros']
[0.494s] Level 1:colcon.colcon_core.package_identification:_identify(src) by extension 'ros'
[0.494s] Level 1:colcon.colcon_core.package_identification:_identify(src) by extensions ['cmake', 'python']
[0.495s] Level 1:colcon.colcon_core.package_identification:_identify(src) by extension 'cmake'
[0.495s] Level 1:colcon.colcon_core.package_identification:_identify(src) by extension 'python'
[0.495s] Level 1:colcon.colcon_core.package_identification:_identify(src) by extensions ['python_setup_py']
[0.495s] Level 1:colcon.colcon_core.package_identification:_identify(src) by extension 'python_setup_py'
[0.495s] Level 1:colcon.colcon_core.package_identification:_identify(src/e2e_meta) by extensions ['ignore', 'ignore_ament_install']
[0.496s] Level 1:colcon.colcon_core.package_identification:_identify(src/e2e_meta) by extension 'ignore'
[0.496s] Level 1:colcon.colcon_core.package_identification:_identify(src/e2e_meta) by extension 'ignore_ament_install'
[0.496s] Level 1:colcon.colcon_core.package_identification:_identify(src/e2e_meta) by extensions ['colcon_pkg']
[0.496s] Level 1:colcon.colcon_core.package_identification:_identify(src/e2e_meta) by extension 'colcon_pkg'
[0.496s] Level 1:colcon.colcon_core.package_identification:_identify(src/e2e_meta) by extensions ['colcon_meta']
[0.496s] Level 1:colcon.colcon_core.package_identification:_identify(src/e2e_meta) by extension 'colcon_meta'
[0.497s] Level 1:colcon.colcon_core.package_identification:_identify(src/e2e_meta) by extensions ['ros']
[0.497s] Level 1:colcon.colcon_core.package_identification:_identify(src/e2e_meta) by extension 'ros'
[0.501s] DEBUG:colcon.colcon_core.package_identification:Package 'src/e2e_meta' with type 'ros.ament_cmake' and name 'e2e_meta'
[0.502s] Level 1:colcon.colcon_core.package_identification:_identify(src/image_fusion) by extensions ['ignore', 'ignore_ament_install']
[0.502s] Level 1:colcon.colcon_core.package_identification:_identify(src/image_fusion) by extension 'ignore'
[0.502s] Level 1:colcon.colcon_core.package_identification:_identify(src/image_fusion) by extension 'ignore_ament_install'
[0.502s] Level 1:colcon.colcon_core.package_identification:_identify(src/image_fusion) by extensions ['colcon_pkg']
[0.503s] Level 1:colcon.colcon_core.package_identification:_identify(src/image_fusion) by extension 'colcon_pkg'
[0.503s] Level 1:colcon.colcon_core.package_identification:_identify(src/image_fusion) by extensions ['colcon_meta']
[0.503s] Level 1:colcon.colcon_core.package_identification:_identify(src/image_fusion) by extension 'colcon_meta'
[0.503s] Level 1:colcon.colcon_core.package_identification:_identify(src/image_fusion) by extensions ['ros']
[0.503s] Level 1:colcon.colcon_core.package_identification:_identify(src/image_fusion) by extension 'ros'
[0.505s] DEBUG:colcon.colcon_core.package_identification:Package 'src/image_fusion' with type 'ros.ament_python' and name 'image_fusion'
[0.505s] Level 1:colcon.colcon_core.package_identification:_identify(src/ros2_aruco) by extensions ['ignore', 'ignore_ament_install']
[0.506s] Level 1:colcon.colcon_core.package_identification:_identify(src/ros2_aruco) by extension 'ignore'
[0.506s] Level 1:colcon.colcon_core.package_identification:_identify(src/ros2_aruco) by extension 'ignore_ament_install'
[0.506s] Level 1:colcon.colcon_core.package_identification:_identify(src/ros2_aruco) by extensions ['colcon_pkg']
[0.506s] Level 1:colcon.colcon_core.package_identification:_identify(src/ros2_aruco) by extension 'colcon_pkg'
[0.506s] Level 1:colcon.colcon_core.package_identification:_identify(src/ros2_aruco) by extensions ['colcon_meta']
[0.506s] Level 1:colcon.colcon_core.package_identification:_identify(src/ros2_aruco) by extension 'colcon_meta'
[0.507s] Level 1:colcon.colcon_core.package_identification:_identify(src/ros2_aruco) by extensions ['ros']
[0.507s] Level 1:colcon.colcon_core.package_identification:_identify(src/ros2_aruco) by extension 'ros'
[0.508s] Level 1:colcon.colcon_core.package_identification:_identify(src/ros2_aruco) by extensions ['cmake', 'python']
[0.508s] Level 1:colcon.colcon_core.package_identification:_identify(src/ros2_aruco) by extension 'cmake'
[0.508s] Level 1:colcon.colcon_core.package_identification:_identify(src/ros2_aruco) by extension 'python'
[0.508s] Level 1:colcon.colcon_core.package_identification:_identify(src/ros2_aruco) by extensions ['python_setup_py']
[0.508s] Level 1:colcon.colcon_core.package_identification:_identify(src/ros2_aruco) by extension 'python_setup_py'
[0.509s] Level 1:colcon.colcon_core.package_identification:_identify(src/ros2_aruco/ros2_aruco) by extensions ['ignore', 'ignore_ament_install']
[0.509s] Level 1:colcon.colcon_core.package_identification:_identify(src/ros2_aruco/ros2_aruco) by extension 'ignore'
[0.509s] Level 1:colcon.colcon_core.package_identification:_identify(src/ros2_aruco/ros2_aruco) by extension 'ignore_ament_install'
[0.510s] Level 1:colcon.colcon_core.package_identification:_identify(src/ros2_aruco/ros2_aruco) by extensions ['colcon_pkg']
[0.510s] Level 1:colcon.colcon_core.package_identification:_identify(src/ros2_aruco/ros2_aruco) by extension 'colcon_pkg'
[0.510s] Level 1:colcon.colcon_core.package_identification:_identify(src/ros2_aruco/ros2_aruco) by extensions ['colcon_meta']
[0.510s] Level 1:colcon.colcon_core.package_identification:_identify(src/ros2_aruco/ros2_aruco) by extension 'colcon_meta'
[0.510s] Level 1:colcon.colcon_core.package_identification:_identify(src/ros2_aruco/ros2_aruco) by extensions ['ros']
[0.511s] Level 1:colcon.colcon_core.package_identification:_identify(src/ros2_aruco/ros2_aruco) by extension 'ros'
[0.512s] DEBUG:colcon.colcon_core.package_identification:Package 'src/ros2_aruco/ros2_aruco' with type 'ros.ament_python' and name 'ros2_aruco'
[0.512s] Level 1:colcon.colcon_core.package_identification:_identify(src/ros2_aruco/ros2_aruco_interfaces) by extensions ['ignore', 'ignore_ament_install']
[0.513s] Level 1:colcon.colcon_core.package_identification:_identify(src/ros2_aruco/ros2_aruco_interfaces) by extension 'ignore'
[0.513s] Level 1:colcon.colcon_core.package_identification:_identify(src/ros2_aruco/ros2_aruco_interfaces) by extension 'ignore_ament_install'
[0.513s] Level 1:colcon.colcon_core.package_identification:_identify(src/ros2_aruco/ros2_aruco_interfaces) by extensions ['colcon_pkg']
[0.513s] Level 1:colcon.colcon_core.package_identification:_identify(src/ros2_aruco/ros2_aruco_interfaces) by extension 'colcon_pkg'
[0.513s] Level 1:colcon.colcon_core.package_identification:_identify(src/ros2_aruco/ros2_aruco_interfaces) by extensions ['colcon_meta']
[0.513s] Level 1:colcon.colcon_core.package_identification:_identify(src/ros2_aruco/ros2_aruco_interfaces) by extension 'colcon_meta'
[0.513s] Level 1:colcon.colcon_core.package_identification:_identify(src/ros2_aruco/ros2_aruco_interfaces) by extensions ['ros']
[0.513s] Level 1:colcon.colcon_core.package_identification:_identify(src/ros2_aruco/ros2_aruco_interfaces) by extension 'ros'
[0.514s] DEBUG:colcon.colcon_core.package_identification:Package 'src/ros2_aruco/ros2_aruco_interfaces' with type 'ros.ament_cmake' and name 'ros2_aruco_interfaces'
[0.515s] Level 1:colcon.colcon_core.package_identification:_identify(src/turtlebot3_simulations-humble) by extensions ['ignore', 'ignore_ament_install']
[0.515s] Level 1:colcon.colcon_core.package_identification:_identify(src/turtlebot3_simulations-humble) by extension 'ignore'
[0.515s] Level 1:colcon.colcon_core.package_identification:_identify(src/turtlebot3_simulations-humble) by extension 'ignore_ament_install'
[0.515s] Level 1:colcon.colcon_core.package_identification:_identify(src/turtlebot3_simulations-humble) by extensions ['colcon_pkg']
[0.515s] Level 1:colcon.colcon_core.package_identification:_identify(src/turtlebot3_simulations-humble) by extension 'colcon_pkg'
[0.515s] Level 1:colcon.colcon_core.package_identification:_identify(src/turtlebot3_simulations-humble) by extensions ['colcon_meta']
[0.515s] Level 1:colcon.colcon_core.package_identification:_identify(src/turtlebot3_simulations-humble) by extension 'colcon_meta'
[0.515s] Level 1:colcon.colcon_core.package_identification:_identify(src/turtlebot3_simulations-humble) by extensions ['ros']
[0.515s] Level 1:colcon.colcon_core.package_identification:_identify(src/turtlebot3_simulations-humble) by extension 'ros'
[0.515s] Level 1:colcon.colcon_core.package_identification:_identify(src/turtlebot3_simulations-humble) by extensions ['cmake', 'python']
[0.515s] Level 1:colcon.colcon_core.package_identification:_identify(src/turtlebot3_simulations-humble) by extension 'cmake'
[0.516s] Level 1:colcon.colcon_core.package_identification:_identify(src/turtlebot3_simulations-humble) by extension 'python'
[0.516s] Level 1:colcon.colcon_core.package_identification:_identify(src/turtlebot3_simulations-humble) by extensions ['python_setup_py']
[0.516s] Level 1:colcon.colcon_core.package_identification:_identify(src/turtlebot3_simulations-humble) by extension 'python_setup_py'
[0.516s] Level 1:colcon.colcon_core.package_identification:_identify(src/turtlebot3_simulations-humble/turtlebot3_fake_node) by extensions ['ignore', 'ignore_ament_install']
[0.516s] Level 1:colcon.colcon_core.package_identification:_identify(src/turtlebot3_simulations-humble/turtlebot3_fake_node) by extension 'ignore'
[0.516s] Level 1:colcon.colcon_core.package_identification:_identify(src/turtlebot3_simulations-humble/turtlebot3_fake_node) by extension 'ignore_ament_install'
[0.516s] Level 1:colcon.colcon_core.package_identification:_identify(src/turtlebot3_simulations-humble/turtlebot3_fake_node) by extensions ['colcon_pkg']
[0.517s] Level 1:colcon.colcon_core.package_identification:_identify(src/turtlebot3_simulations-humble/turtlebot3_fake_node) by extension 'colcon_pkg'
[0.517s] Level 1:colcon.colcon_core.package_identification:_identify(src/turtlebot3_simulations-humble/turtlebot3_fake_node) by extensions ['colcon_meta']
[0.517s] Level 1:colcon.colcon_core.package_identification:_identify(src/turtlebot3_simulations-humble/turtlebot3_fake_node) by extension 'colcon_meta'
[0.517s] Level 1:colcon.colcon_core.package_identification:_identify(src/turtlebot3_simulations-humble/turtlebot3_fake_node) by extensions ['ros']
[0.517s] Level 1:colcon.colcon_core.package_identification:_identify(src/turtlebot3_simulations-humble/turtlebot3_fake_node) by extension 'ros'
[0.519s] DEBUG:colcon.colcon_core.package_identification:Package 'src/turtlebot3_simulations-humble/turtlebot3_fake_node' with type 'ros.ament_cmake' and name 'turtlebot3_fake_node'
[0.519s] Level 1:colcon.colcon_core.package_identification:_identify(src/turtlebot3_simulations-humble/turtlebot3_gazebo) by extensions ['ignore', 'ignore_ament_install']
[0.519s] Level 1:colcon.colcon_core.package_identification:_identify(src/turtlebot3_simulations-humble/turtlebot3_gazebo) by extension 'ignore'
[0.519s] Level 1:colcon.colcon_core.package_identification:_identify(src/turtlebot3_simulations-humble/turtlebot3_gazebo) by extension 'ignore_ament_install'
[0.519s] Level 1:colcon.colcon_core.package_identification:_identify(src/turtlebot3_simulations-humble/turtlebot3_gazebo) by extensions ['colcon_pkg']
[0.519s] Level 1:colcon.colcon_core.package_identification:_identify(src/turtlebot3_simulations-humble/turtlebot3_gazebo) by extension 'colcon_pkg'
[0.519s] Level 1:colcon.colcon_core.package_identification:_identify(src/turtlebot3_simulations-humble/turtlebot3_gazebo) by extensions ['colcon_meta']
[0.519s] Level 1:colcon.colcon_core.package_identification:_identify(src/turtlebot3_simulations-humble/turtlebot3_gazebo) by extension 'colcon_meta'
[0.519s] Level 1:colcon.colcon_core.package_identification:_identify(src/turtlebot3_simulations-humble/turtlebot3_gazebo) by extensions ['ros']
[0.519s] Level 1:colcon.colcon_core.package_identification:_identify(src/turtlebot3_simulations-humble/turtlebot3_gazebo) by extension 'ros'
[0.521s] DEBUG:colcon.colcon_core.package_identification:Package 'src/turtlebot3_simulations-humble/turtlebot3_gazebo' with type 'ros.ament_cmake' and name 'turtlebot3_gazebo'
[0.521s] Level 1:colcon.colcon_core.package_identification:_identify(src/turtlebot3_simulations-humble/turtlebot3_simulations) by extensions ['ignore', 'ignore_ament_install']
[0.521s] Level 1:colcon.colcon_core.package_identification:_identify(src/turtlebot3_simulations-humble/turtlebot3_simulations) by extension 'ignore'
[0.521s] Level 1:colcon.colcon_core.package_identification:_identify(src/turtlebot3_simulations-humble/turtlebot3_simulations) by extension 'ignore_ament_install'
[0.521s] Level 1:colcon.colcon_core.package_identification:_identify(src/turtlebot3_simulations-humble/turtlebot3_simulations) by extensions ['colcon_pkg']
[0.521s] Level 1:colcon.colcon_core.package_identification:_identify(src/turtlebot3_simulations-humble/turtlebot3_simulations) by extension 'colcon_pkg'
[0.521s] Level 1:colcon.colcon_core.package_identification:_identify(src/turtlebot3_simulations-humble/turtlebot3_simulations) by extensions ['colcon_meta']
[0.521s] Level 1:colcon.colcon_core.package_identification:_identify(src/turtlebot3_simulations-humble/turtlebot3_simulations) by extension 'colcon_meta'
[0.521s] Level 1:colcon.colcon_core.package_identification:_identify(src/turtlebot3_simulations-humble/turtlebot3_simulations) by extensions ['ros']
[0.521s] Level 1:colcon.colcon_core.package_identification:_identify(src/turtlebot3_simulations-humble/turtlebot3_simulations) by extension 'ros'
[0.522s] DEBUG:colcon.colcon_core.package_identification:Package 'src/turtlebot3_simulations-humble/turtlebot3_simulations' with type 'ros.ament_cmake' and name 'turtlebot3_simulations'
[0.522s] Level 1:colcon.colcon_core.package_identification:_identify(src/yolo_ros) by extensions ['ignore', 'ignore_ament_install']
[0.522s] Level 1:colcon.colcon_core.package_identification:_identify(src/yolo_ros) by extension 'ignore'
[0.522s] Level 1:colcon.colcon_core.package_identification:_identify(src/yolo_ros) by extension 'ignore_ament_install'
[0.522s] Level 1:colcon.colcon_core.package_identification:_identify(src/yolo_ros) by extensions ['colcon_pkg']
[0.523s] Level 1:colcon.colcon_core.package_identification:_identify(src/yolo_ros) by extension 'colcon_pkg'
[0.523s] Level 1:colcon.colcon_core.package_identification:_identify(src/yolo_ros) by extensions ['colcon_meta']
[0.523s] Level 1:colcon.colcon_core.package_identification:_identify(src/yolo_ros) by extension 'colcon_meta'
[0.523s] Level 1:colcon.colcon_core.package_identification:_identify(src/yolo_ros) by extensions ['ros']
[0.523s] Level 1:colcon.colcon_core.package_identification:_identify(src/yolo_ros) by extension 'ros'
[0.523s] Level 1:colcon.colcon_core.package_identification:_identify(src/yolo_ros) by extensions ['cmake', 'python']
[0.523s] Level 1:colcon.colcon_core.package_identification:_identify(src/yolo_ros) by extension 'cmake'
[0.523s] Level 1:colcon.colcon_core.package_identification:_identify(src/yolo_ros) by extension 'python'
[0.523s] Level 1:colcon.colcon_core.package_identification:_identify(src/yolo_ros) by extensions ['python_setup_py']
[0.523s] Level 1:colcon.colcon_core.package_identification:_identify(src/yolo_ros) by extension 'python_setup_py'
[0.523s] Level 1:colcon.colcon_core.package_identification:_identify(src/yolo_ros/docs) by extensions ['ignore', 'ignore_ament_install']
[0.523s] Level 1:colcon.colcon_core.package_identification:_identify(src/yolo_ros/docs) by extension 'ignore'
[0.523s] Level 1:colcon.colcon_core.package_identification:_identify(src/yolo_ros/docs) by extension 'ignore_ament_install'
[0.523s] Level 1:colcon.colcon_core.package_identification:_identify(src/yolo_ros/docs) by extensions ['colcon_pkg']
[0.523s] Level 1:colcon.colcon_core.package_identification:_identify(src/yolo_ros/docs) by extension 'colcon_pkg'
[0.523s] Level 1:colcon.colcon_core.package_identification:_identify(src/yolo_ros/docs) by extensions ['colcon_meta']
[0.523s] Level 1:colcon.colcon_core.package_identification:_identify(src/yolo_ros/docs) by extension 'colcon_meta'
[0.523s] Level 1:colcon.colcon_core.package_identification:_identify(src/yolo_ros/docs) by extensions ['ros']
[0.523s] Level 1:colcon.colcon_core.package_identification:_identify(src/yolo_ros/docs) by extension 'ros'
[0.524s] Level 1:colcon.colcon_core.package_identification:_identify(src/yolo_ros/docs) by extensions ['cmake', 'python']
[0.524s] Level 1:colcon.colcon_core.package_identification:_identify(src/yolo_ros/docs) by extension 'cmake'
[0.524s] Level 1:colcon.colcon_core.package_identification:_identify(src/yolo_ros/docs) by extension 'python'
[0.524s] Level 1:colcon.colcon_core.package_identification:_identify(src/yolo_ros/docs) by extensions ['python_setup_py']
[0.524s] Level 1:colcon.colcon_core.package_identification:_identify(src/yolo_ros/docs) by extension 'python_setup_py'
[0.524s] Level 1:colcon.colcon_core.package_identification:_identify(src/yolo_ros/yolo_bringup) by extensions ['ignore', 'ignore_ament_install']
[0.524s] Level 1:colcon.colcon_core.package_identification:_identify(src/yolo_ros/yolo_bringup) by extension 'ignore'
[0.524s] Level 1:colcon.colcon_core.package_identification:_identify(src/yolo_ros/yolo_bringup) by extension 'ignore_ament_install'
[0.524s] Level 1:colcon.colcon_core.package_identification:_identify(src/yolo_ros/yolo_bringup) by extensions ['colcon_pkg']
[0.524s] Level 1:colcon.colcon_core.package_identification:_identify(src/yolo_ros/yolo_bringup) by extension 'colcon_pkg'
[0.524s] Level 1:colcon.colcon_core.package_identification:_identify(src/yolo_ros/yolo_bringup) by extensions ['colcon_meta']
[0.524s] Level 1:colcon.colcon_core.package_identification:_identify(src/yolo_ros/yolo_bringup) by extension 'colcon_meta'
[0.524s] Level 1:colcon.colcon_core.package_identification:_identify(src/yolo_ros/yolo_bringup) by extensions ['ros']
[0.524s] Level 1:colcon.colcon_core.package_identification:_identify(src/yolo_ros/yolo_bringup) by extension 'ros'
[0.525s] DEBUG:colcon.colcon_core.package_identification:Package 'src/yolo_ros/yolo_bringup' with type 'ros.ament_cmake' and name 'yolo_bringup'
[0.526s] Level 1:colcon.colcon_core.package_identification:_identify(src/yolo_ros/yolo_msgs) by extensions ['ignore', 'ignore_ament_install']
[0.526s] Level 1:colcon.colcon_core.package_identification:_identify(src/yolo_ros/yolo_msgs) by extension 'ignore'
[0.526s] Level 1:colcon.colcon_core.package_identification:_identify(src/yolo_ros/yolo_msgs) by extension 'ignore_ament_install'
[0.526s] Level 1:colcon.colcon_core.package_identification:_identify(src/yolo_ros/yolo_msgs) by extensions ['colcon_pkg']
[0.526s] Level 1:colcon.colcon_core.package_identification:_identify(src/yolo_ros/yolo_msgs) by extension 'colcon_pkg'
[0.526s] Level 1:colcon.colcon_core.package_identification:_identify(src/yolo_ros/yolo_msgs) by extensions ['colcon_meta']
[0.526s] Level 1:colcon.colcon_core.package_identification:_identify(src/yolo_ros/yolo_msgs) by extension 'colcon_meta'
[0.526s] Level 1:colcon.colcon_core.package_identification:_identify(src/yolo_ros/yolo_msgs) by extensions ['ros']
[0.526s] Level 1:colcon.colcon_core.package_identification:_identify(src/yolo_ros/yolo_msgs) by extension 'ros'
[0.528s] DEBUG:colcon.colcon_core.package_identification:Package 'src/yolo_ros/yolo_msgs' with type 'ros.ament_cmake' and name 'yolo_msgs'
[0.528s] Level 1:colcon.colcon_core.package_identification:_identify(src/yolo_ros/yolo_ros) by extensions ['ignore', 'ignore_ament_install']
[0.528s] Level 1:colcon.colcon_core.package_identification:_identify(src/yolo_ros/yolo_ros) by extension 'ignore'
[0.528s] Level 1:colcon.colcon_core.package_identification:_identify(src/yolo_ros/yolo_ros) by extension 'ignore_ament_install'
[0.528s] Level 1:colcon.colcon_core.package_identification:_identify(src/yolo_ros/yolo_ros) by extensions ['colcon_pkg']
[0.528s] Level 1:colcon.colcon_core.package_identification:_identify(src/yolo_ros/yolo_ros) by extension 'colcon_pkg'
[0.528s] Level 1:colcon.colcon_core.package_identification:_identify(src/yolo_ros/yolo_ros) by extensions ['colcon_meta']
[0.528s] Level 1:colcon.colcon_core.package_identification:_identify(src/yolo_ros/yolo_ros) by extension 'colcon_meta'
[0.528s] Level 1:colcon.colcon_core.package_identification:_identify(src/yolo_ros/yolo_ros) by extensions ['ros']
[0.528s] Level 1:colcon.colcon_core.package_identification:_identify(src/yolo_ros/yolo_ros) by extension 'ros'
[0.530s] DEBUG:colcon.colcon_core.package_identification:Package 'src/yolo_ros/yolo_ros' with type 'ros.ament_python' and name 'yolo_ros'
[0.530s] Level 1:colcon.colcon_core.package_discovery:discover_packages(recursive) using defaults
[0.530s] Level 1:colcon.colcon_core.package_discovery:discover_packages(ignore) discover
[0.530s] Level 1:colcon.colcon_core.package_discovery:discover_packages(ignore) using defaults
[0.530s] Level 1:colcon.colcon_core.package_discovery:discover_packages(path) discover
[0.530s] Level 1:colcon.colcon_core.package_discovery:discover_packages(path) using defaults
[0.577s] Level 1:colcon.colcon_core.package_discovery:discover_packages(prefix_path) check parameters
[0.577s] Level 1:colcon.colcon_core.package_discovery:discover_packages(prefix_path) discover
[0.578s] WARNING:colcon.colcon_ros.prefix_path.ament:The path '/home/j/e2e_ws/install/delbot' in the environment variable AMENT_PREFIX_PATH doesn't exist
[0.578s] WARNING:colcon.colcon_ros.prefix_path.catkin:The path '/home/j/e2e_ws/install/image_fusion_node' in the environment variable CMAKE_PREFIX_PATH doesn't exist
[0.578s] WARNING:colcon.colcon_ros.prefix_path.catkin:The path '/home/j/e2e_ws/install/delbot' in the environment variable CMAKE_PREFIX_PATH doesn't exist
[0.579s] DEBUG:colcon.colcon_installed_package_information.package_discovery:Found 10 installed packages in /home/j/e2e_ws/install
[0.580s] DEBUG:colcon.colcon_installed_package_information.package_discovery:Found 318 installed packages in /opt/ros/humble
[0.582s] Level 1:colcon.colcon_core.package_discovery:discover_packages(prefix_path) using defaults
[0.639s] Level 5:colcon.colcon_core.verb:set package 'e2e_meta' build argument 'cmake_args' from command line to 'None'
[0.639s] Level 5:colcon.colcon_core.verb:set package 'e2e_meta' build argument 'cmake_target' from command line to 'None'
[0.640s] Level 5:colcon.colcon_core.verb:set package 'e2e_meta' build argument 'cmake_target_skip_unavailable' from command line to 'False'
[0.640s] Level 5:colcon.colcon_core.verb:set package 'e2e_meta' build argument 'cmake_clean_cache' from command line to 'False'
[0.640s] Level 5:colcon.colcon_core.verb:set package 'e2e_meta' build argument 'cmake_clean_first' from command line to 'False'
[0.640s] Level 5:colcon.colcon_core.verb:set package 'e2e_meta' build argument 'cmake_force_configure' from command line to 'False'
[0.640s] Level 5:colcon.colcon_core.verb:set package 'e2e_meta' build argument 'ament_cmake_args' from command line to 'None'
[0.640s] Level 5:colcon.colcon_core.verb:set package 'e2e_meta' build argument 'catkin_cmake_args' from command line to 'None'
[0.640s] Level 5:colcon.colcon_core.verb:set package 'e2e_meta' build argument 'catkin_skip_building_tests' from command line to 'False'
[0.640s] DEBUG:colcon.colcon_core.verb:Building package 'e2e_meta' with the following arguments: {'ament_cmake_args': None, 'build_base': '/home/j/e2e_ws/build/e2e_meta', 'catkin_cmake_args': None, 'catkin_skip_building_tests': False, 'cmake_args': None, 'cmake_clean_cache': False, 'cmake_clean_first': False, 'cmake_force_configure': False, 'cmake_target': None, 'cmake_target_skip_unavailable': False, 'install_base': '/home/j/e2e_ws/install/e2e_meta', 'merge_install': False, 'path': '/home/j/e2e_ws/src/e2e_meta', 'symlink_install': False, 'test_result_base': None}
[0.641s] Level 5:colcon.colcon_core.verb:set package 'ros2_aruco' build argument 'cmake_args' from command line to 'None'
[0.641s] Level 5:colcon.colcon_core.verb:set package 'ros2_aruco' build argument 'cmake_target' from command line to 'None'
[0.641s] Level 5:colcon.colcon_core.verb:set package 'ros2_aruco' build argument 'cmake_target_skip_unavailable' from command line to 'False'
[0.641s] Level 5:colcon.colcon_core.verb:set package 'ros2_aruco' build argument 'cmake_clean_cache' from command line to 'False'
[0.641s] Level 5:colcon.colcon_core.verb:set package 'ros2_aruco' build argument 'cmake_clean_first' from command line to 'False'
[0.641s] Level 5:colcon.colcon_core.verb:set package 'ros2_aruco' build argument 'cmake_force_configure' from command line to 'False'
[0.641s] Level 5:colcon.colcon_core.verb:set package 'ros2_aruco' build argument 'ament_cmake_args' from command line to 'None'
[0.641s] Level 5:colcon.colcon_core.verb:set package 'ros2_aruco' build argument 'catkin_cmake_args' from command line to 'None'
[0.641s] Level 5:colcon.colcon_core.verb:set package 'ros2_aruco' build argument 'catkin_skip_building_tests' from command line to 'False'
[0.641s] DEBUG:colcon.colcon_core.verb:Building package 'ros2_aruco' with the following arguments: {'ament_cmake_args': None, 'build_base': '/home/j/e2e_ws/build/ros2_aruco', 'catkin_cmake_args': None, 'catkin_skip_building_tests': False, 'cmake_args': None, 'cmake_clean_cache': False, 'cmake_clean_first': False, 'cmake_force_configure': False, 'cmake_target': None, 'cmake_target_skip_unavailable': False, 'install_base': '/home/j/e2e_ws/install/ros2_aruco', 'merge_install': False, 'path': '/home/j/e2e_ws/src/ros2_aruco/ros2_aruco', 'symlink_install': False, 'test_result_base': None}
[0.641s] Level 5:colcon.colcon_core.verb:set package 'ros2_aruco_interfaces' build argument 'cmake_args' from command line to 'None'
[0.642s] Level 5:colcon.colcon_core.verb:set package 'ros2_aruco_interfaces' build argument 'cmake_target' from command line to 'None'
[0.642s] Level 5:colcon.colcon_core.verb:set package 'ros2_aruco_interfaces' build argument 'cmake_target_skip_unavailable' from command line to 'False'
[0.642s] Level 5:colcon.colcon_core.verb:set package 'ros2_aruco_interfaces' build argument 'cmake_clean_cache' from command line to 'False'
[0.642s] Level 5:colcon.colcon_core.verb:set package 'ros2_aruco_interfaces' build argument 'cmake_clean_first' from command line to 'False'
[0.642s] Level 5:colcon.colcon_core.verb:set package 'ros2_aruco_interfaces' build argument 'cmake_force_configure' from command line to 'False'
[0.642s] Level 5:colcon.colcon_core.verb:set package 'ros2_aruco_interfaces' build argument 'ament_cmake_args' from command line to 'None'
[0.642s] Level 5:colcon.colcon_core.verb:set package 'ros2_aruco_interfaces' build argument 'catkin_cmake_args' from command line to 'None'
[0.642s] Level 5:colcon.colcon_core.verb:set package 'ros2_aruco_interfaces' build argument 'catkin_skip_building_tests' from command line to 'False'
[0.642s] DEBUG:colcon.colcon_core.verb:Building package 'ros2_aruco_interfaces' with the following arguments: {'ament_cmake_args': None, 'build_base': '/home/j/e2e_ws/build/ros2_aruco_interfaces', 'catkin_cmake_args': None, 'catkin_skip_building_tests': False, 'cmake_args': None, 'cmake_clean_cache': False, 'cmake_clean_first': False, 'cmake_force_configure': False, 'cmake_target': None, 'cmake_target_skip_unavailable': False, 'install_base': '/home/j/e2e_ws/install/ros2_aruco_interfaces', 'merge_install': False, 'path': '/home/j/e2e_ws/src/ros2_aruco/ros2_aruco_interfaces', 'symlink_install': False, 'test_result_base': None}
[0.642s] Level 5:colcon.colcon_core.verb:set package 'turtlebot3_fake_node' build argument 'cmake_args' from command line to 'None'
[0.642s] Level 5:colcon.colcon_core.verb:set package 'turtlebot3_fake_node' build argument 'cmake_target' from command line to 'None'
[0.642s] Level 5:colcon.colcon_core.verb:set package 'turtlebot3_fake_node' build argument 'cmake_target_skip_unavailable' from command line to 'False'
[0.643s] Level 5:colcon.colcon_core.verb:set package 'turtlebot3_fake_node' build argument 'cmake_clean_cache' from command line to 'False'
[0.643s] Level 5:colcon.colcon_core.verb:set package 'turtlebot3_fake_node' build argument 'cmake_clean_first' from command line to 'False'
[0.643s] Level 5:colcon.colcon_core.verb:set package 'turtlebot3_fake_node' build argument 'cmake_force_configure' from command line to 'False'
[0.643s] Level 5:colcon.colcon_core.verb:set package 'turtlebot3_fake_node' build argument 'ament_cmake_args' from command line to 'None'
[0.643s] Level 5:colcon.colcon_core.verb:set package 'turtlebot3_fake_node' build argument 'catkin_cmake_args' from command line to 'None'
[0.643s] Level 5:colcon.colcon_core.verb:set package 'turtlebot3_fake_node' build argument 'catkin_skip_building_tests' from command line to 'False'
[0.643s] DEBUG:colcon.colcon_core.verb:Building package 'turtlebot3_fake_node' with the following arguments: {'ament_cmake_args': None, 'build_base': '/home/j/e2e_ws/build/turtlebot3_fake_node', 'catkin_cmake_args': None, 'catkin_skip_building_tests': False, 'cmake_args': None, 'cmake_clean_cache': False, 'cmake_clean_first': False, 'cmake_force_configure': False, 'cmake_target': None, 'cmake_target_skip_unavailable': False, 'install_base': '/home/j/e2e_ws/install/turtlebot3_fake_node', 'merge_install': False, 'path': '/home/j/e2e_ws/src/turtlebot3_simulations-humble/turtlebot3_fake_node', 'symlink_install': False, 'test_result_base': None}
[0.643s] Level 5:colcon.colcon_core.verb:set package 'turtlebot3_gazebo' build argument 'cmake_args' from command line to 'None'
[0.643s] Level 5:colcon.colcon_core.verb:set package 'turtlebot3_gazebo' build argument 'cmake_target' from command line to 'None'
[0.643s] Level 5:colcon.colcon_core.verb:set package 'turtlebot3_gazebo' build argument 'cmake_target_skip_unavailable' from command line to 'False'
[0.643s] Level 5:colcon.colcon_core.verb:set package 'turtlebot3_gazebo' build argument 'cmake_clean_cache' from command line to 'False'
[0.643s] Level 5:colcon.colcon_core.verb:set package 'turtlebot3_gazebo' build argument 'cmake_clean_first' from command line to 'False'
[0.643s] Level 5:colcon.colcon_core.verb:set package 'turtlebot3_gazebo' build argument 'cmake_force_configure' from command line to 'False'
[0.643s] Level 5:colcon.colcon_core.verb:set package 'turtlebot3_gazebo' build argument 'ament_cmake_args' from command line to 'None'
[0.644s] Level 5:colcon.colcon_core.verb:set package 'turtlebot3_gazebo' build argument 'catkin_cmake_args' from command line to 'None'
[0.644s] Level 5:colcon.colcon_core.verb:set package 'turtlebot3_gazebo' build argument 'catkin_skip_building_tests' from command line to 'False'
[0.644s] DEBUG:colcon.colcon_core.verb:Building package 'turtlebot3_gazebo' with the following arguments: {'ament_cmake_args': None, 'build_base': '/home/j/e2e_ws/build/turtlebot3_gazebo', 'catkin_cmake_args': None, 'catkin_skip_building_tests': False, 'cmake_args': None, 'cmake_clean_cache': False, 'cmake_clean_first': False, 'cmake_force_configure': False, 'cmake_target': None, 'cmake_target_skip_unavailable': False, 'install_base': '/home/j/e2e_ws/install/turtlebot3_gazebo', 'merge_install': False, 'path': '/home/j/e2e_ws/src/turtlebot3_simulations-humble/turtlebot3_gazebo', 'symlink_install': False, 'test_result_base': None}
[0.644s] Level 5:colcon.colcon_core.verb:set package 'yolo_msgs' build argument 'cmake_args' from command line to 'None'
[0.644s] Level 5:colcon.colcon_core.verb:set package 'yolo_msgs' build argument 'cmake_target' from command line to 'None'
[0.644s] Level 5:colcon.colcon_core.verb:set package 'yolo_msgs' build argument 'cmake_target_skip_unavailable' from command line to 'False'
[0.644s] Level 5:colcon.colcon_core.verb:set package 'yolo_msgs' build argument 'cmake_clean_cache' from command line to 'False'
[0.644s] Level 5:colcon.colcon_core.verb:set package 'yolo_msgs' build argument 'cmake_clean_first' from command line to 'False'
[0.644s] Level 5:colcon.colcon_core.verb:set package 'yolo_msgs' build argument 'cmake_force_configure' from command line to 'False'
[0.644s] Level 5:colcon.colcon_core.verb:set package 'yolo_msgs' build argument 'ament_cmake_args' from command line to 'None'
[0.644s] Level 5:colcon.colcon_core.verb:set package 'yolo_msgs' build argument 'catkin_cmake_args' from command line to 'None'
[0.644s] Level 5:colcon.colcon_core.verb:set package 'yolo_msgs' build argument 'catkin_skip_building_tests' from command line to 'False'
[0.644s] DEBUG:colcon.colcon_core.verb:Building package 'yolo_msgs' with the following arguments: {'ament_cmake_args': None, 'build_base': '/home/j/e2e_ws/build/yolo_msgs', 'catkin_cmake_args': None, 'catkin_skip_building_tests': False, 'cmake_args': None, 'cmake_clean_cache': False, 'cmake_clean_first': False, 'cmake_force_configure': False, 'cmake_target': None, 'cmake_target_skip_unavailable': False, 'install_base': '/home/j/e2e_ws/install/yolo_msgs', 'merge_install': False, 'path': '/home/j/e2e_ws/src/yolo_ros/yolo_msgs', 'symlink_install': False, 'test_result_base': None}
[0.645s] Level 5:colcon.colcon_core.verb:set package 'image_fusion' build argument 'cmake_args' from command line to 'None'
[0.645s] Level 5:colcon.colcon_core.verb:set package 'image_fusion' build argument 'cmake_target' from command line to 'None'
[0.645s] Level 5:colcon.colcon_core.verb:set package 'image_fusion' build argument 'cmake_target_skip_unavailable' from command line to 'False'
[0.645s] Level 5:colcon.colcon_core.verb:set package 'image_fusion' build argument 'cmake_clean_cache' from command line to 'False'
[0.645s] Level 5:colcon.colcon_core.verb:set package 'image_fusion' build argument 'cmake_clean_first' from command line to 'False'
[0.645s] Level 5:colcon.colcon_core.verb:set package 'image_fusion' build argument 'cmake_force_configure' from command line to 'False'
[0.645s] Level 5:colcon.colcon_core.verb:set package 'image_fusion' build argument 'ament_cmake_args' from command line to 'None'
[0.645s] Level 5:colcon.colcon_core.verb:set package 'image_fusion' build argument 'catkin_cmake_args' from command line to 'None'
[0.645s] Level 5:colcon.colcon_core.verb:set package 'image_fusion' build argument 'catkin_skip_building_tests' from command line to 'False'
[0.645s] DEBUG:colcon.colcon_core.verb:Building package 'image_fusion' with the following arguments: {'ament_cmake_args': None, 'build_base': '/home/j/e2e_ws/build/image_fusion', 'catkin_cmake_args': None, 'catkin_skip_building_tests': False, 'cmake_args': None, 'cmake_clean_cache': False, 'cmake_clean_first': False, 'cmake_force_configure': False, 'cmake_target': None, 'cmake_target_skip_unavailable': False, 'install_base': '/home/j/e2e_ws/install/image_fusion', 'merge_install': False, 'path': '/home/j/e2e_ws/src/image_fusion', 'symlink_install': False, 'test_result_base': None}
[0.646s] Level 5:colcon.colcon_core.verb:set package 'turtlebot3_simulations' build argument 'cmake_args' from command line to 'None'
[0.646s] Level 5:colcon.colcon_core.verb:set package 'turtlebot3_simulations' build argument 'cmake_target' from command line to 'None'
[0.646s] Level 5:colcon.colcon_core.verb:set package 'turtlebot3_simulations' build argument 'cmake_target_skip_unavailable' from command line to 'False'
[0.646s] Level 5:colcon.colcon_core.verb:set package 'turtlebot3_simulations' build argument 'cmake_clean_cache' from command line to 'False'
[0.646s] Level 5:colcon.colcon_core.verb:set package 'turtlebot3_simulations' build argument 'cmake_clean_first' from command line to 'False'
[0.646s] Level 5:colcon.colcon_core.verb:set package 'turtlebot3_simulations' build argument 'cmake_force_configure' from command line to 'False'
[0.646s] Level 5:colcon.colcon_core.verb:set package 'turtlebot3_simulations' build argument 'ament_cmake_args' from command line to 'None'
[0.646s] Level 5:colcon.colcon_core.verb:set package 'turtlebot3_simulations' build argument 'catkin_cmake_args' from command line to 'None'
[0.646s] Level 5:colcon.colcon_core.verb:set package 'turtlebot3_simulations' build argument 'catkin_skip_building_tests' from command line to 'False'
[0.646s] DEBUG:colcon.colcon_core.verb:Building package 'turtlebot3_simulations' with the following arguments: {'ament_cmake_args': None, 'build_base': '/home/j/e2e_ws/build/turtlebot3_simulations', 'catkin_cmake_args': None, 'catkin_skip_building_tests': False, 'cmake_args': None, 'cmake_clean_cache': False, 'cmake_clean_first': False, 'cmake_force_configure': False, 'cmake_target': None, 'cmake_target_skip_unavailable': False, 'install_base': '/home/j/e2e_ws/install/turtlebot3_simulations', 'merge_install': False, 'path': '/home/j/e2e_ws/src/turtlebot3_simulations-humble/turtlebot3_simulations', 'symlink_install': False, 'test_result_base': None}
[0.647s] Level 5:colcon.colcon_core.verb:set package 'yolo_ros' build argument 'cmake_args' from command line to 'None'
[0.647s] Level 5:colcon.colcon_core.verb:set package 'yolo_ros' build argument 'cmake_target' from command line to 'None'
[0.647s] Level 5:colcon.colcon_core.verb:set package 'yolo_ros' build argument 'cmake_target_skip_unavailable' from command line to 'False'
[0.647s] Level 5:colcon.colcon_core.verb:set package 'yolo_ros' build argument 'cmake_clean_cache' from command line to 'False'
[0.647s] Level 5:colcon.colcon_core.verb:set package 'yolo_ros' build argument 'cmake_clean_first' from command line to 'False'
[0.647s] Level 5:colcon.colcon_core.verb:set package 'yolo_ros' build argument 'cmake_force_configure' from command line to 'False'
[0.647s] Level 5:colcon.colcon_core.verb:set package 'yolo_ros' build argument 'ament_cmake_args' from command line to 'None'
[0.647s] Level 5:colcon.colcon_core.verb:set package 'yolo_ros' build argument 'catkin_cmake_args' from command line to 'None'
[0.647s] Level 5:colcon.colcon_core.verb:set package 'yolo_ros' build argument 'catkin_skip_building_tests' from command line to 'False'
[0.647s] DEBUG:colcon.colcon_core.verb:Building package 'yolo_ros' with the following arguments: {'ament_cmake_args': None, 'build_base': '/home/j/e2e_ws/build/yolo_ros', 'catkin_cmake_args': None, 'catkin_skip_building_tests': False, 'cmake_args': None, 'cmake_clean_cache': False, 'cmake_clean_first': False, 'cmake_force_configure': False, 'cmake_target': None, 'cmake_target_skip_unavailable': False, 'install_base': '/home/j/e2e_ws/install/yolo_ros', 'merge_install': False, 'path': '/home/j/e2e_ws/src/yolo_ros/yolo_ros', 'symlink_install': False, 'test_result_base': None}
[0.647s] Level 5:colcon.colcon_core.verb:set package 'yolo_bringup' build argument 'cmake_args' from command line to 'None'
[0.647s] Level 5:colcon.colcon_core.verb:set package 'yolo_bringup' build argument 'cmake_target' from command line to 'None'
[0.648s] Level 5:colcon.colcon_core.verb:set package 'yolo_bringup' build argument 'cmake_target_skip_unavailable' from command line to 'False'
[0.648s] Level 5:colcon.colcon_core.verb:set package 'yolo_bringup' build argument 'cmake_clean_cache' from command line to 'False'
[0.648s] Level 5:colcon.colcon_core.verb:set package 'yolo_bringup' build argument 'cmake_clean_first' from command line to 'False'
[0.648s] Level 5:colcon.colcon_core.verb:set package 'yolo_bringup' build argument 'cmake_force_configure' from command line to 'False'
[0.648s] Level 5:colcon.colcon_core.verb:set package 'yolo_bringup' build argument 'ament_cmake_args' from command line to 'None'
[0.648s] Level 5:colcon.colcon_core.verb:set package 'yolo_bringup' build argument 'catkin_cmake_args' from command line to 'None'
[0.648s] Level 5:colcon.colcon_core.verb:set package 'yolo_bringup' build argument 'catkin_skip_building_tests' from command line to 'False'
[0.648s] DEBUG:colcon.colcon_core.verb:Building package 'yolo_bringup' with the following arguments: {'ament_cmake_args': None, 'build_base': '/home/j/e2e_ws/build/yolo_bringup', 'catkin_cmake_args': None, 'catkin_skip_building_tests': False, 'cmake_args': None, 'cmake_clean_cache': False, 'cmake_clean_first': False, 'cmake_force_configure': False, 'cmake_target': None, 'cmake_target_skip_unavailable': False, 'install_base': '/home/j/e2e_ws/install/yolo_bringup', 'merge_install': False, 'path': '/home/j/e2e_ws/src/yolo_ros/yolo_bringup', 'symlink_install': False, 'test_result_base': None}
[0.648s] INFO:colcon.colcon_core.executor:Executing jobs using 'parallel' executor
[0.650s] DEBUG:colcon.colcon_parallel_executor.executor.parallel:run_until_complete
[0.651s] INFO:colcon.colcon_ros.task.ament_cmake.build:Building ROS package in '/home/j/e2e_ws/src/yolo_ros/yolo_msgs' with build type 'ament_cmake'
[0.651s] INFO:colcon.colcon_cmake.task.cmake.build:Building CMake package in '/home/j/e2e_ws/src/yolo_ros/yolo_msgs'
[0.655s] INFO:colcon.colcon_core.plugin_system:Skipping extension 'colcon_core.shell.bat': Not used on non-Windows systems
[0.655s] INFO:colcon.colcon_core.shell:Skip shell extension 'powershell' for command environment: Not usable outside of PowerShell
[0.655s] DEBUG:colcon.colcon_core.shell:Skip shell extension 'dsv' for command environment
[0.662s] INFO:colcon.colcon_ros.task.ament_cmake.build:Building ROS package in '/home/j/e2e_ws/src/turtlebot3_simulations-humble/turtlebot3_fake_node' with build type 'ament_cmake'
[0.662s] INFO:colcon.colcon_cmake.task.cmake.build:Building CMake package in '/home/j/e2e_ws/src/turtlebot3_simulations-humble/turtlebot3_fake_node'
[0.663s] INFO:colcon.colcon_core.shell:Skip shell extension 'powershell' for command environment: Not usable outside of PowerShell
[0.664s] DEBUG:colcon.colcon_core.shell:Skip shell extension 'dsv' for command environment
[0.671s] INFO:colcon.colcon_ros.task.ament_cmake.build:Building ROS package in '/home/j/e2e_ws/src/turtlebot3_simulations-humble/turtlebot3_gazebo' with build type 'ament_cmake'
[0.671s] INFO:colcon.colcon_cmake.task.cmake.build:Building CMake package in '/home/j/e2e_ws/src/turtlebot3_simulations-humble/turtlebot3_gazebo'
[0.672s] INFO:colcon.colcon_core.shell:Skip shell extension 'powershell' for command environment: Not usable outside of PowerShell
[0.672s] DEBUG:colcon.colcon_core.shell:Skip shell extension 'dsv' for command environment
[0.678s] INFO:colcon.colcon_ros.task.ament_cmake.build:Building ROS package in '/home/j/e2e_ws/src/e2e_meta' with build type 'ament_cmake'
[0.678s] INFO:colcon.colcon_cmake.task.cmake.build:Building CMake package in '/home/j/e2e_ws/src/e2e_meta'
[0.679s] INFO:colcon.colcon_core.shell:Skip shell extension 'powershell' for command environment: Not usable outside of PowerShell
[0.679s] DEBUG:colcon.colcon_core.shell:Skip shell extension 'dsv' for command environment
[0.685s] INFO:colcon.colcon_ros.task.ament_python.build:Building ROS package in '/home/j/e2e_ws/src/ros2_aruco/ros2_aruco' with build type 'ament_python'
[0.685s] Level 1:colcon.colcon_core.shell:create_environment_hook('ros2_aruco', 'ament_prefix_path')
[0.685s] INFO:colcon.colcon_core.shell:Creating environment hook '/home/j/e2e_ws/install/ros2_aruco/share/ros2_aruco/hook/ament_prefix_path.ps1'
[0.687s] INFO:colcon.colcon_core.shell:Creating environment descriptor '/home/j/e2e_ws/install/ros2_aruco/share/ros2_aruco/hook/ament_prefix_path.dsv'
[0.687s] INFO:colcon.colcon_core.shell:Creating environment hook '/home/j/e2e_ws/install/ros2_aruco/share/ros2_aruco/hook/ament_prefix_path.sh'
[0.688s] INFO:colcon.colcon_core.shell:Skip shell extension 'powershell' for command environment: Not usable outside of PowerShell
[0.688s] DEBUG:colcon.colcon_core.shell:Skip shell extension 'dsv' for command environment
[0.696s] INFO:colcon.colcon_ros.task.ament_cmake.build:Building ROS package in '/home/j/e2e_ws/src/ros2_aruco/ros2_aruco_interfaces' with build type 'ament_cmake'
[0.696s] INFO:colcon.colcon_cmake.task.cmake.build:Building CMake package in '/home/j/e2e_ws/src/ros2_aruco/ros2_aruco_interfaces'
[0.697s] INFO:colcon.colcon_core.shell:Skip shell extension 'powershell' for command environment: Not usable outside of PowerShell
[0.697s] DEBUG:colcon.colcon_core.shell:Skip shell extension 'dsv' for command environment
[0.710s] DEBUG:colcon.colcon_core.event_handler.log_command:Invoking command in '/home/j/e2e_ws/build/yolo_msgs': CMAKE_PREFIX_PATH=${CMAKE_PREFIX_PATH}:/home/j/e2e_ws/install/yolo_ros:/home/j/e2e_ws/install/ros2_aruco:/opt/ros/humble /usr/bin/cmake --build /home/j/e2e_ws/build/yolo_msgs -- -j22 -l22
[0.728s] DEBUG:colcon.colcon_core.event_handler.log_command:Invoking command in '/home/j/e2e_ws/build/turtlebot3_fake_node': CMAKE_PREFIX_PATH=${CMAKE_PREFIX_PATH}:/home/j/e2e_ws/install/yolo_ros:/home/j/e2e_ws/install/ros2_aruco:/opt/ros/humble /usr/bin/cmake --build /home/j/e2e_ws/build/turtlebot3_fake_node -- -j22 -l22
[0.736s] DEBUG:colcon.colcon_core.event_handler.log_command:Invoking command in '/home/j/e2e_ws/build/turtlebot3_gazebo': CMAKE_PREFIX_PATH=${CMAKE_PREFIX_PATH}:/home/j/e2e_ws/install/yolo_ros:/home/j/e2e_ws/install/ros2_aruco:/opt/ros/humble /usr/bin/cmake --build /home/j/e2e_ws/build/turtlebot3_gazebo -- -j22 -l22
[0.745s] DEBUG:colcon.colcon_core.event_handler.log_command:Invoking command in '/home/j/e2e_ws/build/e2e_meta': CMAKE_PREFIX_PATH=${CMAKE_PREFIX_PATH}:/home/j/e2e_ws/install/yolo_ros:/home/j/e2e_ws/install/ros2_aruco:/opt/ros/humble /usr/bin/cmake --build /home/j/e2e_ws/build/e2e_meta -- -j22 -l22
[1.244s] INFO:colcon.colcon_core.task.python.build:Building Python package in '/home/j/e2e_ws/src/ros2_aruco/ros2_aruco'
[1.245s] INFO:colcon.colcon_core.shell:Skip shell extension 'powershell' for command environment: Not usable outside of PowerShell
[1.245s] DEBUG:colcon.colcon_core.shell:Skip shell extension 'dsv' for command environment
[1.261s] DEBUG:colcon.colcon_core.event_handler.log_command:Invoking command in '/home/j/e2e_ws/build/ros2_aruco_interfaces': CMAKE_PREFIX_PATH=${CMAKE_PREFIX_PATH}:/home/j/e2e_ws/install/yolo_ros:/home/j/e2e_ws/install/ros2_aruco:/opt/ros/humble /usr/bin/cmake --build /home/j/e2e_ws/build/ros2_aruco_interfaces -- -j22 -l22
[1.263s] DEBUG:colcon.colcon_core.event_handler.log_command:Invoked command in '/home/j/e2e_ws/build/e2e_meta' returned '0': CMAKE_PREFIX_PATH=${CMAKE_PREFIX_PATH}:/home/j/e2e_ws/install/yolo_ros:/home/j/e2e_ws/install/ros2_aruco:/opt/ros/humble /usr/bin/cmake --build /home/j/e2e_ws/build/e2e_meta -- -j22 -l22
[1.280s] DEBUG:colcon.colcon_core.event_handler.log_command:Invoking command in '/home/j/e2e_ws/build/e2e_meta': CMAKE_PREFIX_PATH=${CMAKE_PREFIX_PATH}:/home/j/e2e_ws/install/yolo_ros:/home/j/e2e_ws/install/ros2_aruco:/opt/ros/humble /usr/bin/cmake --install /home/j/e2e_ws/build/e2e_meta
[1.281s] DEBUG:colcon.colcon_core.event_handler.log_command:Invoked command in '/home/j/e2e_ws/build/turtlebot3_fake_node' returned '0': CMAKE_PREFIX_PATH=${CMAKE_PREFIX_PATH}:/home/j/e2e_ws/install/yolo_ros:/home/j/e2e_ws/install/ros2_aruco:/opt/ros/humble /usr/bin/cmake --build /home/j/e2e_ws/build/turtlebot3_fake_node -- -j22 -l22
[1.283s] DEBUG:colcon.colcon_core.event_handler.log_command:Invoking command in '/home/j/e2e_ws/build/turtlebot3_fake_node': CMAKE_PREFIX_PATH=${CMAKE_PREFIX_PATH}:/home/j/e2e_ws/install/yolo_ros:/home/j/e2e_ws/install/ros2_aruco:/opt/ros/humble /usr/bin/cmake --install /home/j/e2e_ws/build/turtlebot3_fake_node
[1.320s] Level 1:colcon.colcon_core.environment:create_environment_scripts_only(turtlebot3_fake_node)
[1.322s] DEBUG:colcon.colcon_core.event_handler.log_command:Invoked command in '/home/j/e2e_ws/build/turtlebot3_gazebo' returned '0': CMAKE_PREFIX_PATH=${CMAKE_PREFIX_PATH}:/home/j/e2e_ws/install/yolo_ros:/home/j/e2e_ws/install/ros2_aruco:/opt/ros/humble /usr/bin/cmake --build /home/j/e2e_ws/build/turtlebot3_gazebo -- -j22 -l22
[1.324s] DEBUG:colcon.colcon_core.event_handler.log_command:Invoking command in '/home/j/e2e_ws/build/turtlebot3_gazebo': CMAKE_PREFIX_PATH=${CMAKE_PREFIX_PATH}:/home/j/e2e_ws/install/yolo_ros:/home/j/e2e_ws/install/ros2_aruco:/opt/ros/humble /usr/bin/cmake --install /home/j/e2e_ws/build/turtlebot3_gazebo
[1.325s] DEBUG:colcon.colcon_core.event_handler.log_command:Invoked command in '/home/j/e2e_ws/build/turtlebot3_fake_node' returned '0': CMAKE_PREFIX_PATH=${CMAKE_PREFIX_PATH}:/home/j/e2e_ws/install/yolo_ros:/home/j/e2e_ws/install/ros2_aruco:/opt/ros/humble /usr/bin/cmake --install /home/j/e2e_ws/build/turtlebot3_fake_node
[1.329s] Level 1:colcon.colcon_core.environment:checking '/home/j/e2e_ws/install/turtlebot3_fake_node' for CMake module files
[1.330s] Level 1:colcon.colcon_core.environment:checking '/home/j/e2e_ws/install/turtlebot3_fake_node' for CMake config files
[1.330s] Level 1:colcon.colcon_core.shell:create_environment_hook('turtlebot3_fake_node', 'cmake_prefix_path')
[1.331s] INFO:colcon.colcon_core.shell:Creating environment hook '/home/j/e2e_ws/install/turtlebot3_fake_node/share/turtlebot3_fake_node/hook/cmake_prefix_path.ps1'
[1.332s] INFO:colcon.colcon_core.shell:Creating environment descriptor '/home/j/e2e_ws/install/turtlebot3_fake_node/share/turtlebot3_fake_node/hook/cmake_prefix_path.dsv'
[1.332s] INFO:colcon.colcon_core.shell:Creating environment hook '/home/j/e2e_ws/install/turtlebot3_fake_node/share/turtlebot3_fake_node/hook/cmake_prefix_path.sh'
[1.333s] Level 1:colcon.colcon_core.environment:checking '/home/j/e2e_ws/install/turtlebot3_fake_node/lib'
[1.334s] Level 1:colcon.colcon_core.environment:checking '/home/j/e2e_ws/install/turtlebot3_fake_node/bin'
[1.334s] Level 1:colcon.colcon_core.environment:checking '/home/j/e2e_ws/install/turtlebot3_fake_node/lib/pkgconfig/turtlebot3_fake_node.pc'
[1.334s] Level 1:colcon.colcon_core.environment:checking '/home/j/e2e_ws/install/turtlebot3_fake_node/lib/python3.10/site-packages'
[1.335s] Level 1:colcon.colcon_core.environment:checking '/home/j/e2e_ws/install/turtlebot3_fake_node/bin'
[1.336s] INFO:colcon.colcon_core.shell:Creating package script '/home/j/e2e_ws/install/turtlebot3_fake_node/share/turtlebot3_fake_node/package.ps1'
[1.339s] INFO:colcon.colcon_core.shell:Creating package descriptor '/home/j/e2e_ws/install/turtlebot3_fake_node/share/turtlebot3_fake_node/package.dsv'
[1.341s] INFO:colcon.colcon_core.shell:Creating package script '/home/j/e2e_ws/install/turtlebot3_fake_node/share/turtlebot3_fake_node/package.sh'
[1.344s] INFO:colcon.colcon_core.shell:Creating package script '/home/j/e2e_ws/install/turtlebot3_fake_node/share/turtlebot3_fake_node/package.bash'
[1.348s] INFO:colcon.colcon_core.shell:Creating package script '/home/j/e2e_ws/install/turtlebot3_fake_node/share/turtlebot3_fake_node/package.zsh'
[1.353s] Level 1:colcon.colcon_core.environment:create_file_with_runtime_dependencies(/home/j/e2e_ws/install/turtlebot3_fake_node/share/colcon-core/packages/turtlebot3_fake_node)
[1.355s] Level 1:colcon.colcon_core.environment:create_environment_scripts_only(turtlebot3_fake_node)
[1.355s] Level 1:colcon.colcon_core.environment:checking '/home/j/e2e_ws/install/turtlebot3_fake_node' for CMake module files
[1.359s] Level 1:colcon.colcon_core.environment:checking '/home/j/e2e_ws/install/turtlebot3_fake_node' for CMake config files
[1.364s] Level 1:colcon.colcon_core.shell:create_environment_hook('turtlebot3_fake_node', 'cmake_prefix_path')
[1.365s] INFO:colcon.colcon_core.shell:Creating environment hook '/home/j/e2e_ws/install/turtlebot3_fake_node/share/turtlebot3_fake_node/hook/cmake_prefix_path.ps1'
[1.368s] INFO:colcon.colcon_core.shell:Creating environment descriptor '/home/j/e2e_ws/install/turtlebot3_fake_node/share/turtlebot3_fake_node/hook/cmake_prefix_path.dsv'
[1.371s] INFO:colcon.colcon_core.shell:Creating environment hook '/home/j/e2e_ws/install/turtlebot3_fake_node/share/turtlebot3_fake_node/hook/cmake_prefix_path.sh'
[1.375s] Level 1:colcon.colcon_core.environment:checking '/home/j/e2e_ws/install/turtlebot3_fake_node/lib'
[1.376s] Level 1:colcon.colcon_core.environment:checking '/home/j/e2e_ws/install/turtlebot3_fake_node/bin'
[1.376s] Level 1:colcon.colcon_core.environment:checking '/home/j/e2e_ws/install/turtlebot3_fake_node/lib/pkgconfig/turtlebot3_fake_node.pc'
[1.377s] Level 1:colcon.colcon_core.environment:checking '/home/j/e2e_ws/install/turtlebot3_fake_node/lib/python3.10/site-packages'
[1.377s] Level 1:colcon.colcon_core.environment:checking '/home/j/e2e_ws/install/turtlebot3_fake_node/bin'
[1.378s] INFO:colcon.colcon_core.shell:Creating package script '/home/j/e2e_ws/install/turtlebot3_fake_node/share/turtlebot3_fake_node/package.ps1'
[1.380s] INFO:colcon.colcon_core.shell:Creating package descriptor '/home/j/e2e_ws/install/turtlebot3_fake_node/share/turtlebot3_fake_node/package.dsv'
[1.386s] INFO:colcon.colcon_core.shell:Creating package script '/home/j/e2e_ws/install/turtlebot3_fake_node/share/turtlebot3_fake_node/package.sh'
[1.390s] INFO:colcon.colcon_core.shell:Creating package script '/home/j/e2e_ws/install/turtlebot3_fake_node/share/turtlebot3_fake_node/package.bash'
[1.398s] INFO:colcon.colcon_core.shell:Creating package script '/home/j/e2e_ws/install/turtlebot3_fake_node/share/turtlebot3_fake_node/package.zsh'
[1.401s] Level 1:colcon.colcon_core.environment:create_file_with_runtime_dependencies(/home/j/e2e_ws/install/turtlebot3_fake_node/share/colcon-core/packages/turtlebot3_fake_node)
[1.401s] Level 1:colcon.colcon_core.environment:create_environment_scripts_only(e2e_meta)
[1.402s] Level 1:colcon.colcon_core.environment:checking '/home/j/e2e_ws/install/e2e_meta' for CMake module files
[1.405s] Level 1:colcon.colcon_core.environment:checking '/home/j/e2e_ws/install/e2e_meta' for CMake config files
[1.406s] Level 1:colcon.colcon_core.shell:create_environment_hook('e2e_meta', 'cmake_prefix_path')
[1.406s] INFO:colcon.colcon_core.shell:Creating environment hook '/home/j/e2e_ws/install/e2e_meta/share/e2e_meta/hook/cmake_prefix_path.ps1'
[1.407s] INFO:colcon.colcon_core.shell:Creating environment descriptor '/home/j/e2e_ws/install/e2e_meta/share/e2e_meta/hook/cmake_prefix_path.dsv'
[1.411s] INFO:colcon.colcon_core.shell:Creating environment hook '/home/j/e2e_ws/install/e2e_meta/share/e2e_meta/hook/cmake_prefix_path.sh'
[1.412s] Level 1:colcon.colcon_core.environment:checking '/home/j/e2e_ws/install/e2e_meta/bin'
[1.412s] Level 1:colcon.colcon_core.environment:checking '/home/j/e2e_ws/install/e2e_meta/lib/pkgconfig/e2e_meta.pc'
[1.413s] Level 1:colcon.colcon_core.environment:checking '/home/j/e2e_ws/install/e2e_meta/lib/python3.10/site-packages'
[1.415s] DEBUG:colcon.colcon_core.event_handler.log_command:Invoked command in '/home/j/e2e_ws/build/e2e_meta' returned '0': CMAKE_PREFIX_PATH=${CMAKE_PREFIX_PATH}:/home/j/e2e_ws/install/yolo_ros:/home/j/e2e_ws/install/ros2_aruco:/opt/ros/humble /usr/bin/cmake --install /home/j/e2e_ws/build/e2e_meta
[1.417s] Level 1:colcon.colcon_core.environment:checking '/home/j/e2e_ws/install/e2e_meta/bin'
[1.418s] INFO:colcon.colcon_core.shell:Creating package script '/home/j/e2e_ws/install/e2e_meta/share/e2e_meta/package.ps1'
[1.420s] INFO:colcon.colcon_core.shell:Creating package descriptor '/home/j/e2e_ws/install/e2e_meta/share/e2e_meta/package.dsv'
[1.423s] INFO:colcon.colcon_core.shell:Creating package script '/home/j/e2e_ws/install/e2e_meta/share/e2e_meta/package.sh'
[1.424s] INFO:colcon.colcon_core.shell:Creating package script '/home/j/e2e_ws/install/e2e_meta/share/e2e_meta/package.bash'
[1.425s] INFO:colcon.colcon_core.shell:Creating package script '/home/j/e2e_ws/install/e2e_meta/share/e2e_meta/package.zsh'
[1.426s] Level 1:colcon.colcon_core.environment:create_file_with_runtime_dependencies(/home/j/e2e_ws/install/e2e_meta/share/colcon-core/packages/e2e_meta)
[1.427s] Level 1:colcon.colcon_core.environment:create_environment_scripts_only(e2e_meta)
[1.427s] Level 1:colcon.colcon_core.environment:checking '/home/j/e2e_ws/install/e2e_meta' for CMake module files
[1.428s] Level 1:colcon.colcon_core.environment:checking '/home/j/e2e_ws/install/e2e_meta' for CMake config files
[1.428s] Level 1:colcon.colcon_core.shell:create_environment_hook('e2e_meta', 'cmake_prefix_path')
[1.428s] INFO:colcon.colcon_core.shell:Creating environment hook '/home/j/e2e_ws/install/e2e_meta/share/e2e_meta/hook/cmake_prefix_path.ps1'
[1.429s] INFO:colcon.colcon_core.shell:Creating environment descriptor '/home/j/e2e_ws/install/e2e_meta/share/e2e_meta/hook/cmake_prefix_path.dsv'
[1.431s] INFO:colcon.colcon_core.shell:Creating environment hook '/home/j/e2e_ws/install/e2e_meta/share/e2e_meta/hook/cmake_prefix_path.sh'
[1.432s] Level 1:colcon.colcon_core.environment:checking '/home/j/e2e_ws/install/e2e_meta/bin'
[1.432s] Level 1:colcon.colcon_core.environment:checking '/home/j/e2e_ws/install/e2e_meta/lib/pkgconfig/e2e_meta.pc'
[1.432s] Level 1:colcon.colcon_core.environment:checking '/home/j/e2e_ws/install/e2e_meta/lib/python3.10/site-packages'
[1.433s] Level 1:colcon.colcon_core.environment:checking '/home/j/e2e_ws/install/e2e_meta/bin'
[1.433s] INFO:colcon.colcon_core.shell:Creating package script '/home/j/e2e_ws/install/e2e_meta/share/e2e_meta/package.ps1'
[1.435s] INFO:colcon.colcon_core.shell:Creating package descriptor '/home/j/e2e_ws/install/e2e_meta/share/e2e_meta/package.dsv'
[1.435s] INFO:colcon.colcon_core.shell:Creating package script '/home/j/e2e_ws/install/e2e_meta/share/e2e_meta/package.sh'
[1.436s] INFO:colcon.colcon_core.shell:Creating package script '/home/j/e2e_ws/install/e2e_meta/share/e2e_meta/package.bash'
[1.437s] INFO:colcon.colcon_core.shell:Creating package script '/home/j/e2e_ws/install/e2e_meta/share/e2e_meta/package.zsh'
[1.438s] Level 1:colcon.colcon_core.environment:create_file_with_runtime_dependencies(/home/j/e2e_ws/install/e2e_meta/share/colcon-core/packages/e2e_meta)
[1.439s] Level 1:colcon.colcon_core.environment:create_environment_scripts_only(turtlebot3_gazebo)
[1.439s] Level 1:colcon.colcon_core.environment:checking '/home/j/e2e_ws/install/turtlebot3_gazebo' for CMake module files
[1.440s] DEBUG:colcon.colcon_core.event_handler.log_command:Invoked command in '/home/j/e2e_ws/build/turtlebot3_gazebo' returned '0': CMAKE_PREFIX_PATH=${CMAKE_PREFIX_PATH}:/home/j/e2e_ws/install/yolo_ros:/home/j/e2e_ws/install/ros2_aruco:/opt/ros/humble /usr/bin/cmake --install /home/j/e2e_ws/build/turtlebot3_gazebo
[1.441s] Level 1:colcon.colcon_core.environment:checking '/home/j/e2e_ws/install/turtlebot3_gazebo' for CMake config files
[1.441s] Level 1:colcon.colcon_core.shell:create_environment_hook('turtlebot3_gazebo', 'cmake_prefix_path')
[1.441s] INFO:colcon.colcon_core.shell:Creating environment hook '/home/j/e2e_ws/install/turtlebot3_gazebo/share/turtlebot3_gazebo/hook/cmake_prefix_path.ps1'
[1.442s] INFO:colcon.colcon_core.shell:Creating environment descriptor '/home/j/e2e_ws/install/turtlebot3_gazebo/share/turtlebot3_gazebo/hook/cmake_prefix_path.dsv'
[1.442s] INFO:colcon.colcon_core.shell:Creating environment hook '/home/j/e2e_ws/install/turtlebot3_gazebo/share/turtlebot3_gazebo/hook/cmake_prefix_path.sh'
[1.443s] Level 1:colcon.colcon_core.environment:checking '/home/j/e2e_ws/install/turtlebot3_gazebo/lib'
[1.443s] Level 1:colcon.colcon_core.environment:checking '/home/j/e2e_ws/install/turtlebot3_gazebo/bin'
[1.443s] Level 1:colcon.colcon_core.environment:checking '/home/j/e2e_ws/install/turtlebot3_gazebo/lib/pkgconfig/turtlebot3_gazebo.pc'
[1.443s] Level 1:colcon.colcon_core.environment:checking '/home/j/e2e_ws/install/turtlebot3_gazebo/lib/python3.10/site-packages'
[1.443s] Level 1:colcon.colcon_core.environment:checking '/home/j/e2e_ws/install/turtlebot3_gazebo/bin'
[1.444s] INFO:colcon.colcon_core.shell:Creating package script '/home/j/e2e_ws/install/turtlebot3_gazebo/share/turtlebot3_gazebo/package.ps1'
[1.444s] INFO:colcon.colcon_core.shell:Creating package descriptor '/home/j/e2e_ws/install/turtlebot3_gazebo/share/turtlebot3_gazebo/package.dsv'
[1.445s] INFO:colcon.colcon_core.shell:Creating package script '/home/j/e2e_ws/install/turtlebot3_gazebo/share/turtlebot3_gazebo/package.sh'
[1.445s] INFO:colcon.colcon_core.shell:Creating package script '/home/j/e2e_ws/install/turtlebot3_gazebo/share/turtlebot3_gazebo/package.bash'
[1.445s] INFO:colcon.colcon_core.shell:Creating package script '/home/j/e2e_ws/install/turtlebot3_gazebo/share/turtlebot3_gazebo/package.zsh'
[1.446s] Level 1:colcon.colcon_core.environment:create_file_with_runtime_dependencies(/home/j/e2e_ws/install/turtlebot3_gazebo/share/colcon-core/packages/turtlebot3_gazebo)
[1.446s] Level 1:colcon.colcon_core.environment:create_environment_scripts_only(turtlebot3_gazebo)
[1.447s] Level 1:colcon.colcon_core.environment:checking '/home/j/e2e_ws/install/turtlebot3_gazebo' for CMake module files
[1.448s] Level 1:colcon.colcon_core.environment:checking '/home/j/e2e_ws/install/turtlebot3_gazebo' for CMake config files
[1.448s] Level 1:colcon.colcon_core.shell:create_environment_hook('turtlebot3_gazebo', 'cmake_prefix_path')
[1.448s] INFO:colcon.colcon_core.shell:Creating environment hook '/home/j/e2e_ws/install/turtlebot3_gazebo/share/turtlebot3_gazebo/hook/cmake_prefix_path.ps1'
[1.449s] INFO:colcon.colcon_core.shell:Creating environment descriptor '/home/j/e2e_ws/install/turtlebot3_gazebo/share/turtlebot3_gazebo/hook/cmake_prefix_path.dsv'
[1.449s] INFO:colcon.colcon_core.shell:Creating environment hook '/home/j/e2e_ws/install/turtlebot3_gazebo/share/turtlebot3_gazebo/hook/cmake_prefix_path.sh'
[1.450s] Level 1:colcon.colcon_core.environment:checking '/home/j/e2e_ws/install/turtlebot3_gazebo/lib'
[1.450s] Level 1:colcon.colcon_core.environment:checking '/home/j/e2e_ws/install/turtlebot3_gazebo/bin'
[1.450s] Level 1:colcon.colcon_core.environment:checking '/home/j/e2e_ws/install/turtlebot3_gazebo/lib/pkgconfig/turtlebot3_gazebo.pc'
[1.450s] Level 1:colcon.colcon_core.environment:checking '/home/j/e2e_ws/install/turtlebot3_gazebo/lib/python3.10/site-packages'
[1.451s] Level 1:colcon.colcon_core.environment:checking '/home/j/e2e_ws/install/turtlebot3_gazebo/bin'
[1.451s] INFO:colcon.colcon_core.shell:Creating package script '/home/j/e2e_ws/install/turtlebot3_gazebo/share/turtlebot3_gazebo/package.ps1'
[1.453s] INFO:colcon.colcon_core.shell:Creating package descriptor '/home/j/e2e_ws/install/turtlebot3_gazebo/share/turtlebot3_gazebo/package.dsv'
[1.454s] INFO:colcon.colcon_core.shell:Creating package script '/home/j/e2e_ws/install/turtlebot3_gazebo/share/turtlebot3_gazebo/package.sh'
[1.455s] INFO:colcon.colcon_core.shell:Creating package script '/home/j/e2e_ws/install/turtlebot3_gazebo/share/turtlebot3_gazebo/package.bash'
[1.456s] INFO:colcon.colcon_core.shell:Creating package script '/home/j/e2e_ws/install/turtlebot3_gazebo/share/turtlebot3_gazebo/package.zsh'
[1.457s] Level 1:colcon.colcon_core.environment:create_file_with_runtime_dependencies(/home/j/e2e_ws/install/turtlebot3_gazebo/share/colcon-core/packages/turtlebot3_gazebo)
[1.458s] INFO:colcon.colcon_ros.task.ament_cmake.build:Building ROS package in '/home/j/e2e_ws/src/turtlebot3_simulations-humble/turtlebot3_simulations' with build type 'ament_cmake'
[1.459s] INFO:colcon.colcon_cmake.task.cmake.build:Building CMake package in '/home/j/e2e_ws/src/turtlebot3_simulations-humble/turtlebot3_simulations'
[1.459s] INFO:colcon.colcon_core.shell:Skip shell extension 'powershell' for command environment: Not usable outside of PowerShell
[1.459s] DEBUG:colcon.colcon_core.shell:Skip shell extension 'dsv' for command environment
[1.509s] DEBUG:colcon.colcon_core.event_handler.log_command:Invoking command in '/home/j/e2e_ws/build/turtlebot3_simulations': CMAKE_PREFIX_PATH=/home/j/e2e_ws/install/turtlebot3_gazebo:/home/j/e2e_ws/install/turtlebot3_fake_node:/home/j/e2e_ws/install/image_fusion:/home/j/e2e_ws/install/yolo_bringup:/home/j/e2e_ws/install/image_fusion_node:/home/j/e2e_ws/install/yolo_msgs:/home/j/e2e_ws/install/turtlebot3_simulations:/home/j/e2e_ws/install/ros2_aruco_interfaces:/home/j/e2e_ws/install/e2e_meta:/home/j/e2e_ws/install/delbot:/home/j/e2e_ws/install/yolo_ros:/home/j/e2e_ws/install/ros2_aruco:/opt/ros/humble /usr/bin/cmake --build /home/j/e2e_ws/build/turtlebot3_simulations -- -j22 -l22
[1.608s] DEBUG:colcon.colcon_core.event_handler.log_command:Invoked command in '/home/j/e2e_ws/build/turtlebot3_simulations' returned '0': CMAKE_PREFIX_PATH=/home/j/e2e_ws/install/turtlebot3_gazebo:/home/j/e2e_ws/install/turtlebot3_fake_node:/home/j/e2e_ws/install/image_fusion:/home/j/e2e_ws/install/yolo_bringup:/home/j/e2e_ws/install/image_fusion_node:/home/j/e2e_ws/install/yolo_msgs:/home/j/e2e_ws/install/turtlebot3_simulations:/home/j/e2e_ws/install/ros2_aruco_interfaces:/home/j/e2e_ws/install/e2e_meta:/home/j/e2e_ws/install/delbot:/home/j/e2e_ws/install/yolo_ros:/home/j/e2e_ws/install/ros2_aruco:/opt/ros/humble /usr/bin/cmake --build /home/j/e2e_ws/build/turtlebot3_simulations -- -j22 -l22
[1.609s] DEBUG:colcon.colcon_core.event_handler.log_command:Invoking command in '/home/j/e2e_ws/build/turtlebot3_simulations': CMAKE_PREFIX_PATH=/home/j/e2e_ws/install/turtlebot3_gazebo:/home/j/e2e_ws/install/turtlebot3_fake_node:/home/j/e2e_ws/install/image_fusion:/home/j/e2e_ws/install/yolo_bringup:/home/j/e2e_ws/install/image_fusion_node:/home/j/e2e_ws/install/yolo_msgs:/home/j/e2e_ws/install/turtlebot3_simulations:/home/j/e2e_ws/install/ros2_aruco_interfaces:/home/j/e2e_ws/install/e2e_meta:/home/j/e2e_ws/install/delbot:/home/j/e2e_ws/install/yolo_ros:/home/j/e2e_ws/install/ros2_aruco:/opt/ros/humble /usr/bin/cmake --install /home/j/e2e_ws/build/turtlebot3_simulations
[1.626s] Level 1:colcon.colcon_core.environment:create_environment_scripts_only(turtlebot3_simulations)
[1.627s] Level 1:colcon.colcon_core.environment:checking '/home/j/e2e_ws/install/turtlebot3_simulations' for CMake module files
[1.628s] DEBUG:colcon.colcon_core.event_handler.log_command:Invoked command in '/home/j/e2e_ws/build/turtlebot3_simulations' returned '0': CMAKE_PREFIX_PATH=/home/j/e2e_ws/install/turtlebot3_gazebo:/home/j/e2e_ws/install/turtlebot3_fake_node:/home/j/e2e_ws/install/image_fusion:/home/j/e2e_ws/install/yolo_bringup:/home/j/e2e_ws/install/image_fusion_node:/home/j/e2e_ws/install/yolo_msgs:/home/j/e2e_ws/install/turtlebot3_simulations:/home/j/e2e_ws/install/ros2_aruco_interfaces:/home/j/e2e_ws/install/e2e_meta:/home/j/e2e_ws/install/delbot:/home/j/e2e_ws/install/yolo_ros:/home/j/e2e_ws/install/ros2_aruco:/opt/ros/humble /usr/bin/cmake --install /home/j/e2e_ws/build/turtlebot3_simulations
[1.629s] Level 1:colcon.colcon_core.environment:checking '/home/j/e2e_ws/install/turtlebot3_simulations' for CMake config files
[1.629s] Level 1:colcon.colcon_core.shell:create_environment_hook('turtlebot3_simulations', 'cmake_prefix_path')
[1.630s] INFO:colcon.colcon_core.shell:Creating environment hook '/home/j/e2e_ws/install/turtlebot3_simulations/share/turtlebot3_simulations/hook/cmake_prefix_path.ps1'
[1.631s] INFO:colcon.colcon_core.shell:Creating environment descriptor '/home/j/e2e_ws/install/turtlebot3_simulations/share/turtlebot3_simulations/hook/cmake_prefix_path.dsv'
[1.631s] INFO:colcon.colcon_core.shell:Creating environment hook '/home/j/e2e_ws/install/turtlebot3_simulations/share/turtlebot3_simulations/hook/cmake_prefix_path.sh'
[1.632s] Level 1:colcon.colcon_core.environment:checking '/home/j/e2e_ws/install/turtlebot3_simulations/bin'
[1.632s] Level 1:colcon.colcon_core.environment:checking '/home/j/e2e_ws/install/turtlebot3_simulations/lib/pkgconfig/turtlebot3_simulations.pc'
[1.633s] Level 1:colcon.colcon_core.environment:checking '/home/j/e2e_ws/install/turtlebot3_simulations/lib/python3.10/site-packages'
[1.633s] Level 1:colcon.colcon_core.environment:checking '/home/j/e2e_ws/install/turtlebot3_simulations/bin'
[1.634s] INFO:colcon.colcon_core.shell:Creating package script '/home/j/e2e_ws/install/turtlebot3_simulations/share/turtlebot3_simulations/package.ps1'
[1.635s] INFO:colcon.colcon_core.shell:Creating package descriptor '/home/j/e2e_ws/install/turtlebot3_simulations/share/turtlebot3_simulations/package.dsv'
[1.635s] INFO:colcon.colcon_core.shell:Creating package script '/home/j/e2e_ws/install/turtlebot3_simulations/share/turtlebot3_simulations/package.sh'
[1.636s] INFO:colcon.colcon_core.shell:Creating package script '/home/j/e2e_ws/install/turtlebot3_simulations/share/turtlebot3_simulations/package.bash'
[1.637s] INFO:colcon.colcon_core.shell:Creating package script '/home/j/e2e_ws/install/turtlebot3_simulations/share/turtlebot3_simulations/package.zsh'
[1.638s] Level 1:colcon.colcon_core.environment:create_file_with_runtime_dependencies(/home/j/e2e_ws/install/turtlebot3_simulations/share/colcon-core/packages/turtlebot3_simulations)
[1.639s] Level 1:colcon.colcon_core.environment:create_environment_scripts_only(turtlebot3_simulations)
[1.639s] Level 1:colcon.colcon_core.environment:checking '/home/j/e2e_ws/install/turtlebot3_simulations' for CMake module files
[1.640s] Level 1:colcon.colcon_core.environment:checking '/home/j/e2e_ws/install/turtlebot3_simulations' for CMake config files
[1.641s] Level 1:colcon.colcon_core.shell:create_environment_hook('turtlebot3_simulations', 'cmake_prefix_path')
[1.641s] INFO:colcon.colcon_core.shell:Creating environment hook '/home/j/e2e_ws/install/turtlebot3_simulations/share/turtlebot3_simulations/hook/cmake_prefix_path.ps1'
[1.642s] INFO:colcon.colcon_core.shell:Creating environment descriptor '/home/j/e2e_ws/install/turtlebot3_simulations/share/turtlebot3_simulations/hook/cmake_prefix_path.dsv'
[1.643s] INFO:colcon.colcon_core.shell:Creating environment hook '/home/j/e2e_ws/install/turtlebot3_simulations/share/turtlebot3_simulations/hook/cmake_prefix_path.sh'
[1.644s] Level 1:colcon.colcon_core.environment:checking '/home/j/e2e_ws/install/turtlebot3_simulations/bin'
[1.644s] Level 1:colcon.colcon_core.environment:checking '/home/j/e2e_ws/install/turtlebot3_simulations/lib/pkgconfig/turtlebot3_simulations.pc'
[1.645s] Level 1:colcon.colcon_core.environment:checking '/home/j/e2e_ws/install/turtlebot3_simulations/lib/python3.10/site-packages'
[1.646s] Level 1:colcon.colcon_core.environment:checking '/home/j/e2e_ws/install/turtlebot3_simulations/bin'
[1.647s] INFO:colcon.colcon_core.shell:Creating package script '/home/j/e2e_ws/install/turtlebot3_simulations/share/turtlebot3_simulations/package.ps1'
[1.648s] INFO:colcon.colcon_core.shell:Creating package descriptor '/home/j/e2e_ws/install/turtlebot3_simulations/share/turtlebot3_simulations/package.dsv'
[1.649s] INFO:colcon.colcon_core.shell:Creating package script '/home/j/e2e_ws/install/turtlebot3_simulations/share/turtlebot3_simulations/package.sh'
[1.650s] INFO:colcon.colcon_core.shell:Creating package script '/home/j/e2e_ws/install/turtlebot3_simulations/share/turtlebot3_simulations/package.bash'
[1.651s] INFO:colcon.colcon_core.shell:Creating package script '/home/j/e2e_ws/install/turtlebot3_simulations/share/turtlebot3_simulations/package.zsh'
[1.652s] Level 1:colcon.colcon_core.environment:create_file_with_runtime_dependencies(/home/j/e2e_ws/install/turtlebot3_simulations/share/colcon-core/packages/turtlebot3_simulations)
[1.893s] DEBUG:colcon.colcon_core.event_handler.log_command:Invoking command in '/home/j/e2e_ws/src/ros2_aruco/ros2_aruco': PYTHONPATH=/home/j/e2e_ws/build/ros2_aruco/prefix_override:/usr/lib/python3/dist-packages/colcon_core/task/python/colcon_distutils_commands:/home/j/e2e_ws/install/ros2_aruco/lib/python3.10/site-packages:${PYTHONPATH} /usr/bin/python3 -W ignore:setup.py install is deprecated -W ignore:easy_install command is deprecated setup.py egg_info --egg-base ../../../build/ros2_aruco build --build-base /home/j/e2e_ws/build/ros2_aruco/build install --record /home/j/e2e_ws/build/ros2_aruco/install.log --single-version-externally-managed install_data
[2.065s] DEBUG:colcon.colcon_core.event_handler.log_command:Invoked command in '/home/j/e2e_ws/build/yolo_msgs' returned '0': CMAKE_PREFIX_PATH=${CMAKE_PREFIX_PATH}:/home/j/e2e_ws/install/yolo_ros:/home/j/e2e_ws/install/ros2_aruco:/opt/ros/humble /usr/bin/cmake --build /home/j/e2e_ws/build/yolo_msgs -- -j22 -l22
[2.070s] DEBUG:colcon.colcon_core.event_handler.log_command:Invoking command in '/home/j/e2e_ws/build/yolo_msgs': CMAKE_PREFIX_PATH=${CMAKE_PREFIX_PATH}:/home/j/e2e_ws/install/yolo_ros:/home/j/e2e_ws/install/ros2_aruco:/opt/ros/humble /usr/bin/cmake --install /home/j/e2e_ws/build/yolo_msgs
[2.197s] Level 1:colcon.colcon_core.environment:create_environment_scripts_only(yolo_msgs)
[2.197s] Level 1:colcon.colcon_core.environment:checking '/home/j/e2e_ws/install/yolo_msgs' for CMake module files
[2.199s] DEBUG:colcon.colcon_core.event_handler.log_command:Invoked command in '/home/j/e2e_ws/build/yolo_msgs' returned '0': CMAKE_PREFIX_PATH=${CMAKE_PREFIX_PATH}:/home/j/e2e_ws/install/yolo_ros:/home/j/e2e_ws/install/ros2_aruco:/opt/ros/humble /usr/bin/cmake --install /home/j/e2e_ws/build/yolo_msgs
[2.200s] Level 1:colcon.colcon_core.environment:checking '/home/j/e2e_ws/install/yolo_msgs' for CMake config files
[2.201s] Level 1:colcon.colcon_core.shell:create_environment_hook('yolo_msgs', 'cmake_prefix_path')
[2.202s] INFO:colcon.colcon_core.shell:Creating environment hook '/home/j/e2e_ws/install/yolo_msgs/share/yolo_msgs/hook/cmake_prefix_path.ps1'
[2.203s] INFO:colcon.colcon_core.shell:Creating environment descriptor '/home/j/e2e_ws/install/yolo_msgs/share/yolo_msgs/hook/cmake_prefix_path.dsv'
[2.203s] INFO:colcon.colcon_core.shell:Creating environment hook '/home/j/e2e_ws/install/yolo_msgs/share/yolo_msgs/hook/cmake_prefix_path.sh'
[2.204s] Level 1:colcon.colcon_core.environment:checking '/home/j/e2e_ws/install/yolo_msgs/lib'
[2.205s] Level 1:colcon.colcon_core.shell:create_environment_hook('yolo_msgs', 'ld_library_path_lib')
[2.205s] INFO:colcon.colcon_core.shell:Creating environment hook '/home/j/e2e_ws/install/yolo_msgs/share/yolo_msgs/hook/ld_library_path_lib.ps1'
[2.207s] INFO:colcon.colcon_core.shell:Creating environment descriptor '/home/j/e2e_ws/install/yolo_msgs/share/yolo_msgs/hook/ld_library_path_lib.dsv'
[2.208s] INFO:colcon.colcon_core.shell:Creating environment hook '/home/j/e2e_ws/install/yolo_msgs/share/yolo_msgs/hook/ld_library_path_lib.sh'
[2.209s] Level 1:colcon.colcon_core.environment:checking '/home/j/e2e_ws/install/yolo_msgs/bin'
[2.209s] Level 1:colcon.colcon_core.environment:checking '/home/j/e2e_ws/install/yolo_msgs/lib/pkgconfig/yolo_msgs.pc'
[2.209s] Level 1:colcon.colcon_core.environment:checking '/home/j/e2e_ws/install/yolo_msgs/lib/python3.10/site-packages'
[2.210s] Level 1:colcon.colcon_core.environment:checking '/home/j/e2e_ws/install/yolo_msgs/bin'
[2.211s] INFO:colcon.colcon_core.shell:Creating package script '/home/j/e2e_ws/install/yolo_msgs/share/yolo_msgs/package.ps1'
[2.212s] INFO:colcon.colcon_core.shell:Creating package descriptor '/home/j/e2e_ws/install/yolo_msgs/share/yolo_msgs/package.dsv'
[2.212s] INFO:colcon.colcon_core.shell:Creating package script '/home/j/e2e_ws/install/yolo_msgs/share/yolo_msgs/package.sh'
[2.213s] INFO:colcon.colcon_core.shell:Creating package script '/home/j/e2e_ws/install/yolo_msgs/share/yolo_msgs/package.bash'
[2.213s] INFO:colcon.colcon_core.shell:Creating package script '/home/j/e2e_ws/install/yolo_msgs/share/yolo_msgs/package.zsh'
[2.214s] Level 1:colcon.colcon_core.environment:create_file_with_runtime_dependencies(/home/j/e2e_ws/install/yolo_msgs/share/colcon-core/packages/yolo_msgs)
[2.215s] Level 1:colcon.colcon_core.environment:create_environment_scripts_only(yolo_msgs)
[2.215s] Level 1:colcon.colcon_core.environment:checking '/home/j/e2e_ws/install/yolo_msgs' for CMake module files
[2.216s] Level 1:colcon.colcon_core.environment:checking '/home/j/e2e_ws/install/yolo_msgs' for CMake config files
[2.217s] Level 1:colcon.colcon_core.shell:create_environment_hook('yolo_msgs', 'cmake_prefix_path')
[2.217s] INFO:colcon.colcon_core.shell:Creating environment hook '/home/j/e2e_ws/install/yolo_msgs/share/yolo_msgs/hook/cmake_prefix_path.ps1'
[2.218s] INFO:colcon.colcon_core.shell:Creating environment descriptor '/home/j/e2e_ws/install/yolo_msgs/share/yolo_msgs/hook/cmake_prefix_path.dsv'
[2.219s] INFO:colcon.colcon_core.shell:Creating environment hook '/home/j/e2e_ws/install/yolo_msgs/share/yolo_msgs/hook/cmake_prefix_path.sh'
[2.219s] Level 1:colcon.colcon_core.environment:checking '/home/j/e2e_ws/install/yolo_msgs/lib'
[2.219s] Level 1:colcon.colcon_core.shell:create_environment_hook('yolo_msgs', 'ld_library_path_lib')
[2.220s] INFO:colcon.colcon_core.shell:Creating environment hook '/home/j/e2e_ws/install/yolo_msgs/share/yolo_msgs/hook/ld_library_path_lib.ps1'
[2.220s] INFO:colcon.colcon_core.shell:Creating environment descriptor '/home/j/e2e_ws/install/yolo_msgs/share/yolo_msgs/hook/ld_library_path_lib.dsv'
[2.221s] INFO:colcon.colcon_core.shell:Creating environment hook '/home/j/e2e_ws/install/yolo_msgs/share/yolo_msgs/hook/ld_library_path_lib.sh'
[2.221s] Level 1:colcon.colcon_core.environment:checking '/home/j/e2e_ws/install/yolo_msgs/bin'
[2.221s] Level 1:colcon.colcon_core.environment:checking '/home/j/e2e_ws/install/yolo_msgs/lib/pkgconfig/yolo_msgs.pc'
[2.221s] Level 1:colcon.colcon_core.environment:checking '/home/j/e2e_ws/install/yolo_msgs/lib/python3.10/site-packages'
[2.222s] Level 1:colcon.colcon_core.environment:checking '/home/j/e2e_ws/install/yolo_msgs/bin'
[2.222s] INFO:colcon.colcon_core.shell:Creating package script '/home/j/e2e_ws/install/yolo_msgs/share/yolo_msgs/package.ps1'
[2.223s] INFO:colcon.colcon_core.shell:Creating package descriptor '/home/j/e2e_ws/install/yolo_msgs/share/yolo_msgs/package.dsv'
[2.223s] INFO:colcon.colcon_core.shell:Creating package script '/home/j/e2e_ws/install/yolo_msgs/share/yolo_msgs/package.sh'
[2.224s] INFO:colcon.colcon_core.shell:Creating package script '/home/j/e2e_ws/install/yolo_msgs/share/yolo_msgs/package.bash'
[2.224s] INFO:colcon.colcon_core.shell:Creating package script '/home/j/e2e_ws/install/yolo_msgs/share/yolo_msgs/package.zsh'
[2.225s] Level 1:colcon.colcon_core.environment:create_file_with_runtime_dependencies(/home/j/e2e_ws/install/yolo_msgs/share/colcon-core/packages/yolo_msgs)
[2.225s] INFO:colcon.colcon_ros.task.ament_python.build:Building ROS package in '/home/j/e2e_ws/src/yolo_ros/yolo_ros' with build type 'ament_python'
[2.226s] Level 1:colcon.colcon_core.shell:create_environment_hook('yolo_ros', 'ament_prefix_path')
[2.226s] INFO:colcon.colcon_core.shell:Creating environment hook '/home/j/e2e_ws/install/yolo_ros/share/yolo_ros/hook/ament_prefix_path.ps1'
[2.228s] INFO:colcon.colcon_core.shell:Creating environment descriptor '/home/j/e2e_ws/install/yolo_ros/share/yolo_ros/hook/ament_prefix_path.dsv'
[2.230s] INFO:colcon.colcon_core.shell:Creating environment hook '/home/j/e2e_ws/install/yolo_ros/share/yolo_ros/hook/ament_prefix_path.sh'
[2.232s] INFO:colcon.colcon_core.shell:Skip shell extension 'powershell' for command environment: Not usable outside of PowerShell
[2.232s] DEBUG:colcon.colcon_core.shell:Skip shell extension 'dsv' for command environment
[2.242s] INFO:colcon.colcon_ros.task.ament_python.build:Building ROS package in '/home/j/e2e_ws/src/image_fusion' with build type 'ament_python'
[2.242s] Level 1:colcon.colcon_core.shell:create_environment_hook('image_fusion', 'ament_prefix_path')
[2.243s] INFO:colcon.colcon_core.shell:Creating environment hook '/home/j/e2e_ws/install/image_fusion/share/image_fusion/hook/ament_prefix_path.ps1'
[2.244s] INFO:colcon.colcon_core.shell:Creating environment descriptor '/home/j/e2e_ws/install/image_fusion/share/image_fusion/hook/ament_prefix_path.dsv'
[2.244s] INFO:colcon.colcon_core.shell:Creating environment hook '/home/j/e2e_ws/install/image_fusion/share/image_fusion/hook/ament_prefix_path.sh'
[2.245s] INFO:colcon.colcon_core.shell:Skip shell extension 'powershell' for command environment: Not usable outside of PowerShell
[2.245s] DEBUG:colcon.colcon_core.shell:Skip shell extension 'dsv' for command environment
[2.698s] INFO:colcon.colcon_core.task.python.build:Building Python package in '/home/j/e2e_ws/src/yolo_ros/yolo_ros'
[2.699s] INFO:colcon.colcon_core.shell:Skip shell extension 'powershell' for command environment: Not usable outside of PowerShell
[2.699s] DEBUG:colcon.colcon_core.shell:Skip shell extension 'dsv' for command environment
[2.721s] DEBUG:colcon.colcon_core.event_handler.log_command:Invoked command in '/home/j/e2e_ws/build/ros2_aruco_interfaces' returned '0': CMAKE_PREFIX_PATH=${CMAKE_PREFIX_PATH}:/home/j/e2e_ws/install/yolo_ros:/home/j/e2e_ws/install/ros2_aruco:/opt/ros/humble /usr/bin/cmake --build /home/j/e2e_ws/build/ros2_aruco_interfaces -- -j22 -l22
[2.729s] DEBUG:colcon.colcon_core.event_handler.log_command:Invoking command in '/home/j/e2e_ws/build/ros2_aruco_interfaces': CMAKE_PREFIX_PATH=${CMAKE_PREFIX_PATH}:/home/j/e2e_ws/install/yolo_ros:/home/j/e2e_ws/install/ros2_aruco:/opt/ros/humble /usr/bin/cmake --install /home/j/e2e_ws/build/ros2_aruco_interfaces
[3.172s] INFO:colcon.colcon_core.task.python.build:Building Python package in '/home/j/e2e_ws/src/image_fusion'
[3.172s] INFO:colcon.colcon_core.shell:Skip shell extension 'powershell' for command environment: Not usable outside of PowerShell
[3.173s] DEBUG:colcon.colcon_core.shell:Skip shell extension 'dsv' for command environment
[3.180s] Level 1:colcon.colcon_core.environment:checking '/home/j/e2e_ws/install/ros2_aruco' for CMake module files
[3.181s] DEBUG:colcon.colcon_core.event_handler.log_command:Invoked command in '/home/j/e2e_ws/src/ros2_aruco/ros2_aruco' returned '0': PYTHONPATH=/home/j/e2e_ws/build/ros2_aruco/prefix_override:/usr/lib/python3/dist-packages/colcon_core/task/python/colcon_distutils_commands:/home/j/e2e_ws/install/ros2_aruco/lib/python3.10/site-packages:${PYTHONPATH} /usr/bin/python3 -W ignore:setup.py install is deprecated -W ignore:easy_install command is deprecated setup.py egg_info --egg-base ../../../build/ros2_aruco build --build-base /home/j/e2e_ws/build/ros2_aruco/build install --record /home/j/e2e_ws/build/ros2_aruco/install.log --single-version-externally-managed install_data
[3.184s] Level 1:colcon.colcon_core.environment:checking '/home/j/e2e_ws/install/ros2_aruco' for CMake config files
[3.192s] Level 1:colcon.colcon_core.environment:checking '/home/j/e2e_ws/install/ros2_aruco/lib'
[3.194s] Level 1:colcon.colcon_core.environment:checking '/home/j/e2e_ws/install/ros2_aruco/bin'
[3.194s] Level 1:colcon.colcon_core.environment:checking '/home/j/e2e_ws/install/ros2_aruco/lib/pkgconfig/ros2_aruco.pc'
[3.194s] Level 1:colcon.colcon_core.environment:checking '/home/j/e2e_ws/install/ros2_aruco/lib/python3.10/site-packages'
[3.195s] Level 1:colcon.colcon_core.shell:create_environment_hook('ros2_aruco', 'pythonpath')
[3.195s] INFO:colcon.colcon_core.shell:Creating environment hook '/home/j/e2e_ws/install/ros2_aruco/share/ros2_aruco/hook/pythonpath.ps1'
[3.199s] INFO:colcon.colcon_core.shell:Creating environment descriptor '/home/j/e2e_ws/install/ros2_aruco/share/ros2_aruco/hook/pythonpath.dsv'
[3.202s] INFO:colcon.colcon_core.shell:Creating environment hook '/home/j/e2e_ws/install/ros2_aruco/share/ros2_aruco/hook/pythonpath.sh'
[3.203s] Level 1:colcon.colcon_core.environment:checking '/home/j/e2e_ws/install/ros2_aruco/bin'
[3.204s] Level 1:colcon.colcon_core.environment:create_environment_scripts_only(ros2_aruco)
[3.204s] INFO:colcon.colcon_core.shell:Creating package script '/home/j/e2e_ws/install/ros2_aruco/share/ros2_aruco/package.ps1'
[3.205s] INFO:colcon.colcon_core.shell:Creating package descriptor '/home/j/e2e_ws/install/ros2_aruco/share/ros2_aruco/package.dsv'
[3.206s] INFO:colcon.colcon_core.shell:Creating package script '/home/j/e2e_ws/install/ros2_aruco/share/ros2_aruco/package.sh'
[3.207s] INFO:colcon.colcon_core.shell:Creating package script '/home/j/e2e_ws/install/ros2_aruco/share/ros2_aruco/package.bash'
[3.208s] INFO:colcon.colcon_core.shell:Creating package script '/home/j/e2e_ws/install/ros2_aruco/share/ros2_aruco/package.zsh'
[3.208s] Level 1:colcon.colcon_core.environment:create_file_with_runtime_dependencies(/home/j/e2e_ws/install/ros2_aruco/share/colcon-core/packages/ros2_aruco)
[3.214s] Level 1:colcon.colcon_core.environment:create_environment_scripts_only(ros2_aruco_interfaces)
[3.214s] Level 1:colcon.colcon_core.environment:checking '/home/j/e2e_ws/install/ros2_aruco_interfaces' for CMake module files
[3.216s] Level 1:colcon.colcon_core.environment:checking '/home/j/e2e_ws/install/ros2_aruco_interfaces' for CMake config files
[3.215s] DEBUG:colcon.colcon_core.event_handler.log_command:Invoked command in '/home/j/e2e_ws/build/ros2_aruco_interfaces' returned '0': CMAKE_PREFIX_PATH=${CMAKE_PREFIX_PATH}:/home/j/e2e_ws/install/yolo_ros:/home/j/e2e_ws/install/ros2_aruco:/opt/ros/humble /usr/bin/cmake --install /home/j/e2e_ws/build/ros2_aruco_interfaces
[3.218s] Level 1:colcon.colcon_core.shell:create_environment_hook('ros2_aruco_interfaces', 'cmake_prefix_path')
[3.218s] INFO:colcon.colcon_core.shell:Creating environment hook '/home/j/e2e_ws/install/ros2_aruco_interfaces/share/ros2_aruco_interfaces/hook/cmake_prefix_path.ps1'
[3.219s] INFO:colcon.colcon_core.shell:Creating environment descriptor '/home/j/e2e_ws/install/ros2_aruco_interfaces/share/ros2_aruco_interfaces/hook/cmake_prefix_path.dsv'
[3.219s] INFO:colcon.colcon_core.shell:Creating environment hook '/home/j/e2e_ws/install/ros2_aruco_interfaces/share/ros2_aruco_interfaces/hook/cmake_prefix_path.sh'
[3.221s] Level 1:colcon.colcon_core.environment:checking '/home/j/e2e_ws/install/ros2_aruco_interfaces/lib'
[3.221s] Level 1:colcon.colcon_core.shell:create_environment_hook('ros2_aruco_interfaces', 'ld_library_path_lib')
[3.221s] INFO:colcon.colcon_core.shell:Creating environment hook '/home/j/e2e_ws/install/ros2_aruco_interfaces/share/ros2_aruco_interfaces/hook/ld_library_path_lib.ps1'
[3.224s] INFO:colcon.colcon_core.shell:Creating environment descriptor '/home/j/e2e_ws/install/ros2_aruco_interfaces/share/ros2_aruco_interfaces/hook/ld_library_path_lib.dsv'
[3.225s] INFO:colcon.colcon_core.shell:Creating environment hook '/home/j/e2e_ws/install/ros2_aruco_interfaces/share/ros2_aruco_interfaces/hook/ld_library_path_lib.sh'
[3.226s] Level 1:colcon.colcon_core.environment:checking '/home/j/e2e_ws/install/ros2_aruco_interfaces/bin'
[3.226s] Level 1:colcon.colcon_core.environment:checking '/home/j/e2e_ws/install/ros2_aruco_interfaces/lib/pkgconfig/ros2_aruco_interfaces.pc'
[3.227s] Level 1:colcon.colcon_core.environment:checking '/home/j/e2e_ws/install/ros2_aruco_interfaces/lib/python3.10/site-packages'
[3.227s] Level 1:colcon.colcon_core.environment:checking '/home/j/e2e_ws/install/ros2_aruco_interfaces/bin'
[3.228s] INFO:colcon.colcon_core.shell:Creating package script '/home/j/e2e_ws/install/ros2_aruco_interfaces/share/ros2_aruco_interfaces/package.ps1'
[3.229s] INFO:colcon.colcon_core.shell:Creating package descriptor '/home/j/e2e_ws/install/ros2_aruco_interfaces/share/ros2_aruco_interfaces/package.dsv'
[3.230s] INFO:colcon.colcon_core.shell:Creating package script '/home/j/e2e_ws/install/ros2_aruco_interfaces/share/ros2_aruco_interfaces/package.sh'
[3.231s] INFO:colcon.colcon_core.shell:Creating package script '/home/j/e2e_ws/install/ros2_aruco_interfaces/share/ros2_aruco_interfaces/package.bash'
[3.231s] INFO:colcon.colcon_core.shell:Creating package script '/home/j/e2e_ws/install/ros2_aruco_interfaces/share/ros2_aruco_interfaces/package.zsh'
[3.232s] Level 1:colcon.colcon_core.environment:create_file_with_runtime_dependencies(/home/j/e2e_ws/install/ros2_aruco_interfaces/share/colcon-core/packages/ros2_aruco_interfaces)
[3.232s] Level 1:colcon.colcon_core.environment:create_environment_scripts_only(ros2_aruco_interfaces)
[3.233s] Level 1:colcon.colcon_core.environment:checking '/home/j/e2e_ws/install/ros2_aruco_interfaces' for CMake module files
[3.233s] Level 1:colcon.colcon_core.environment:checking '/home/j/e2e_ws/install/ros2_aruco_interfaces' for CMake config files
[3.234s] Level 1:colcon.colcon_core.shell:create_environment_hook('ros2_aruco_interfaces', 'cmake_prefix_path')
[3.234s] INFO:colcon.colcon_core.shell:Creating environment hook '/home/j/e2e_ws/install/ros2_aruco_interfaces/share/ros2_aruco_interfaces/hook/cmake_prefix_path.ps1'
[3.235s] INFO:colcon.colcon_core.shell:Creating environment descriptor '/home/j/e2e_ws/install/ros2_aruco_interfaces/share/ros2_aruco_interfaces/hook/cmake_prefix_path.dsv'
[3.236s] INFO:colcon.colcon_core.shell:Creating environment hook '/home/j/e2e_ws/install/ros2_aruco_interfaces/share/ros2_aruco_interfaces/hook/cmake_prefix_path.sh'
[3.237s] Level 1:colcon.colcon_core.environment:checking '/home/j/e2e_ws/install/ros2_aruco_interfaces/lib'
[3.237s] Level 1:colcon.colcon_core.shell:create_environment_hook('ros2_aruco_interfaces', 'ld_library_path_lib')
[3.237s] INFO:colcon.colcon_core.shell:Creating environment hook '/home/j/e2e_ws/install/ros2_aruco_interfaces/share/ros2_aruco_interfaces/hook/ld_library_path_lib.ps1'
[3.238s] INFO:colcon.colcon_core.shell:Creating environment descriptor '/home/j/e2e_ws/install/ros2_aruco_interfaces/share/ros2_aruco_interfaces/hook/ld_library_path_lib.dsv'
[3.238s] INFO:colcon.colcon_core.shell:Creating environment hook '/home/j/e2e_ws/install/ros2_aruco_interfaces/share/ros2_aruco_interfaces/hook/ld_library_path_lib.sh'
[3.239s] Level 1:colcon.colcon_core.environment:checking '/home/j/e2e_ws/install/ros2_aruco_interfaces/bin'
[3.239s] Level 1:colcon.colcon_core.environment:checking '/home/j/e2e_ws/install/ros2_aruco_interfaces/lib/pkgconfig/ros2_aruco_interfaces.pc'
[3.239s] Level 1:colcon.colcon_core.environment:checking '/home/j/e2e_ws/install/ros2_aruco_interfaces/lib/python3.10/site-packages'
[3.244s] Level 1:colcon.colcon_core.environment:checking '/home/j/e2e_ws/install/ros2_aruco_interfaces/bin'
[3.244s] INFO:colcon.colcon_core.shell:Creating package script '/home/j/e2e_ws/install/ros2_aruco_interfaces/share/ros2_aruco_interfaces/package.ps1'
[3.245s] INFO:colcon.colcon_core.shell:Creating package descriptor '/home/j/e2e_ws/install/ros2_aruco_interfaces/share/ros2_aruco_interfaces/package.dsv'
[3.246s] INFO:colcon.colcon_core.shell:Creating package script '/home/j/e2e_ws/install/ros2_aruco_interfaces/share/ros2_aruco_interfaces/package.sh'
[3.247s] INFO:colcon.colcon_core.shell:Creating package script '/home/j/e2e_ws/install/ros2_aruco_interfaces/share/ros2_aruco_interfaces/package.bash'
[3.247s] INFO:colcon.colcon_core.shell:Creating package script '/home/j/e2e_ws/install/ros2_aruco_interfaces/share/ros2_aruco_interfaces/package.zsh'
[3.248s] Level 1:colcon.colcon_core.environment:create_file_with_runtime_dependencies(/home/j/e2e_ws/install/ros2_aruco_interfaces/share/colcon-core/packages/ros2_aruco_interfaces)
[3.815s] DEBUG:colcon.colcon_core.event_handler.log_command:Invoking command in '/home/j/e2e_ws/src/image_fusion': CMAKE_PREFIX_PATH=/home/j/e2e_ws/install/yolo_msgs:/home/j/e2e_ws/install/image_fusion:/home/j/e2e_ws/install/yolo_bringup:/home/j/e2e_ws/install/image_fusion_node:/home/j/e2e_ws/install/turtlebot3_simulations:/home/j/e2e_ws/install/turtlebot3_gazebo:/home/j/e2e_ws/install/turtlebot3_fake_node:/home/j/e2e_ws/install/ros2_aruco_interfaces:/home/j/e2e_ws/install/e2e_meta:/home/j/e2e_ws/install/delbot PYTHONPATH=/home/j/e2e_ws/build/image_fusion/prefix_override:/usr/lib/python3/dist-packages/colcon_core/task/python/colcon_distutils_commands:/home/j/e2e_ws/install/image_fusion/lib/python3.10/site-packages:${PYTHONPATH} /usr/bin/python3 -W ignore:setup.py install is deprecated -W ignore:easy_install command is deprecated setup.py egg_info --egg-base ../../build/image_fusion build --build-base /home/j/e2e_ws/build/image_fusion/build install --record /home/j/e2e_ws/build/image_fusion/install.log --single-version-externally-managed install_data
[3.840s] DEBUG:colcon.colcon_core.event_handler.log_command:Invoking command in '/home/j/e2e_ws/src/yolo_ros/yolo_ros': CMAKE_PREFIX_PATH=/home/j/e2e_ws/install/yolo_msgs:/home/j/e2e_ws/install/image_fusion:/home/j/e2e_ws/install/yolo_bringup:/home/j/e2e_ws/install/image_fusion_node:/home/j/e2e_ws/install/turtlebot3_simulations:/home/j/e2e_ws/install/turtlebot3_gazebo:/home/j/e2e_ws/install/turtlebot3_fake_node:/home/j/e2e_ws/install/ros2_aruco_interfaces:/home/j/e2e_ws/install/e2e_meta:/home/j/e2e_ws/install/delbot PYTHONPATH=/home/j/e2e_ws/build/yolo_ros/prefix_override:/usr/lib/python3/dist-packages/colcon_core/task/python/colcon_distutils_commands:/home/j/e2e_ws/install/yolo_ros/lib/python3.10/site-packages:${PYTHONPATH} /usr/bin/python3 -W ignore:setup.py install is deprecated -W ignore:easy_install command is deprecated setup.py egg_info --egg-base ../../../build/yolo_ros build --build-base /home/j/e2e_ws/build/yolo_ros/build install --record /home/j/e2e_ws/build/yolo_ros/install.log --single-version-externally-managed install_data
[4.331s] Level 1:colcon.colcon_core.environment:checking '/home/j/e2e_ws/install/image_fusion' for CMake module files
[4.333s] DEBUG:colcon.colcon_core.event_handler.log_command:Invoked command in '/home/j/e2e_ws/src/image_fusion' returned '0': CMAKE_PREFIX_PATH=/home/j/e2e_ws/install/yolo_msgs:/home/j/e2e_ws/install/image_fusion:/home/j/e2e_ws/install/yolo_bringup:/home/j/e2e_ws/install/image_fusion_node:/home/j/e2e_ws/install/turtlebot3_simulations:/home/j/e2e_ws/install/turtlebot3_gazebo:/home/j/e2e_ws/install/turtlebot3_fake_node:/home/j/e2e_ws/install/ros2_aruco_interfaces:/home/j/e2e_ws/install/e2e_meta:/home/j/e2e_ws/install/delbot PYTHONPATH=/home/j/e2e_ws/build/image_fusion/prefix_override:/usr/lib/python3/dist-packages/colcon_core/task/python/colcon_distutils_commands:/home/j/e2e_ws/install/image_fusion/lib/python3.10/site-packages:${PYTHONPATH} /usr/bin/python3 -W ignore:setup.py install is deprecated -W ignore:easy_install command is deprecated setup.py egg_info --egg-base ../../build/image_fusion build --build-base /home/j/e2e_ws/build/image_fusion/build install --record /home/j/e2e_ws/build/image_fusion/install.log --single-version-externally-managed install_data
[4.334s] Level 1:colcon.colcon_core.environment:checking '/home/j/e2e_ws/install/image_fusion' for CMake config files
[4.335s] Level 1:colcon.colcon_core.environment:checking '/home/j/e2e_ws/install/image_fusion/lib'
[4.336s] Level 1:colcon.colcon_core.environment:checking '/home/j/e2e_ws/install/image_fusion/bin'
[4.336s] Level 1:colcon.colcon_core.environment:checking '/home/j/e2e_ws/install/image_fusion/lib/pkgconfig/image_fusion.pc'
[4.336s] Level 1:colcon.colcon_core.environment:checking '/home/j/e2e_ws/install/image_fusion/lib/python3.10/site-packages'
[4.336s] Level 1:colcon.colcon_core.shell:create_environment_hook('image_fusion', 'pythonpath')
[4.337s] INFO:colcon.colcon_core.shell:Creating environment hook '/home/j/e2e_ws/install/image_fusion/share/image_fusion/hook/pythonpath.ps1'
[4.338s] INFO:colcon.colcon_core.shell:Creating environment descriptor '/home/j/e2e_ws/install/image_fusion/share/image_fusion/hook/pythonpath.dsv'
[4.340s] INFO:colcon.colcon_core.shell:Creating environment hook '/home/j/e2e_ws/install/image_fusion/share/image_fusion/hook/pythonpath.sh'
[4.344s] Level 1:colcon.colcon_core.environment:checking '/home/j/e2e_ws/install/image_fusion/bin'
[4.345s] Level 1:colcon.colcon_core.environment:create_environment_scripts_only(image_fusion)
[4.345s] INFO:colcon.colcon_core.shell:Creating package script '/home/j/e2e_ws/install/image_fusion/share/image_fusion/package.ps1'
[4.346s] INFO:colcon.colcon_core.shell:Creating package descriptor '/home/j/e2e_ws/install/image_fusion/share/image_fusion/package.dsv'
[4.347s] INFO:colcon.colcon_core.shell:Creating package script '/home/j/e2e_ws/install/image_fusion/share/image_fusion/package.sh'
[4.348s] INFO:colcon.colcon_core.shell:Creating package script '/home/j/e2e_ws/install/image_fusion/share/image_fusion/package.bash'
[4.350s] INFO:colcon.colcon_core.shell:Creating package script '/home/j/e2e_ws/install/image_fusion/share/image_fusion/package.zsh'
[4.351s] Level 1:colcon.colcon_core.environment:create_file_with_runtime_dependencies(/home/j/e2e_ws/install/image_fusion/share/colcon-core/packages/image_fusion)
[4.545s] Level 1:colcon.colcon_core.environment:checking '/home/j/e2e_ws/install/yolo_ros' for CMake module files
[4.547s] DEBUG:colcon.colcon_core.event_handler.log_command:Invoked command in '/home/j/e2e_ws/src/yolo_ros/yolo_ros' returned '0': CMAKE_PREFIX_PATH=/home/j/e2e_ws/install/yolo_msgs:/home/j/e2e_ws/install/image_fusion:/home/j/e2e_ws/install/yolo_bringup:/home/j/e2e_ws/install/image_fusion_node:/home/j/e2e_ws/install/turtlebot3_simulations:/home/j/e2e_ws/install/turtlebot3_gazebo:/home/j/e2e_ws/install/turtlebot3_fake_node:/home/j/e2e_ws/install/ros2_aruco_interfaces:/home/j/e2e_ws/install/e2e_meta:/home/j/e2e_ws/install/delbot PYTHONPATH=/home/j/e2e_ws/build/yolo_ros/prefix_override:/usr/lib/python3/dist-packages/colcon_core/task/python/colcon_distutils_commands:/home/j/e2e_ws/install/yolo_ros/lib/python3.10/site-packages:${PYTHONPATH} /usr/bin/python3 -W ignore:setup.py install is deprecated -W ignore:easy_install command is deprecated setup.py egg_info --egg-base ../../../build/yolo_ros build --build-base /home/j/e2e_ws/build/yolo_ros/build install --record /home/j/e2e_ws/build/yolo_ros/install.log --single-version-externally-managed install_data
[4.547s] Level 1:colcon.colcon_core.environment:checking '/home/j/e2e_ws/install/yolo_ros' for CMake config files
[4.548s] Level 1:colcon.colcon_core.environment:checking '/home/j/e2e_ws/install/yolo_ros/lib'
[4.548s] Level 1:colcon.colcon_core.environment:checking '/home/j/e2e_ws/install/yolo_ros/bin'
[4.548s] Level 1:colcon.colcon_core.environment:checking '/home/j/e2e_ws/install/yolo_ros/lib/pkgconfig/yolo_ros.pc'
[4.549s] Level 1:colcon.colcon_core.environment:checking '/home/j/e2e_ws/install/yolo_ros/lib/python3.10/site-packages'
[4.549s] Level 1:colcon.colcon_core.shell:create_environment_hook('yolo_ros', 'pythonpath')
[4.549s] INFO:colcon.colcon_core.shell:Creating environment hook '/home/j/e2e_ws/install/yolo_ros/share/yolo_ros/hook/pythonpath.ps1'
[4.550s] INFO:colcon.colcon_core.shell:Creating environment descriptor '/home/j/e2e_ws/install/yolo_ros/share/yolo_ros/hook/pythonpath.dsv'
[4.551s] INFO:colcon.colcon_core.shell:Creating environment hook '/home/j/e2e_ws/install/yolo_ros/share/yolo_ros/hook/pythonpath.sh'
[4.552s] Level 1:colcon.colcon_core.environment:checking '/home/j/e2e_ws/install/yolo_ros/bin'
[4.552s] Level 1:colcon.colcon_core.environment:create_environment_scripts_only(yolo_ros)
[4.553s] INFO:colcon.colcon_core.shell:Creating package script '/home/j/e2e_ws/install/yolo_ros/share/yolo_ros/package.ps1'
[4.554s] INFO:colcon.colcon_core.shell:Creating package descriptor '/home/j/e2e_ws/install/yolo_ros/share/yolo_ros/package.dsv'
[4.556s] INFO:colcon.colcon_core.shell:Creating package script '/home/j/e2e_ws/install/yolo_ros/share/yolo_ros/package.sh'
[4.557s] INFO:colcon.colcon_core.shell:Creating package script '/home/j/e2e_ws/install/yolo_ros/share/yolo_ros/package.bash'
[4.557s] INFO:colcon.colcon_core.shell:Creating package script '/home/j/e2e_ws/install/yolo_ros/share/yolo_ros/package.zsh'
[4.558s] Level 1:colcon.colcon_core.environment:create_file_with_runtime_dependencies(/home/j/e2e_ws/install/yolo_ros/share/colcon-core/packages/yolo_ros)
[4.559s] INFO:colcon.colcon_ros.task.ament_cmake.build:Building ROS package in '/home/j/e2e_ws/src/yolo_ros/yolo_bringup' with build type 'ament_cmake'
[4.559s] INFO:colcon.colcon_cmake.task.cmake.build:Building CMake package in '/home/j/e2e_ws/src/yolo_ros/yolo_bringup'
[4.562s] INFO:colcon.colcon_core.shell:Skip shell extension 'powershell' for command environment: Not usable outside of PowerShell
[4.563s] DEBUG:colcon.colcon_core.shell:Skip shell extension 'dsv' for command environment
[4.589s] DEBUG:colcon.colcon_core.event_handler.log_command:Invoking command in '/home/j/e2e_ws/build/yolo_bringup': AMENT_PREFIX_PATH=/home/j/e2e_ws/install/yolo_ros:/home/j/e2e_ws/install/image_fusion:/home/j/e2e_ws/install/yolo_bringup:/home/j/e2e_ws/install/yolo_msgs:/home/j/e2e_ws/install/turtlebot3_simulations:/home/j/e2e_ws/install/turtlebot3_gazebo:/home/j/e2e_ws/install/turtlebot3_fake_node:/home/j/e2e_ws/install/ros2_aruco_interfaces:/home/j/e2e_ws/install/ros2_aruco:/home/j/e2e_ws/install/e2e_meta:/home/j/e2e_ws/install/delbot:/opt/ros/humble CMAKE_PREFIX_PATH=/home/j/e2e_ws/install/yolo_msgs:/home/j/e2e_ws/install/image_fusion:/home/j/e2e_ws/install/yolo_bringup:/home/j/e2e_ws/install/image_fusion_node:/home/j/e2e_ws/install/turtlebot3_simulations:/home/j/e2e_ws/install/turtlebot3_gazebo:/home/j/e2e_ws/install/turtlebot3_fake_node:/home/j/e2e_ws/install/ros2_aruco_interfaces:/home/j/e2e_ws/install/e2e_meta:/home/j/e2e_ws/install/delbot:/home/j/e2e_ws/install/yolo_ros:/home/j/e2e_ws/install/ros2_aruco:/opt/ros/humble PYTHONPATH=/home/j/e2e_ws/install/yolo_ros/lib/python3.10/site-packages:/home/j/e2e_ws/install/image_fusion/local/lib/python3.10/dist-packages:/home/j/e2e_ws/build/yolo_ros:/home/j/e2e_ws/build/image_fusion:/home/j/e2e_ws/install/image_fusion/lib/python3.10/site-packages:/home/j/e2e_ws/build/ros2_aruco:/home/j/e2e_ws/install/image_fusion_node/local/lib/python3.10/dist-packages:/home/j/e2e_ws/install/yolo_msgs/local/lib/python3.10/dist-packages:/home/j/e2e_ws/install/ros2_aruco_interfaces/local/lib/python3.10/dist-packages:/home/j/e2e_ws/install/ros2_aruco/lib/python3.10/site-packages:/opt/ros/humble/lib/python3.10/site-packages:/opt/ros/humble/local/lib/python3.10/dist-packages /usr/bin/cmake --build /home/j/e2e_ws/build/yolo_bringup -- -j22 -l22
[4.666s] DEBUG:colcon.colcon_core.event_handler.log_command:Invoked command in '/home/j/e2e_ws/build/yolo_bringup' returned '0': AMENT_PREFIX_PATH=/home/j/e2e_ws/install/yolo_ros:/home/j/e2e_ws/install/image_fusion:/home/j/e2e_ws/install/yolo_bringup:/home/j/e2e_ws/install/yolo_msgs:/home/j/e2e_ws/install/turtlebot3_simulations:/home/j/e2e_ws/install/turtlebot3_gazebo:/home/j/e2e_ws/install/turtlebot3_fake_node:/home/j/e2e_ws/install/ros2_aruco_interfaces:/home/j/e2e_ws/install/ros2_aruco:/home/j/e2e_ws/install/e2e_meta:/home/j/e2e_ws/install/delbot:/opt/ros/humble CMAKE_PREFIX_PATH=/home/j/e2e_ws/install/yolo_msgs:/home/j/e2e_ws/install/image_fusion:/home/j/e2e_ws/install/yolo_bringup:/home/j/e2e_ws/install/image_fusion_node:/home/j/e2e_ws/install/turtlebot3_simulations:/home/j/e2e_ws/install/turtlebot3_gazebo:/home/j/e2e_ws/install/turtlebot3_fake_node:/home/j/e2e_ws/install/ros2_aruco_interfaces:/home/j/e2e_ws/install/e2e_meta:/home/j/e2e_ws/install/delbot:/home/j/e2e_ws/install/yolo_ros:/home/j/e2e_ws/install/ros2_aruco:/opt/ros/humble PYTHONPATH=/home/j/e2e_ws/install/yolo_ros/lib/python3.10/site-packages:/home/j/e2e_ws/install/image_fusion/local/lib/python3.10/dist-packages:/home/j/e2e_ws/build/yolo_ros:/home/j/e2e_ws/build/image_fusion:/home/j/e2e_ws/install/image_fusion/lib/python3.10/site-packages:/home/j/e2e_ws/build/ros2_aruco:/home/j/e2e_ws/install/image_fusion_node/local/lib/python3.10/dist-packages:/home/j/e2e_ws/install/yolo_msgs/local/lib/python3.10/dist-packages:/home/j/e2e_ws/install/ros2_aruco_interfaces/local/lib/python3.10/dist-packages:/home/j/e2e_ws/install/ros2_aruco/lib/python3.10/site-packages:/opt/ros/humble/lib/python3.10/site-packages:/opt/ros/humble/local/lib/python3.10/dist-packages /usr/bin/cmake --build /home/j/e2e_ws/build/yolo_bringup -- -j22 -l22
[4.669s] DEBUG:colcon.colcon_core.event_handler.log_command:Invoking command in '/home/j/e2e_ws/build/yolo_bringup': AMENT_PREFIX_PATH=/home/j/e2e_ws/install/yolo_ros:/home/j/e2e_ws/install/image_fusion:/home/j/e2e_ws/install/yolo_bringup:/home/j/e2e_ws/install/yolo_msgs:/home/j/e2e_ws/install/turtlebot3_simulations:/home/j/e2e_ws/install/turtlebot3_gazebo:/home/j/e2e_ws/install/turtlebot3_fake_node:/home/j/e2e_ws/install/ros2_aruco_interfaces:/home/j/e2e_ws/install/ros2_aruco:/home/j/e2e_ws/install/e2e_meta:/home/j/e2e_ws/install/delbot:/opt/ros/humble CMAKE_PREFIX_PATH=/home/j/e2e_ws/install/yolo_msgs:/home/j/e2e_ws/install/image_fusion:/home/j/e2e_ws/install/yolo_bringup:/home/j/e2e_ws/install/image_fusion_node:/home/j/e2e_ws/install/turtlebot3_simulations:/home/j/e2e_ws/install/turtlebot3_gazebo:/home/j/e2e_ws/install/turtlebot3_fake_node:/home/j/e2e_ws/install/ros2_aruco_interfaces:/home/j/e2e_ws/install/e2e_meta:/home/j/e2e_ws/install/delbot:/home/j/e2e_ws/install/yolo_ros:/home/j/e2e_ws/install/ros2_aruco:/opt/ros/humble PYTHONPATH=/home/j/e2e_ws/install/yolo_ros/lib/python3.10/site-packages:/home/j/e2e_ws/install/image_fusion/local/lib/python3.10/dist-packages:/home/j/e2e_ws/build/yolo_ros:/home/j/e2e_ws/build/image_fusion:/home/j/e2e_ws/install/image_fusion/lib/python3.10/site-packages:/home/j/e2e_ws/build/ros2_aruco:/home/j/e2e_ws/install/image_fusion_node/local/lib/python3.10/dist-packages:/home/j/e2e_ws/install/yolo_msgs/local/lib/python3.10/dist-packages:/home/j/e2e_ws/install/ros2_aruco_interfaces/local/lib/python3.10/dist-packages:/home/j/e2e_ws/install/ros2_aruco/lib/python3.10/site-packages:/opt/ros/humble/lib/python3.10/site-packages:/opt/ros/humble/local/lib/python3.10/dist-packages /usr/bin/cmake --install /home/j/e2e_ws/build/yolo_bringup
[4.685s] Level 1:colcon.colcon_core.environment:create_environment_scripts_only(yolo_bringup)
[4.686s] Level 1:colcon.colcon_core.environment:checking '/home/j/e2e_ws/install/yolo_bringup' for CMake module files
[4.688s] Level 1:colcon.colcon_core.environment:checking '/home/j/e2e_ws/install/yolo_bringup' for CMake config files
[4.689s] DEBUG:colcon.colcon_core.event_handler.log_command:Invoked command in '/home/j/e2e_ws/build/yolo_bringup' returned '0': AMENT_PREFIX_PATH=/home/j/e2e_ws/install/yolo_ros:/home/j/e2e_ws/install/image_fusion:/home/j/e2e_ws/install/yolo_bringup:/home/j/e2e_ws/install/yolo_msgs:/home/j/e2e_ws/install/turtlebot3_simulations:/home/j/e2e_ws/install/turtlebot3_gazebo:/home/j/e2e_ws/install/turtlebot3_fake_node:/home/j/e2e_ws/install/ros2_aruco_interfaces:/home/j/e2e_ws/install/ros2_aruco:/home/j/e2e_ws/install/e2e_meta:/home/j/e2e_ws/install/delbot:/opt/ros/humble CMAKE_PREFIX_PATH=/home/j/e2e_ws/install/yolo_msgs:/home/j/e2e_ws/install/image_fusion:/home/j/e2e_ws/install/yolo_bringup:/home/j/e2e_ws/install/image_fusion_node:/home/j/e2e_ws/install/turtlebot3_simulations:/home/j/e2e_ws/install/turtlebot3_gazebo:/home/j/e2e_ws/install/turtlebot3_fake_node:/home/j/e2e_ws/install/ros2_aruco_interfaces:/home/j/e2e_ws/install/e2e_meta:/home/j/e2e_ws/install/delbot:/home/j/e2e_ws/install/yolo_ros:/home/j/e2e_ws/install/ros2_aruco:/opt/ros/humble PYTHONPATH=/home/j/e2e_ws/install/yolo_ros/lib/python3.10/site-packages:/home/j/e2e_ws/install/image_fusion/local/lib/python3.10/dist-packages:/home/j/e2e_ws/build/yolo_ros:/home/j/e2e_ws/build/image_fusion:/home/j/e2e_ws/install/image_fusion/lib/python3.10/site-packages:/home/j/e2e_ws/build/ros2_aruco:/home/j/e2e_ws/install/image_fusion_node/local/lib/python3.10/dist-packages:/home/j/e2e_ws/install/yolo_msgs/local/lib/python3.10/dist-packages:/home/j/e2e_ws/install/ros2_aruco_interfaces/local/lib/python3.10/dist-packages:/home/j/e2e_ws/install/ros2_aruco/lib/python3.10/site-packages:/opt/ros/humble/lib/python3.10/site-packages:/opt/ros/humble/local/lib/python3.10/dist-packages /usr/bin/cmake --install /home/j/e2e_ws/build/yolo_bringup
[4.690s] Level 1:colcon.colcon_core.shell:create_environment_hook('yolo_bringup', 'cmake_prefix_path')
[4.693s] INFO:colcon.colcon_core.shell:Creating environment hook '/home/j/e2e_ws/install/yolo_bringup/share/yolo_bringup/hook/cmake_prefix_path.ps1'
[4.694s] INFO:colcon.colcon_core.shell:Creating environment descriptor '/home/j/e2e_ws/install/yolo_bringup/share/yolo_bringup/hook/cmake_prefix_path.dsv'
[4.695s] INFO:colcon.colcon_core.shell:Creating environment hook '/home/j/e2e_ws/install/yolo_bringup/share/yolo_bringup/hook/cmake_prefix_path.sh'
[4.696s] Level 1:colcon.colcon_core.environment:checking '/home/j/e2e_ws/install/yolo_bringup/bin'
[4.696s] Level 1:colcon.colcon_core.environment:checking '/home/j/e2e_ws/install/yolo_bringup/lib/pkgconfig/yolo_bringup.pc'
[4.697s] Level 1:colcon.colcon_core.environment:checking '/home/j/e2e_ws/install/yolo_bringup/lib/python3.10/site-packages'
[4.698s] Level 1:colcon.colcon_core.environment:checking '/home/j/e2e_ws/install/yolo_bringup/bin'
[4.699s] INFO:colcon.colcon_core.shell:Creating package script '/home/j/e2e_ws/install/yolo_bringup/share/yolo_bringup/package.ps1'
[4.701s] INFO:colcon.colcon_core.shell:Creating package descriptor '/home/j/e2e_ws/install/yolo_bringup/share/yolo_bringup/package.dsv'
[4.701s] INFO:colcon.colcon_core.shell:Creating package script '/home/j/e2e_ws/install/yolo_bringup/share/yolo_bringup/package.sh'
[4.702s] INFO:colcon.colcon_core.shell:Creating package script '/home/j/e2e_ws/install/yolo_bringup/share/yolo_bringup/package.bash'
[4.702s] INFO:colcon.colcon_core.shell:Creating package script '/home/j/e2e_ws/install/yolo_bringup/share/yolo_bringup/package.zsh'
[4.703s] Level 1:colcon.colcon_core.environment:create_file_with_runtime_dependencies(/home/j/e2e_ws/install/yolo_bringup/share/colcon-core/packages/yolo_bringup)
[4.704s] Level 1:colcon.colcon_core.environment:create_environment_scripts_only(yolo_bringup)
[4.704s] Level 1:colcon.colcon_core.environment:checking '/home/j/e2e_ws/install/yolo_bringup' for CMake module files
[4.704s] Level 1:colcon.colcon_core.environment:checking '/home/j/e2e_ws/install/yolo_bringup' for CMake config files
[4.705s] Level 1:colcon.colcon_core.shell:create_environment_hook('yolo_bringup', 'cmake_prefix_path')
[4.706s] INFO:colcon.colcon_core.shell:Creating environment hook '/home/j/e2e_ws/install/yolo_bringup/share/yolo_bringup/hook/cmake_prefix_path.ps1'
[4.707s] INFO:colcon.colcon_core.shell:Creating environment descriptor '/home/j/e2e_ws/install/yolo_bringup/share/yolo_bringup/hook/cmake_prefix_path.dsv'
[4.707s] INFO:colcon.colcon_core.shell:Creating environment hook '/home/j/e2e_ws/install/yolo_bringup/share/yolo_bringup/hook/cmake_prefix_path.sh'
[4.708s] Level 1:colcon.colcon_core.environment:checking '/home/j/e2e_ws/install/yolo_bringup/bin'
[4.708s] Level 1:colcon.colcon_core.environment:checking '/home/j/e2e_ws/install/yolo_bringup/lib/pkgconfig/yolo_bringup.pc'
[4.709s] Level 1:colcon.colcon_core.environment:checking '/home/j/e2e_ws/install/yolo_bringup/lib/python3.10/site-packages'
[4.709s] Level 1:colcon.colcon_core.environment:checking '/home/j/e2e_ws/install/yolo_bringup/bin'
[4.709s] INFO:colcon.colcon_core.shell:Creating package script '/home/j/e2e_ws/install/yolo_bringup/share/yolo_bringup/package.ps1'
[4.710s] INFO:colcon.colcon_core.shell:Creating package descriptor '/home/j/e2e_ws/install/yolo_bringup/share/yolo_bringup/package.dsv'
[4.711s] INFO:colcon.colcon_core.shell:Creating package script '/home/j/e2e_ws/install/yolo_bringup/share/yolo_bringup/package.sh'
[4.711s] INFO:colcon.colcon_core.shell:Creating package script '/home/j/e2e_ws/install/yolo_bringup/share/yolo_bringup/package.bash'
[4.712s] INFO:colcon.colcon_core.shell:Creating package script '/home/j/e2e_ws/install/yolo_bringup/share/yolo_bringup/package.zsh'
[4.712s] Level 1:colcon.colcon_core.environment:create_file_with_runtime_dependencies(/home/j/e2e_ws/install/yolo_bringup/share/colcon-core/packages/yolo_bringup)
[4.713s] DEBUG:colcon.colcon_parallel_executor.executor.parallel:closing loop
[4.716s] DEBUG:colcon.colcon_parallel_executor.executor.parallel:loop closed
[4.717s] DEBUG:colcon.colcon_parallel_executor.executor.parallel:run_until_complete finished with '0'
[4.719s] DEBUG:colcon.colcon_core.event_reactor:joining thread
[4.734s] INFO:colcon.colcon_core.plugin_system:Skipping extension 'colcon_notification.desktop_notification.terminal_notifier': Not used on non-Darwin systems
[4.734s] INFO:colcon.colcon_core.plugin_system:Skipping extension 'colcon_notification.desktop_notification.win32': Not used on non-Windows systems
[4.734s] INFO:colcon.colcon_notification.desktop_notification:Sending desktop notification using 'notify2'
[4.777s] DEBUG:colcon.colcon_core.event_reactor:joined thread
[4.778s] INFO:colcon.colcon_core.shell:Creating prefix script '/home/j/e2e_ws/install/local_setup.ps1'
[4.780s] INFO:colcon.colcon_core.shell:Creating prefix util module '/home/j/e2e_ws/install/_local_setup_util_ps1.py'
[4.785s] INFO:colcon.colcon_core.shell:Creating prefix chain script '/home/j/e2e_ws/install/setup.ps1'
[4.789s] INFO:colcon.colcon_core.shell:Creating prefix script '/home/j/e2e_ws/install/local_setup.sh'
[4.790s] INFO:colcon.colcon_core.shell:Creating prefix util module '/home/j/e2e_ws/install/_local_setup_util_sh.py'
[4.792s] INFO:colcon.colcon_core.shell:Creating prefix chain script '/home/j/e2e_ws/install/setup.sh'
[4.796s] INFO:colcon.colcon_core.shell:Creating prefix script '/home/j/e2e_ws/install/local_setup.bash'
[4.801s] INFO:colcon.colcon_core.shell:Creating prefix chain script '/home/j/e2e_ws/install/setup.bash'
[4.805s] INFO:colcon.colcon_core.shell:Creating prefix script '/home/j/e2e_ws/install/local_setup.zsh'
[4.807s] INFO:colcon.colcon_core.shell:Creating prefix chain script '/home/j/e2e_ws/install/setup.zsh'
