[0.059s] DEBUG:colcon:Command line arguments: ['/usr/bin/colcon', 'build']
[0.059s] DEBUG:colcon:Parsed command line arguments: Namespace(log_base=None, log_level=None, verb_name='build', build_base='build', install_base='install', merge_install=False, symlink_install=False, test_result_base=None, continue_on_error=False, executor='parallel', parallel_workers=22, event_handlers=None, ignore_user_meta=False, metas=['./colcon.meta'], base_paths=['.'], packages_ignore=None, packages_ignore_regex=None, paths=None, packages_up_to=None, packages_up_to_regex=None, packages_above=None, packages_above_and_dependencies=None, packages_above_depth=None, packages_select_by_dep=None, packages_skip_by_dep=None, packages_skip_up_to=None, packages_select_build_failed=False, packages_skip_build_finished=False, packages_select_test_failures=False, packages_skip_test_passed=False, packages_select=None, packages_skip=None, packages_select_regex=None, packages_skip_regex=None, packages_start=None, packages_end=None, allow_overriding=[], cmake_args=None, cmake_target=None, cmake_target_skip_unavailable=False, cmake_clean_cache=False, cmake_clean_first=False, cmake_force_configure=False, ament_cmake_args=None, catkin_cmake_args=None, catkin_skip_building_tests=False, verb_parser=<colcon_defaults.argument_parser.defaults.DefaultArgumentsDecorator object at 0x76d96e34ab90>, verb_extension=<colcon_core.verb.build.BuildVerb object at 0x76d96e4bf970>, main=<bound method BuildVerb.main of <colcon_core.verb.build.BuildVerb object at 0x76d96e4bf970>>)
[0.150s] Level 1:colcon.colcon_core.package_discovery:discover_packages(colcon_meta) check parameters
[0.150s] Level 1:colcon.colcon_core.package_discovery:discover_packages(recursive) check parameters
[0.150s] Level 1:colcon.colcon_core.package_discovery:discover_packages(ignore) check parameters
[0.150s] Level 1:colcon.colcon_core.package_discovery:discover_packages(path) check parameters
[0.150s] Level 1:colcon.colcon_core.package_discovery:discover_packages(colcon_meta) discover
[0.150s] Level 1:colcon.colcon_core.package_discovery:discover_packages(recursive) discover
[0.150s] INFO:colcon.colcon_core.package_discovery:Crawling recursively for packages in '/home/j/e2e_ws'
[0.150s] Level 1:colcon.colcon_core.package_identification:_identify(.) by extensions ['ignore', 'ignore_ament_install']
[0.151s] Level 1:colcon.colcon_core.package_identification:_identify(.) by extension 'ignore'
[0.151s] Level 1:colcon.colcon_core.package_identification:_identify(.) by extension 'ignore_ament_install'
[0.151s] Level 1:colcon.colcon_core.package_identification:_identify(.) by extensions ['colcon_pkg']
[0.151s] Level 1:colcon.colcon_core.package_identification:_identify(.) by extension 'colcon_pkg'
[0.151s] Level 1:colcon.colcon_core.package_identification:_identify(.) by extensions ['colcon_meta']
[0.151s] Level 1:colcon.colcon_core.package_identification:_identify(.) by extension 'colcon_meta'
[0.151s] Level 1:colcon.colcon_core.package_identification:_identify(.) by extensions ['ros']
[0.151s] Level 1:colcon.colcon_core.package_identification:_identify(.) by extension 'ros'
[0.157s] Level 1:colcon.colcon_core.package_identification:_identify(.) by extensions ['cmake', 'python']
[0.157s] Level 1:colcon.colcon_core.package_identification:_identify(.) by extension 'cmake'
[0.157s] Level 1:colcon.colcon_core.package_identification:_identify(.) by extension 'python'
[0.157s] Level 1:colcon.colcon_core.package_identification:_identify(.) by extensions ['python_setup_py']
[0.157s] Level 1:colcon.colcon_core.package_identification:_identify(.) by extension 'python_setup_py'
[0.157s] Level 1:colcon.colcon_core.package_identification:_identify(build) by extensions ['ignore', 'ignore_ament_install']
[0.157s] Level 1:colcon.colcon_core.package_identification:_identify(build) by extension 'ignore'
[0.157s] Level 1:colcon.colcon_core.package_identification:_identify(build) ignored
[0.157s] Level 1:colcon.colcon_core.package_identification:_identify(install) by extensions ['ignore', 'ignore_ament_install']
[0.157s] Level 1:colcon.colcon_core.package_identification:_identify(install) by extension 'ignore'
[0.157s] Level 1:colcon.colcon_core.package_identification:_identify(install) ignored
[0.157s] Level 1:colcon.colcon_core.package_identification:_identify(log) by extensions ['ignore', 'ignore_ament_install']
[0.157s] Level 1:colcon.colcon_core.package_identification:_identify(log) by extension 'ignore'
[0.158s] Level 1:colcon.colcon_core.package_identification:_identify(log) ignored
[0.158s] Level 1:colcon.colcon_core.package_identification:_identify(resource) by extensions ['ignore', 'ignore_ament_install']
[0.158s] Level 1:colcon.colcon_core.package_identification:_identify(resource) by extension 'ignore'
[0.158s] Level 1:colcon.colcon_core.package_identification:_identify(resource) by extension 'ignore_ament_install'
[0.158s] Level 1:colcon.colcon_core.package_identification:_identify(resource) by extensions ['colcon_pkg']
[0.158s] Level 1:colcon.colcon_core.package_identification:_identify(resource) by extension 'colcon_pkg'
[0.158s] Level 1:colcon.colcon_core.package_identification:_identify(resource) by extensions ['colcon_meta']
[0.158s] Level 1:colcon.colcon_core.package_identification:_identify(resource) by extension 'colcon_meta'
[0.158s] Level 1:colcon.colcon_core.package_identification:_identify(resource) by extensions ['ros']
[0.158s] Level 1:colcon.colcon_core.package_identification:_identify(resource) by extension 'ros'
[0.158s] Level 1:colcon.colcon_core.package_identification:_identify(resource) by extensions ['cmake', 'python']
[0.158s] Level 1:colcon.colcon_core.package_identification:_identify(resource) by extension 'cmake'
[0.158s] Level 1:colcon.colcon_core.package_identification:_identify(resource) by extension 'python'
[0.158s] Level 1:colcon.colcon_core.package_identification:_identify(resource) by extensions ['python_setup_py']
[0.158s] Level 1:colcon.colcon_core.package_identification:_identify(resource) by extension 'python_setup_py'
[0.158s] Level 1:colcon.colcon_core.package_identification:_identify(rosbag2_2025_05_26-14_36_35) by extensions ['ignore', 'ignore_ament_install']
[0.158s] Level 1:colcon.colcon_core.package_identification:_identify(rosbag2_2025_05_26-14_36_35) by extension 'ignore'
[0.158s] Level 1:colcon.colcon_core.package_identification:_identify(rosbag2_2025_05_26-14_36_35) by extension 'ignore_ament_install'
[0.158s] Level 1:colcon.colcon_core.package_identification:_identify(rosbag2_2025_05_26-14_36_35) by extensions ['colcon_pkg']
[0.158s] Level 1:colcon.colcon_core.package_identification:_identify(rosbag2_2025_05_26-14_36_35) by extension 'colcon_pkg'
[0.158s] Level 1:colcon.colcon_core.package_identification:_identify(rosbag2_2025_05_26-14_36_35) by extensions ['colcon_meta']
[0.158s] Level 1:colcon.colcon_core.package_identification:_identify(rosbag2_2025_05_26-14_36_35) by extension 'colcon_meta'
[0.158s] Level 1:colcon.colcon_core.package_identification:_identify(rosbag2_2025_05_26-14_36_35) by extensions ['ros']
[0.158s] Level 1:colcon.colcon_core.package_identification:_identify(rosbag2_2025_05_26-14_36_35) by extension 'ros'
[0.158s] Level 1:colcon.colcon_core.package_identification:_identify(rosbag2_2025_05_26-14_36_35) by extensions ['cmake', 'python']
[0.158s] Level 1:colcon.colcon_core.package_identification:_identify(rosbag2_2025_05_26-14_36_35) by extension 'cmake'
[0.158s] Level 1:colcon.colcon_core.package_identification:_identify(rosbag2_2025_05_26-14_36_35) by extension 'python'
[0.158s] Level 1:colcon.colcon_core.package_identification:_identify(rosbag2_2025_05_26-14_36_35) by extensions ['python_setup_py']
[0.158s] Level 1:colcon.colcon_core.package_identification:_identify(rosbag2_2025_05_26-14_36_35) by extension 'python_setup_py'
[0.158s] Level 1:colcon.colcon_core.package_identification:_identify(rosbag2_2025_05_26-14_39_32) by extensions ['ignore', 'ignore_ament_install']
[0.158s] Level 1:colcon.colcon_core.package_identification:_identify(rosbag2_2025_05_26-14_39_32) by extension 'ignore'
[0.158s] Level 1:colcon.colcon_core.package_identification:_identify(rosbag2_2025_05_26-14_39_32) by extension 'ignore_ament_install'
[0.158s] Level 1:colcon.colcon_core.package_identification:_identify(rosbag2_2025_05_26-14_39_32) by extensions ['colcon_pkg']
[0.158s] Level 1:colcon.colcon_core.package_identification:_identify(rosbag2_2025_05_26-14_39_32) by extension 'colcon_pkg'
[0.158s] Level 1:colcon.colcon_core.package_identification:_identify(rosbag2_2025_05_26-14_39_32) by extensions ['colcon_meta']
[0.158s] Level 1:colcon.colcon_core.package_identification:_identify(rosbag2_2025_05_26-14_39_32) by extension 'colcon_meta'
[0.158s] Level 1:colcon.colcon_core.package_identification:_identify(rosbag2_2025_05_26-14_39_32) by extensions ['ros']
[0.158s] Level 1:colcon.colcon_core.package_identification:_identify(rosbag2_2025_05_26-14_39_32) by extension 'ros'
[0.158s] Level 1:colcon.colcon_core.package_identification:_identify(rosbag2_2025_05_26-14_39_32) by extensions ['cmake', 'python']
[0.158s] Level 1:colcon.colcon_core.package_identification:_identify(rosbag2_2025_05_26-14_39_32) by extension 'cmake'
[0.158s] Level 1:colcon.colcon_core.package_identification:_identify(rosbag2_2025_05_26-14_39_32) by extension 'python'
[0.158s] Level 1:colcon.colcon_core.package_identification:_identify(rosbag2_2025_05_26-14_39_32) by extensions ['python_setup_py']
[0.158s] Level 1:colcon.colcon_core.package_identification:_identify(rosbag2_2025_05_26-14_39_32) by extension 'python_setup_py'
[0.159s] Level 1:colcon.colcon_core.package_identification:_identify(src) by extensions ['ignore', 'ignore_ament_install']
[0.159s] Level 1:colcon.colcon_core.package_identification:_identify(src) by extension 'ignore'
[0.159s] Level 1:colcon.colcon_core.package_identification:_identify(src) by extension 'ignore_ament_install'
[0.159s] Level 1:colcon.colcon_core.package_identification:_identify(src) by extensions ['colcon_pkg']
[0.159s] Level 1:colcon.colcon_core.package_identification:_identify(src) by extension 'colcon_pkg'
[0.159s] Level 1:colcon.colcon_core.package_identification:_identify(src) by extensions ['colcon_meta']
[0.159s] Level 1:colcon.colcon_core.package_identification:_identify(src) by extension 'colcon_meta'
[0.159s] Level 1:colcon.colcon_core.package_identification:_identify(src) by extensions ['ros']
[0.159s] Level 1:colcon.colcon_core.package_identification:_identify(src) by extension 'ros'
[0.159s] Level 1:colcon.colcon_core.package_identification:_identify(src) by extensions ['cmake', 'python']
[0.159s] Level 1:colcon.colcon_core.package_identification:_identify(src) by extension 'cmake'
[0.159s] Level 1:colcon.colcon_core.package_identification:_identify(src) by extension 'python'
[0.159s] Level 1:colcon.colcon_core.package_identification:_identify(src) by extensions ['python_setup_py']
[0.159s] Level 1:colcon.colcon_core.package_identification:_identify(src) by extension 'python_setup_py'
[0.159s] Level 1:colcon.colcon_core.package_identification:_identify(src/e2e_meta) by extensions ['ignore', 'ignore_ament_install']
[0.159s] Level 1:colcon.colcon_core.package_identification:_identify(src/e2e_meta) by extension 'ignore'
[0.159s] Level 1:colcon.colcon_core.package_identification:_identify(src/e2e_meta) by extension 'ignore_ament_install'
[0.159s] Level 1:colcon.colcon_core.package_identification:_identify(src/e2e_meta) by extensions ['colcon_pkg']
[0.159s] Level 1:colcon.colcon_core.package_identification:_identify(src/e2e_meta) by extension 'colcon_pkg'
[0.159s] Level 1:colcon.colcon_core.package_identification:_identify(src/e2e_meta) by extensions ['colcon_meta']
[0.159s] Level 1:colcon.colcon_core.package_identification:_identify(src/e2e_meta) by extension 'colcon_meta'
[0.159s] Level 1:colcon.colcon_core.package_identification:_identify(src/e2e_meta) by extensions ['ros']
[0.159s] Level 1:colcon.colcon_core.package_identification:_identify(src/e2e_meta) by extension 'ros'
[0.161s] DEBUG:colcon.colcon_core.package_identification:Package 'src/e2e_meta' with type 'ros.ament_cmake' and name 'e2e_meta'
[0.161s] Level 1:colcon.colcon_core.package_identification:_identify(src/image_fusion) by extensions ['ignore', 'ignore_ament_install']
[0.161s] Level 1:colcon.colcon_core.package_identification:_identify(src/image_fusion) by extension 'ignore'
[0.161s] Level 1:colcon.colcon_core.package_identification:_identify(src/image_fusion) by extension 'ignore_ament_install'
[0.161s] Level 1:colcon.colcon_core.package_identification:_identify(src/image_fusion) by extensions ['colcon_pkg']
[0.161s] Level 1:colcon.colcon_core.package_identification:_identify(src/image_fusion) by extension 'colcon_pkg'
[0.161s] Level 1:colcon.colcon_core.package_identification:_identify(src/image_fusion) by extensions ['colcon_meta']
[0.161s] Level 1:colcon.colcon_core.package_identification:_identify(src/image_fusion) by extension 'colcon_meta'
[0.161s] Level 1:colcon.colcon_core.package_identification:_identify(src/image_fusion) by extensions ['ros']
[0.161s] Level 1:colcon.colcon_core.package_identification:_identify(src/image_fusion) by extension 'ros'
[0.161s] DEBUG:colcon.colcon_core.package_identification:Package 'src/image_fusion' with type 'ros.ament_python' and name 'image_fusion'
[0.161s] Level 1:colcon.colcon_core.package_identification:_identify(src/ros2_aruco) by extensions ['ignore', 'ignore_ament_install']
[0.161s] Level 1:colcon.colcon_core.package_identification:_identify(src/ros2_aruco) by extension 'ignore'
[0.162s] Level 1:colcon.colcon_core.package_identification:_identify(src/ros2_aruco) by extension 'ignore_ament_install'
[0.162s] Level 1:colcon.colcon_core.package_identification:_identify(src/ros2_aruco) by extensions ['colcon_pkg']
[0.162s] Level 1:colcon.colcon_core.package_identification:_identify(src/ros2_aruco) by extension 'colcon_pkg'
[0.162s] Level 1:colcon.colcon_core.package_identification:_identify(src/ros2_aruco) by extensions ['colcon_meta']
[0.162s] Level 1:colcon.colcon_core.package_identification:_identify(src/ros2_aruco) by extension 'colcon_meta'
[0.162s] Level 1:colcon.colcon_core.package_identification:_identify(src/ros2_aruco) by extensions ['ros']
[0.162s] Level 1:colcon.colcon_core.package_identification:_identify(src/ros2_aruco) by extension 'ros'
[0.162s] Level 1:colcon.colcon_core.package_identification:_identify(src/ros2_aruco) by extensions ['cmake', 'python']
[0.162s] Level 1:colcon.colcon_core.package_identification:_identify(src/ros2_aruco) by extension 'cmake'
[0.162s] Level 1:colcon.colcon_core.package_identification:_identify(src/ros2_aruco) by extension 'python'
[0.162s] Level 1:colcon.colcon_core.package_identification:_identify(src/ros2_aruco) by extensions ['python_setup_py']
[0.162s] Level 1:colcon.colcon_core.package_identification:_identify(src/ros2_aruco) by extension 'python_setup_py'
[0.162s] Level 1:colcon.colcon_core.package_identification:_identify(src/ros2_aruco/ros2_aruco) by extensions ['ignore', 'ignore_ament_install']
[0.162s] Level 1:colcon.colcon_core.package_identification:_identify(src/ros2_aruco/ros2_aruco) by extension 'ignore'
[0.162s] Level 1:colcon.colcon_core.package_identification:_identify(src/ros2_aruco/ros2_aruco) by extension 'ignore_ament_install'
[0.162s] Level 1:colcon.colcon_core.package_identification:_identify(src/ros2_aruco/ros2_aruco) by extensions ['colcon_pkg']
[0.162s] Level 1:colcon.colcon_core.package_identification:_identify(src/ros2_aruco/ros2_aruco) by extension 'colcon_pkg'
[0.162s] Level 1:colcon.colcon_core.package_identification:_identify(src/ros2_aruco/ros2_aruco) by extensions ['colcon_meta']
[0.162s] Level 1:colcon.colcon_core.package_identification:_identify(src/ros2_aruco/ros2_aruco) by extension 'colcon_meta'
[0.162s] Level 1:colcon.colcon_core.package_identification:_identify(src/ros2_aruco/ros2_aruco) by extensions ['ros']
[0.162s] Level 1:colcon.colcon_core.package_identification:_identify(src/ros2_aruco/ros2_aruco) by extension 'ros'
[0.162s] DEBUG:colcon.colcon_core.package_identification:Package 'src/ros2_aruco/ros2_aruco' with type 'ros.ament_python' and name 'ros2_aruco'
[0.162s] Level 1:colcon.colcon_core.package_identification:_identify(src/ros2_aruco/ros2_aruco_interfaces) by extensions ['ignore', 'ignore_ament_install']
[0.162s] Level 1:colcon.colcon_core.package_identification:_identify(src/ros2_aruco/ros2_aruco_interfaces) by extension 'ignore'
[0.162s] Level 1:colcon.colcon_core.package_identification:_identify(src/ros2_aruco/ros2_aruco_interfaces) by extension 'ignore_ament_install'
[0.162s] Level 1:colcon.colcon_core.package_identification:_identify(src/ros2_aruco/ros2_aruco_interfaces) by extensions ['colcon_pkg']
[0.162s] Level 1:colcon.colcon_core.package_identification:_identify(src/ros2_aruco/ros2_aruco_interfaces) by extension 'colcon_pkg'
[0.162s] Level 1:colcon.colcon_core.package_identification:_identify(src/ros2_aruco/ros2_aruco_interfaces) by extensions ['colcon_meta']
[0.162s] Level 1:colcon.colcon_core.package_identification:_identify(src/ros2_aruco/ros2_aruco_interfaces) by extension 'colcon_meta'
[0.162s] Level 1:colcon.colcon_core.package_identification:_identify(src/ros2_aruco/ros2_aruco_interfaces) by extensions ['ros']
[0.163s] Level 1:colcon.colcon_core.package_identification:_identify(src/ros2_aruco/ros2_aruco_interfaces) by extension 'ros'
[0.163s] DEBUG:colcon.colcon_core.package_identification:Package 'src/ros2_aruco/ros2_aruco_interfaces' with type 'ros.ament_cmake' and name 'ros2_aruco_interfaces'
[0.163s] Level 1:colcon.colcon_core.package_identification:_identify(src/turtlebot3_simulations-humble) by extensions ['ignore', 'ignore_ament_install']
[0.163s] Level 1:colcon.colcon_core.package_identification:_identify(src/turtlebot3_simulations-humble) by extension 'ignore'
[0.163s] Level 1:colcon.colcon_core.package_identification:_identify(src/turtlebot3_simulations-humble) by extension 'ignore_ament_install'
[0.163s] Level 1:colcon.colcon_core.package_identification:_identify(src/turtlebot3_simulations-humble) by extensions ['colcon_pkg']
[0.163s] Level 1:colcon.colcon_core.package_identification:_identify(src/turtlebot3_simulations-humble) by extension 'colcon_pkg'
[0.163s] Level 1:colcon.colcon_core.package_identification:_identify(src/turtlebot3_simulations-humble) by extensions ['colcon_meta']
[0.163s] Level 1:colcon.colcon_core.package_identification:_identify(src/turtlebot3_simulations-humble) by extension 'colcon_meta'
[0.163s] Level 1:colcon.colcon_core.package_identification:_identify(src/turtlebot3_simulations-humble) by extensions ['ros']
[0.163s] Level 1:colcon.colcon_core.package_identification:_identify(src/turtlebot3_simulations-humble) by extension 'ros'
[0.163s] Level 1:colcon.colcon_core.package_identification:_identify(src/turtlebot3_simulations-humble) by extensions ['cmake', 'python']
[0.163s] Level 1:colcon.colcon_core.package_identification:_identify(src/turtlebot3_simulations-humble) by extension 'cmake'
[0.163s] Level 1:colcon.colcon_core.package_identification:_identify(src/turtlebot3_simulations-humble) by extension 'python'
[0.163s] Level 1:colcon.colcon_core.package_identification:_identify(src/turtlebot3_simulations-humble) by extensions ['python_setup_py']
[0.163s] Level 1:colcon.colcon_core.package_identification:_identify(src/turtlebot3_simulations-humble) by extension 'python_setup_py'
[0.163s] Level 1:colcon.colcon_core.package_identification:_identify(src/turtlebot3_simulations-humble/turtlebot3_fake_node) by extensions ['ignore', 'ignore_ament_install']
[0.163s] Level 1:colcon.colcon_core.package_identification:_identify(src/turtlebot3_simulations-humble/turtlebot3_fake_node) by extension 'ignore'
[0.163s] Level 1:colcon.colcon_core.package_identification:_identify(src/turtlebot3_simulations-humble/turtlebot3_fake_node) by extension 'ignore_ament_install'
[0.163s] Level 1:colcon.colcon_core.package_identification:_identify(src/turtlebot3_simulations-humble/turtlebot3_fake_node) by extensions ['colcon_pkg']
[0.163s] Level 1:colcon.colcon_core.package_identification:_identify(src/turtlebot3_simulations-humble/turtlebot3_fake_node) by extension 'colcon_pkg'
[0.163s] Level 1:colcon.colcon_core.package_identification:_identify(src/turtlebot3_simulations-humble/turtlebot3_fake_node) by extensions ['colcon_meta']
[0.163s] Level 1:colcon.colcon_core.package_identification:_identify(src/turtlebot3_simulations-humble/turtlebot3_fake_node) by extension 'colcon_meta'
[0.163s] Level 1:colcon.colcon_core.package_identification:_identify(src/turtlebot3_simulations-humble/turtlebot3_fake_node) by extensions ['ros']
[0.163s] Level 1:colcon.colcon_core.package_identification:_identify(src/turtlebot3_simulations-humble/turtlebot3_fake_node) by extension 'ros'
[0.164s] DEBUG:colcon.colcon_core.package_identification:Package 'src/turtlebot3_simulations-humble/turtlebot3_fake_node' with type 'ros.ament_cmake' and name 'turtlebot3_fake_node'
[0.164s] Level 1:colcon.colcon_core.package_identification:_identify(src/turtlebot3_simulations-humble/turtlebot3_gazebo) by extensions ['ignore', 'ignore_ament_install']
[0.164s] Level 1:colcon.colcon_core.package_identification:_identify(src/turtlebot3_simulations-humble/turtlebot3_gazebo) by extension 'ignore'
[0.164s] Level 1:colcon.colcon_core.package_identification:_identify(src/turtlebot3_simulations-humble/turtlebot3_gazebo) by extension 'ignore_ament_install'
[0.164s] Level 1:colcon.colcon_core.package_identification:_identify(src/turtlebot3_simulations-humble/turtlebot3_gazebo) by extensions ['colcon_pkg']
[0.164s] Level 1:colcon.colcon_core.package_identification:_identify(src/turtlebot3_simulations-humble/turtlebot3_gazebo) by extension 'colcon_pkg'
[0.164s] Level 1:colcon.colcon_core.package_identification:_identify(src/turtlebot3_simulations-humble/turtlebot3_gazebo) by extensions ['colcon_meta']
[0.164s] Level 1:colcon.colcon_core.package_identification:_identify(src/turtlebot3_simulations-humble/turtlebot3_gazebo) by extension 'colcon_meta'
[0.164s] Level 1:colcon.colcon_core.package_identification:_identify(src/turtlebot3_simulations-humble/turtlebot3_gazebo) by extensions ['ros']
[0.164s] Level 1:colcon.colcon_core.package_identification:_identify(src/turtlebot3_simulations-humble/turtlebot3_gazebo) by extension 'ros'
[0.165s] DEBUG:colcon.colcon_core.package_identification:Package 'src/turtlebot3_simulations-humble/turtlebot3_gazebo' with type 'ros.ament_cmake' and name 'turtlebot3_gazebo'
[0.165s] Level 1:colcon.colcon_core.package_identification:_identify(src/turtlebot3_simulations-humble/turtlebot3_simulations) by extensions ['ignore', 'ignore_ament_install']
[0.165s] Level 1:colcon.colcon_core.package_identification:_identify(src/turtlebot3_simulations-humble/turtlebot3_simulations) by extension 'ignore'
[0.165s] Level 1:colcon.colcon_core.package_identification:_identify(src/turtlebot3_simulations-humble/turtlebot3_simulations) by extension 'ignore_ament_install'
[0.165s] Level 1:colcon.colcon_core.package_identification:_identify(src/turtlebot3_simulations-humble/turtlebot3_simulations) by extensions ['colcon_pkg']
[0.165s] Level 1:colcon.colcon_core.package_identification:_identify(src/turtlebot3_simulations-humble/turtlebot3_simulations) by extension 'colcon_pkg'
[0.165s] Level 1:colcon.colcon_core.package_identification:_identify(src/turtlebot3_simulations-humble/turtlebot3_simulations) by extensions ['colcon_meta']
[0.165s] Level 1:colcon.colcon_core.package_identification:_identify(src/turtlebot3_simulations-humble/turtlebot3_simulations) by extension 'colcon_meta'
[0.165s] Level 1:colcon.colcon_core.package_identification:_identify(src/turtlebot3_simulations-humble/turtlebot3_simulations) by extensions ['ros']
[0.165s] Level 1:colcon.colcon_core.package_identification:_identify(src/turtlebot3_simulations-humble/turtlebot3_simulations) by extension 'ros'
[0.166s] DEBUG:colcon.colcon_core.package_identification:Package 'src/turtlebot3_simulations-humble/turtlebot3_simulations' with type 'ros.ament_cmake' and name 'turtlebot3_simulations'
[0.166s] Level 1:colcon.colcon_core.package_identification:_identify(src/yolo_ros) by extensions ['ignore', 'ignore_ament_install']
[0.166s] Level 1:colcon.colcon_core.package_identification:_identify(src/yolo_ros) by extension 'ignore'
[0.166s] Level 1:colcon.colcon_core.package_identification:_identify(src/yolo_ros) by extension 'ignore_ament_install'
[0.166s] Level 1:colcon.colcon_core.package_identification:_identify(src/yolo_ros) by extensions ['colcon_pkg']
[0.166s] Level 1:colcon.colcon_core.package_identification:_identify(src/yolo_ros) by extension 'colcon_pkg'
[0.166s] Level 1:colcon.colcon_core.package_identification:_identify(src/yolo_ros) by extensions ['colcon_meta']
[0.166s] Level 1:colcon.colcon_core.package_identification:_identify(src/yolo_ros) by extension 'colcon_meta'
[0.166s] Level 1:colcon.colcon_core.package_identification:_identify(src/yolo_ros) by extensions ['ros']
[0.166s] Level 1:colcon.colcon_core.package_identification:_identify(src/yolo_ros) by extension 'ros'
[0.166s] Level 1:colcon.colcon_core.package_identification:_identify(src/yolo_ros) by extensions ['cmake', 'python']
[0.166s] Level 1:colcon.colcon_core.package_identification:_identify(src/yolo_ros) by extension 'cmake'
[0.166s] Level 1:colcon.colcon_core.package_identification:_identify(src/yolo_ros) by extension 'python'
[0.166s] Level 1:colcon.colcon_core.package_identification:_identify(src/yolo_ros) by extensions ['python_setup_py']
[0.166s] Level 1:colcon.colcon_core.package_identification:_identify(src/yolo_ros) by extension 'python_setup_py'
[0.166s] Level 1:colcon.colcon_core.package_identification:_identify(src/yolo_ros/docs) by extensions ['ignore', 'ignore_ament_install']
[0.166s] Level 1:colcon.colcon_core.package_identification:_identify(src/yolo_ros/docs) by extension 'ignore'
[0.166s] Level 1:colcon.colcon_core.package_identification:_identify(src/yolo_ros/docs) by extension 'ignore_ament_install'
[0.166s] Level 1:colcon.colcon_core.package_identification:_identify(src/yolo_ros/docs) by extensions ['colcon_pkg']
[0.166s] Level 1:colcon.colcon_core.package_identification:_identify(src/yolo_ros/docs) by extension 'colcon_pkg'
[0.166s] Level 1:colcon.colcon_core.package_identification:_identify(src/yolo_ros/docs) by extensions ['colcon_meta']
[0.166s] Level 1:colcon.colcon_core.package_identification:_identify(src/yolo_ros/docs) by extension 'colcon_meta'
[0.166s] Level 1:colcon.colcon_core.package_identification:_identify(src/yolo_ros/docs) by extensions ['ros']
[0.166s] Level 1:colcon.colcon_core.package_identification:_identify(src/yolo_ros/docs) by extension 'ros'
[0.166s] Level 1:colcon.colcon_core.package_identification:_identify(src/yolo_ros/docs) by extensions ['cmake', 'python']
[0.166s] Level 1:colcon.colcon_core.package_identification:_identify(src/yolo_ros/docs) by extension 'cmake'
[0.166s] Level 1:colcon.colcon_core.package_identification:_identify(src/yolo_ros/docs) by extension 'python'
[0.166s] Level 1:colcon.colcon_core.package_identification:_identify(src/yolo_ros/docs) by extensions ['python_setup_py']
[0.166s] Level 1:colcon.colcon_core.package_identification:_identify(src/yolo_ros/docs) by extension 'python_setup_py'
[0.166s] Level 1:colcon.colcon_core.package_identification:_identify(src/yolo_ros/yolo_bringup) by extensions ['ignore', 'ignore_ament_install']
[0.166s] Level 1:colcon.colcon_core.package_identification:_identify(src/yolo_ros/yolo_bringup) by extension 'ignore'
[0.166s] Level 1:colcon.colcon_core.package_identification:_identify(src/yolo_ros/yolo_bringup) by extension 'ignore_ament_install'
[0.166s] Level 1:colcon.colcon_core.package_identification:_identify(src/yolo_ros/yolo_bringup) by extensions ['colcon_pkg']
[0.166s] Level 1:colcon.colcon_core.package_identification:_identify(src/yolo_ros/yolo_bringup) by extension 'colcon_pkg'
[0.166s] Level 1:colcon.colcon_core.package_identification:_identify(src/yolo_ros/yolo_bringup) by extensions ['colcon_meta']
[0.166s] Level 1:colcon.colcon_core.package_identification:_identify(src/yolo_ros/yolo_bringup) by extension 'colcon_meta'
[0.166s] Level 1:colcon.colcon_core.package_identification:_identify(src/yolo_ros/yolo_bringup) by extensions ['ros']
[0.166s] Level 1:colcon.colcon_core.package_identification:_identify(src/yolo_ros/yolo_bringup) by extension 'ros'
[0.167s] DEBUG:colcon.colcon_core.package_identification:Package 'src/yolo_ros/yolo_bringup' with type 'ros.ament_cmake' and name 'yolo_bringup'
[0.167s] Level 1:colcon.colcon_core.package_identification:_identify(src/yolo_ros/yolo_msgs) by extensions ['ignore', 'ignore_ament_install']
[0.167s] Level 1:colcon.colcon_core.package_identification:_identify(src/yolo_ros/yolo_msgs) by extension 'ignore'
[0.167s] Level 1:colcon.colcon_core.package_identification:_identify(src/yolo_ros/yolo_msgs) by extension 'ignore_ament_install'
[0.167s] Level 1:colcon.colcon_core.package_identification:_identify(src/yolo_ros/yolo_msgs) by extensions ['colcon_pkg']
[0.167s] Level 1:colcon.colcon_core.package_identification:_identify(src/yolo_ros/yolo_msgs) by extension 'colcon_pkg'
[0.167s] Level 1:colcon.colcon_core.package_identification:_identify(src/yolo_ros/yolo_msgs) by extensions ['colcon_meta']
[0.167s] Level 1:colcon.colcon_core.package_identification:_identify(src/yolo_ros/yolo_msgs) by extension 'colcon_meta'
[0.167s] Level 1:colcon.colcon_core.package_identification:_identify(src/yolo_ros/yolo_msgs) by extensions ['ros']
[0.167s] Level 1:colcon.colcon_core.package_identification:_identify(src/yolo_ros/yolo_msgs) by extension 'ros'
[0.167s] DEBUG:colcon.colcon_core.package_identification:Package 'src/yolo_ros/yolo_msgs' with type 'ros.ament_cmake' and name 'yolo_msgs'
[0.167s] Level 1:colcon.colcon_core.package_identification:_identify(src/yolo_ros/yolo_ros) by extensions ['ignore', 'ignore_ament_install']
[0.168s] Level 1:colcon.colcon_core.package_identification:_identify(src/yolo_ros/yolo_ros) by extension 'ignore'
[0.168s] Level 1:colcon.colcon_core.package_identification:_identify(src/yolo_ros/yolo_ros) by extension 'ignore_ament_install'
[0.168s] Level 1:colcon.colcon_core.package_identification:_identify(src/yolo_ros/yolo_ros) by extensions ['colcon_pkg']
[0.168s] Level 1:colcon.colcon_core.package_identification:_identify(src/yolo_ros/yolo_ros) by extension 'colcon_pkg'
[0.168s] Level 1:colcon.colcon_core.package_identification:_identify(src/yolo_ros/yolo_ros) by extensions ['colcon_meta']
[0.168s] Level 1:colcon.colcon_core.package_identification:_identify(src/yolo_ros/yolo_ros) by extension 'colcon_meta'
[0.168s] Level 1:colcon.colcon_core.package_identification:_identify(src/yolo_ros/yolo_ros) by extensions ['ros']
[0.168s] Level 1:colcon.colcon_core.package_identification:_identify(src/yolo_ros/yolo_ros) by extension 'ros'
[0.168s] DEBUG:colcon.colcon_core.package_identification:Package 'src/yolo_ros/yolo_ros' with type 'ros.ament_python' and name 'yolo_ros'
[0.168s] Level 1:colcon.colcon_core.package_discovery:discover_packages(recursive) using defaults
[0.168s] Level 1:colcon.colcon_core.package_discovery:discover_packages(ignore) discover
[0.168s] Level 1:colcon.colcon_core.package_discovery:discover_packages(ignore) using defaults
[0.168s] Level 1:colcon.colcon_core.package_discovery:discover_packages(path) discover
[0.168s] Level 1:colcon.colcon_core.package_discovery:discover_packages(path) using defaults
[0.187s] Level 1:colcon.colcon_core.package_discovery:discover_packages(prefix_path) check parameters
[0.187s] Level 1:colcon.colcon_core.package_discovery:discover_packages(prefix_path) discover
[0.187s] WARNING:colcon.colcon_ros.prefix_path.ament:The path '/home/j/e2e_ws/install/delbot' in the environment variable AMENT_PREFIX_PATH doesn't exist
[0.187s] WARNING:colcon.colcon_ros.prefix_path.catkin:The path '/home/j/e2e_ws/install/image_fusion_node' in the environment variable CMAKE_PREFIX_PATH doesn't exist
[0.188s] WARNING:colcon.colcon_ros.prefix_path.catkin:The path '/home/j/e2e_ws/install/delbot' in the environment variable CMAKE_PREFIX_PATH doesn't exist
[0.188s] DEBUG:colcon.colcon_installed_package_information.package_discovery:Found 10 installed packages in /home/j/e2e_ws/install
[0.189s] DEBUG:colcon.colcon_installed_package_information.package_discovery:Found 318 installed packages in /opt/ros/humble
[0.190s] Level 1:colcon.colcon_core.package_discovery:discover_packages(prefix_path) using defaults
[0.213s] Level 5:colcon.colcon_core.verb:set package 'e2e_meta' build argument 'cmake_args' from command line to 'None'
[0.213s] Level 5:colcon.colcon_core.verb:set package 'e2e_meta' build argument 'cmake_target' from command line to 'None'
[0.213s] Level 5:colcon.colcon_core.verb:set package 'e2e_meta' build argument 'cmake_target_skip_unavailable' from command line to 'False'
[0.213s] Level 5:colcon.colcon_core.verb:set package 'e2e_meta' build argument 'cmake_clean_cache' from command line to 'False'
[0.213s] Level 5:colcon.colcon_core.verb:set package 'e2e_meta' build argument 'cmake_clean_first' from command line to 'False'
[0.213s] Level 5:colcon.colcon_core.verb:set package 'e2e_meta' build argument 'cmake_force_configure' from command line to 'False'
[0.213s] Level 5:colcon.colcon_core.verb:set package 'e2e_meta' build argument 'ament_cmake_args' from command line to 'None'
[0.213s] Level 5:colcon.colcon_core.verb:set package 'e2e_meta' build argument 'catkin_cmake_args' from command line to 'None'
[0.213s] Level 5:colcon.colcon_core.verb:set package 'e2e_meta' build argument 'catkin_skip_building_tests' from command line to 'False'
[0.213s] DEBUG:colcon.colcon_core.verb:Building package 'e2e_meta' with the following arguments: {'ament_cmake_args': None, 'build_base': '/home/j/e2e_ws/build/e2e_meta', 'catkin_cmake_args': None, 'catkin_skip_building_tests': False, 'cmake_args': None, 'cmake_clean_cache': False, 'cmake_clean_first': False, 'cmake_force_configure': False, 'cmake_target': None, 'cmake_target_skip_unavailable': False, 'install_base': '/home/j/e2e_ws/install/e2e_meta', 'merge_install': False, 'path': '/home/j/e2e_ws/src/e2e_meta', 'symlink_install': False, 'test_result_base': None}
[0.213s] Level 5:colcon.colcon_core.verb:set package 'ros2_aruco' build argument 'cmake_args' from command line to 'None'
[0.213s] Level 5:colcon.colcon_core.verb:set package 'ros2_aruco' build argument 'cmake_target' from command line to 'None'
[0.213s] Level 5:colcon.colcon_core.verb:set package 'ros2_aruco' build argument 'cmake_target_skip_unavailable' from command line to 'False'
[0.213s] Level 5:colcon.colcon_core.verb:set package 'ros2_aruco' build argument 'cmake_clean_cache' from command line to 'False'
[0.213s] Level 5:colcon.colcon_core.verb:set package 'ros2_aruco' build argument 'cmake_clean_first' from command line to 'False'
[0.213s] Level 5:colcon.colcon_core.verb:set package 'ros2_aruco' build argument 'cmake_force_configure' from command line to 'False'
[0.213s] Level 5:colcon.colcon_core.verb:set package 'ros2_aruco' build argument 'ament_cmake_args' from command line to 'None'
[0.213s] Level 5:colcon.colcon_core.verb:set package 'ros2_aruco' build argument 'catkin_cmake_args' from command line to 'None'
[0.213s] Level 5:colcon.colcon_core.verb:set package 'ros2_aruco' build argument 'catkin_skip_building_tests' from command line to 'False'
[0.213s] DEBUG:colcon.colcon_core.verb:Building package 'ros2_aruco' with the following arguments: {'ament_cmake_args': None, 'build_base': '/home/j/e2e_ws/build/ros2_aruco', 'catkin_cmake_args': None, 'catkin_skip_building_tests': False, 'cmake_args': None, 'cmake_clean_cache': False, 'cmake_clean_first': False, 'cmake_force_configure': False, 'cmake_target': None, 'cmake_target_skip_unavailable': False, 'install_base': '/home/j/e2e_ws/install/ros2_aruco', 'merge_install': False, 'path': '/home/j/e2e_ws/src/ros2_aruco/ros2_aruco', 'symlink_install': False, 'test_result_base': None}
[0.213s] Level 5:colcon.colcon_core.verb:set package 'ros2_aruco_interfaces' build argument 'cmake_args' from command line to 'None'
[0.213s] Level 5:colcon.colcon_core.verb:set package 'ros2_aruco_interfaces' build argument 'cmake_target' from command line to 'None'
[0.213s] Level 5:colcon.colcon_core.verb:set package 'ros2_aruco_interfaces' build argument 'cmake_target_skip_unavailable' from command line to 'False'
[0.213s] Level 5:colcon.colcon_core.verb:set package 'ros2_aruco_interfaces' build argument 'cmake_clean_cache' from command line to 'False'
[0.213s] Level 5:colcon.colcon_core.verb:set package 'ros2_aruco_interfaces' build argument 'cmake_clean_first' from command line to 'False'
[0.213s] Level 5:colcon.colcon_core.verb:set package 'ros2_aruco_interfaces' build argument 'cmake_force_configure' from command line to 'False'
[0.213s] Level 5:colcon.colcon_core.verb:set package 'ros2_aruco_interfaces' build argument 'ament_cmake_args' from command line to 'None'
[0.213s] Level 5:colcon.colcon_core.verb:set package 'ros2_aruco_interfaces' build argument 'catkin_cmake_args' from command line to 'None'
[0.213s] Level 5:colcon.colcon_core.verb:set package 'ros2_aruco_interfaces' build argument 'catkin_skip_building_tests' from command line to 'False'
[0.213s] DEBUG:colcon.colcon_core.verb:Building package 'ros2_aruco_interfaces' with the following arguments: {'ament_cmake_args': None, 'build_base': '/home/j/e2e_ws/build/ros2_aruco_interfaces', 'catkin_cmake_args': None, 'catkin_skip_building_tests': False, 'cmake_args': None, 'cmake_clean_cache': False, 'cmake_clean_first': False, 'cmake_force_configure': False, 'cmake_target': None, 'cmake_target_skip_unavailable': False, 'install_base': '/home/j/e2e_ws/install/ros2_aruco_interfaces', 'merge_install': False, 'path': '/home/j/e2e_ws/src/ros2_aruco/ros2_aruco_interfaces', 'symlink_install': False, 'test_result_base': None}
[0.214s] Level 5:colcon.colcon_core.verb:set package 'turtlebot3_fake_node' build argument 'cmake_args' from command line to 'None'
[0.214s] Level 5:colcon.colcon_core.verb:set package 'turtlebot3_fake_node' build argument 'cmake_target' from command line to 'None'
[0.214s] Level 5:colcon.colcon_core.verb:set package 'turtlebot3_fake_node' build argument 'cmake_target_skip_unavailable' from command line to 'False'
[0.214s] Level 5:colcon.colcon_core.verb:set package 'turtlebot3_fake_node' build argument 'cmake_clean_cache' from command line to 'False'
[0.214s] Level 5:colcon.colcon_core.verb:set package 'turtlebot3_fake_node' build argument 'cmake_clean_first' from command line to 'False'
[0.214s] Level 5:colcon.colcon_core.verb:set package 'turtlebot3_fake_node' build argument 'cmake_force_configure' from command line to 'False'
[0.214s] Level 5:colcon.colcon_core.verb:set package 'turtlebot3_fake_node' build argument 'ament_cmake_args' from command line to 'None'
[0.214s] Level 5:colcon.colcon_core.verb:set package 'turtlebot3_fake_node' build argument 'catkin_cmake_args' from command line to 'None'
[0.214s] Level 5:colcon.colcon_core.verb:set package 'turtlebot3_fake_node' build argument 'catkin_skip_building_tests' from command line to 'False'
[0.214s] DEBUG:colcon.colcon_core.verb:Building package 'turtlebot3_fake_node' with the following arguments: {'ament_cmake_args': None, 'build_base': '/home/j/e2e_ws/build/turtlebot3_fake_node', 'catkin_cmake_args': None, 'catkin_skip_building_tests': False, 'cmake_args': None, 'cmake_clean_cache': False, 'cmake_clean_first': False, 'cmake_force_configure': False, 'cmake_target': None, 'cmake_target_skip_unavailable': False, 'install_base': '/home/j/e2e_ws/install/turtlebot3_fake_node', 'merge_install': False, 'path': '/home/j/e2e_ws/src/turtlebot3_simulations-humble/turtlebot3_fake_node', 'symlink_install': False, 'test_result_base': None}
[0.214s] Level 5:colcon.colcon_core.verb:set package 'turtlebot3_gazebo' build argument 'cmake_args' from command line to 'None'
[0.214s] Level 5:colcon.colcon_core.verb:set package 'turtlebot3_gazebo' build argument 'cmake_target' from command line to 'None'
[0.214s] Level 5:colcon.colcon_core.verb:set package 'turtlebot3_gazebo' build argument 'cmake_target_skip_unavailable' from command line to 'False'
[0.214s] Level 5:colcon.colcon_core.verb:set package 'turtlebot3_gazebo' build argument 'cmake_clean_cache' from command line to 'False'
[0.214s] Level 5:colcon.colcon_core.verb:set package 'turtlebot3_gazebo' build argument 'cmake_clean_first' from command line to 'False'
[0.214s] Level 5:colcon.colcon_core.verb:set package 'turtlebot3_gazebo' build argument 'cmake_force_configure' from command line to 'False'
[0.214s] Level 5:colcon.colcon_core.verb:set package 'turtlebot3_gazebo' build argument 'ament_cmake_args' from command line to 'None'
[0.214s] Level 5:colcon.colcon_core.verb:set package 'turtlebot3_gazebo' build argument 'catkin_cmake_args' from command line to 'None'
[0.214s] Level 5:colcon.colcon_core.verb:set package 'turtlebot3_gazebo' build argument 'catkin_skip_building_tests' from command line to 'False'
[0.214s] DEBUG:colcon.colcon_core.verb:Building package 'turtlebot3_gazebo' with the following arguments: {'ament_cmake_args': None, 'build_base': '/home/j/e2e_ws/build/turtlebot3_gazebo', 'catkin_cmake_args': None, 'catkin_skip_building_tests': False, 'cmake_args': None, 'cmake_clean_cache': False, 'cmake_clean_first': False, 'cmake_force_configure': False, 'cmake_target': None, 'cmake_target_skip_unavailable': False, 'install_base': '/home/j/e2e_ws/install/turtlebot3_gazebo', 'merge_install': False, 'path': '/home/j/e2e_ws/src/turtlebot3_simulations-humble/turtlebot3_gazebo', 'symlink_install': False, 'test_result_base': None}
[0.214s] Level 5:colcon.colcon_core.verb:set package 'yolo_msgs' build argument 'cmake_args' from command line to 'None'
[0.214s] Level 5:colcon.colcon_core.verb:set package 'yolo_msgs' build argument 'cmake_target' from command line to 'None'
[0.214s] Level 5:colcon.colcon_core.verb:set package 'yolo_msgs' build argument 'cmake_target_skip_unavailable' from command line to 'False'
[0.214s] Level 5:colcon.colcon_core.verb:set package 'yolo_msgs' build argument 'cmake_clean_cache' from command line to 'False'
[0.214s] Level 5:colcon.colcon_core.verb:set package 'yolo_msgs' build argument 'cmake_clean_first' from command line to 'False'
[0.214s] Level 5:colcon.colcon_core.verb:set package 'yolo_msgs' build argument 'cmake_force_configure' from command line to 'False'
[0.214s] Level 5:colcon.colcon_core.verb:set package 'yolo_msgs' build argument 'ament_cmake_args' from command line to 'None'
[0.214s] Level 5:colcon.colcon_core.verb:set package 'yolo_msgs' build argument 'catkin_cmake_args' from command line to 'None'
[0.214s] Level 5:colcon.colcon_core.verb:set package 'yolo_msgs' build argument 'catkin_skip_building_tests' from command line to 'False'
[0.215s] DEBUG:colcon.colcon_core.verb:Building package 'yolo_msgs' with the following arguments: {'ament_cmake_args': None, 'build_base': '/home/j/e2e_ws/build/yolo_msgs', 'catkin_cmake_args': None, 'catkin_skip_building_tests': False, 'cmake_args': None, 'cmake_clean_cache': False, 'cmake_clean_first': False, 'cmake_force_configure': False, 'cmake_target': None, 'cmake_target_skip_unavailable': False, 'install_base': '/home/j/e2e_ws/install/yolo_msgs', 'merge_install': False, 'path': '/home/j/e2e_ws/src/yolo_ros/yolo_msgs', 'symlink_install': False, 'test_result_base': None}
[0.215s] Level 5:colcon.colcon_core.verb:set package 'image_fusion' build argument 'cmake_args' from command line to 'None'
[0.215s] Level 5:colcon.colcon_core.verb:set package 'image_fusion' build argument 'cmake_target' from command line to 'None'
[0.215s] Level 5:colcon.colcon_core.verb:set package 'image_fusion' build argument 'cmake_target_skip_unavailable' from command line to 'False'
[0.215s] Level 5:colcon.colcon_core.verb:set package 'image_fusion' build argument 'cmake_clean_cache' from command line to 'False'
[0.215s] Level 5:colcon.colcon_core.verb:set package 'image_fusion' build argument 'cmake_clean_first' from command line to 'False'
[0.215s] Level 5:colcon.colcon_core.verb:set package 'image_fusion' build argument 'cmake_force_configure' from command line to 'False'
[0.215s] Level 5:colcon.colcon_core.verb:set package 'image_fusion' build argument 'ament_cmake_args' from command line to 'None'
[0.215s] Level 5:colcon.colcon_core.verb:set package 'image_fusion' build argument 'catkin_cmake_args' from command line to 'None'
[0.215s] Level 5:colcon.colcon_core.verb:set package 'image_fusion' build argument 'catkin_skip_building_tests' from command line to 'False'
[0.215s] DEBUG:colcon.colcon_core.verb:Building package 'image_fusion' with the following arguments: {'ament_cmake_args': None, 'build_base': '/home/j/e2e_ws/build/image_fusion', 'catkin_cmake_args': None, 'catkin_skip_building_tests': False, 'cmake_args': None, 'cmake_clean_cache': False, 'cmake_clean_first': False, 'cmake_force_configure': False, 'cmake_target': None, 'cmake_target_skip_unavailable': False, 'install_base': '/home/j/e2e_ws/install/image_fusion', 'merge_install': False, 'path': '/home/j/e2e_ws/src/image_fusion', 'symlink_install': False, 'test_result_base': None}
[0.215s] Level 5:colcon.colcon_core.verb:set package 'turtlebot3_simulations' build argument 'cmake_args' from command line to 'None'
[0.215s] Level 5:colcon.colcon_core.verb:set package 'turtlebot3_simulations' build argument 'cmake_target' from command line to 'None'
[0.215s] Level 5:colcon.colcon_core.verb:set package 'turtlebot3_simulations' build argument 'cmake_target_skip_unavailable' from command line to 'False'
[0.215s] Level 5:colcon.colcon_core.verb:set package 'turtlebot3_simulations' build argument 'cmake_clean_cache' from command line to 'False'
[0.215s] Level 5:colcon.colcon_core.verb:set package 'turtlebot3_simulations' build argument 'cmake_clean_first' from command line to 'False'
[0.215s] Level 5:colcon.colcon_core.verb:set package 'turtlebot3_simulations' build argument 'cmake_force_configure' from command line to 'False'
[0.215s] Level 5:colcon.colcon_core.verb:set package 'turtlebot3_simulations' build argument 'ament_cmake_args' from command line to 'None'
[0.215s] Level 5:colcon.colcon_core.verb:set package 'turtlebot3_simulations' build argument 'catkin_cmake_args' from command line to 'None'
[0.215s] Level 5:colcon.colcon_core.verb:set package 'turtlebot3_simulations' build argument 'catkin_skip_building_tests' from command line to 'False'
[0.215s] DEBUG:colcon.colcon_core.verb:Building package 'turtlebot3_simulations' with the following arguments: {'ament_cmake_args': None, 'build_base': '/home/j/e2e_ws/build/turtlebot3_simulations', 'catkin_cmake_args': None, 'catkin_skip_building_tests': False, 'cmake_args': None, 'cmake_clean_cache': False, 'cmake_clean_first': False, 'cmake_force_configure': False, 'cmake_target': None, 'cmake_target_skip_unavailable': False, 'install_base': '/home/j/e2e_ws/install/turtlebot3_simulations', 'merge_install': False, 'path': '/home/j/e2e_ws/src/turtlebot3_simulations-humble/turtlebot3_simulations', 'symlink_install': False, 'test_result_base': None}
[0.215s] Level 5:colcon.colcon_core.verb:set package 'yolo_ros' build argument 'cmake_args' from command line to 'None'
[0.215s] Level 5:colcon.colcon_core.verb:set package 'yolo_ros' build argument 'cmake_target' from command line to 'None'
[0.215s] Level 5:colcon.colcon_core.verb:set package 'yolo_ros' build argument 'cmake_target_skip_unavailable' from command line to 'False'
[0.215s] Level 5:colcon.colcon_core.verb:set package 'yolo_ros' build argument 'cmake_clean_cache' from command line to 'False'
[0.215s] Level 5:colcon.colcon_core.verb:set package 'yolo_ros' build argument 'cmake_clean_first' from command line to 'False'
[0.215s] Level 5:colcon.colcon_core.verb:set package 'yolo_ros' build argument 'cmake_force_configure' from command line to 'False'
[0.215s] Level 5:colcon.colcon_core.verb:set package 'yolo_ros' build argument 'ament_cmake_args' from command line to 'None'
[0.215s] Level 5:colcon.colcon_core.verb:set package 'yolo_ros' build argument 'catkin_cmake_args' from command line to 'None'
[0.215s] Level 5:colcon.colcon_core.verb:set package 'yolo_ros' build argument 'catkin_skip_building_tests' from command line to 'False'
[0.215s] DEBUG:colcon.colcon_core.verb:Building package 'yolo_ros' with the following arguments: {'ament_cmake_args': None, 'build_base': '/home/j/e2e_ws/build/yolo_ros', 'catkin_cmake_args': None, 'catkin_skip_building_tests': False, 'cmake_args': None, 'cmake_clean_cache': False, 'cmake_clean_first': False, 'cmake_force_configure': False, 'cmake_target': None, 'cmake_target_skip_unavailable': False, 'install_base': '/home/j/e2e_ws/install/yolo_ros', 'merge_install': False, 'path': '/home/j/e2e_ws/src/yolo_ros/yolo_ros', 'symlink_install': False, 'test_result_base': None}
[0.216s] Level 5:colcon.colcon_core.verb:set package 'yolo_bringup' build argument 'cmake_args' from command line to 'None'
[0.216s] Level 5:colcon.colcon_core.verb:set package 'yolo_bringup' build argument 'cmake_target' from command line to 'None'
[0.216s] Level 5:colcon.colcon_core.verb:set package 'yolo_bringup' build argument 'cmake_target_skip_unavailable' from command line to 'False'
[0.216s] Level 5:colcon.colcon_core.verb:set package 'yolo_bringup' build argument 'cmake_clean_cache' from command line to 'False'
[0.216s] Level 5:colcon.colcon_core.verb:set package 'yolo_bringup' build argument 'cmake_clean_first' from command line to 'False'
[0.216s] Level 5:colcon.colcon_core.verb:set package 'yolo_bringup' build argument 'cmake_force_configure' from command line to 'False'
[0.216s] Level 5:colcon.colcon_core.verb:set package 'yolo_bringup' build argument 'ament_cmake_args' from command line to 'None'
[0.216s] Level 5:colcon.colcon_core.verb:set package 'yolo_bringup' build argument 'catkin_cmake_args' from command line to 'None'
[0.216s] Level 5:colcon.colcon_core.verb:set package 'yolo_bringup' build argument 'catkin_skip_building_tests' from command line to 'False'
[0.216s] DEBUG:colcon.colcon_core.verb:Building package 'yolo_bringup' with the following arguments: {'ament_cmake_args': None, 'build_base': '/home/j/e2e_ws/build/yolo_bringup', 'catkin_cmake_args': None, 'catkin_skip_building_tests': False, 'cmake_args': None, 'cmake_clean_cache': False, 'cmake_clean_first': False, 'cmake_force_configure': False, 'cmake_target': None, 'cmake_target_skip_unavailable': False, 'install_base': '/home/j/e2e_ws/install/yolo_bringup', 'merge_install': False, 'path': '/home/j/e2e_ws/src/yolo_ros/yolo_bringup', 'symlink_install': False, 'test_result_base': None}
[0.216s] INFO:colcon.colcon_core.executor:Executing jobs using 'parallel' executor
[0.217s] DEBUG:colcon.colcon_parallel_executor.executor.parallel:run_until_complete
[0.217s] INFO:colcon.colcon_ros.task.ament_cmake.build:Building ROS package in '/home/j/e2e_ws/src/yolo_ros/yolo_msgs' with build type 'ament_cmake'
[0.217s] INFO:colcon.colcon_cmake.task.cmake.build:Building CMake package in '/home/j/e2e_ws/src/yolo_ros/yolo_msgs'
[0.220s] INFO:colcon.colcon_core.plugin_system:Skipping extension 'colcon_core.shell.bat': Not used on non-Windows systems
[0.220s] INFO:colcon.colcon_core.shell:Skip shell extension 'powershell' for command environment: Not usable outside of PowerShell
[0.220s] DEBUG:colcon.colcon_core.shell:Skip shell extension 'dsv' for command environment
[0.224s] INFO:colcon.colcon_ros.task.ament_cmake.build:Building ROS package in '/home/j/e2e_ws/src/turtlebot3_simulations-humble/turtlebot3_fake_node' with build type 'ament_cmake'
[0.224s] INFO:colcon.colcon_cmake.task.cmake.build:Building CMake package in '/home/j/e2e_ws/src/turtlebot3_simulations-humble/turtlebot3_fake_node'
[0.224s] INFO:colcon.colcon_core.shell:Skip shell extension 'powershell' for command environment: Not usable outside of PowerShell
[0.224s] DEBUG:colcon.colcon_core.shell:Skip shell extension 'dsv' for command environment
[0.226s] INFO:colcon.colcon_ros.task.ament_cmake.build:Building ROS package in '/home/j/e2e_ws/src/turtlebot3_simulations-humble/turtlebot3_gazebo' with build type 'ament_cmake'
[0.226s] INFO:colcon.colcon_cmake.task.cmake.build:Building CMake package in '/home/j/e2e_ws/src/turtlebot3_simulations-humble/turtlebot3_gazebo'
[0.226s] INFO:colcon.colcon_core.shell:Skip shell extension 'powershell' for command environment: Not usable outside of PowerShell
[0.226s] DEBUG:colcon.colcon_core.shell:Skip shell extension 'dsv' for command environment
[0.228s] INFO:colcon.colcon_ros.task.ament_cmake.build:Building ROS package in '/home/j/e2e_ws/src/e2e_meta' with build type 'ament_cmake'
[0.228s] INFO:colcon.colcon_cmake.task.cmake.build:Building CMake package in '/home/j/e2e_ws/src/e2e_meta'
[0.228s] INFO:colcon.colcon_core.shell:Skip shell extension 'powershell' for command environment: Not usable outside of PowerShell
[0.228s] DEBUG:colcon.colcon_core.shell:Skip shell extension 'dsv' for command environment
[0.230s] INFO:colcon.colcon_ros.task.ament_python.build:Building ROS package in '/home/j/e2e_ws/src/ros2_aruco/ros2_aruco' with build type 'ament_python'
[0.230s] Level 1:colcon.colcon_core.shell:create_environment_hook('ros2_aruco', 'ament_prefix_path')
[0.230s] INFO:colcon.colcon_core.shell:Creating environment hook '/home/j/e2e_ws/install/ros2_aruco/share/ros2_aruco/hook/ament_prefix_path.ps1'
[0.231s] INFO:colcon.colcon_core.shell:Creating environment descriptor '/home/j/e2e_ws/install/ros2_aruco/share/ros2_aruco/hook/ament_prefix_path.dsv'
[0.231s] INFO:colcon.colcon_core.shell:Creating environment hook '/home/j/e2e_ws/install/ros2_aruco/share/ros2_aruco/hook/ament_prefix_path.sh'
[0.231s] INFO:colcon.colcon_core.shell:Skip shell extension 'powershell' for command environment: Not usable outside of PowerShell
[0.231s] DEBUG:colcon.colcon_core.shell:Skip shell extension 'dsv' for command environment
[0.233s] INFO:colcon.colcon_ros.task.ament_cmake.build:Building ROS package in '/home/j/e2e_ws/src/ros2_aruco/ros2_aruco_interfaces' with build type 'ament_cmake'
[0.233s] INFO:colcon.colcon_cmake.task.cmake.build:Building CMake package in '/home/j/e2e_ws/src/ros2_aruco/ros2_aruco_interfaces'
[0.233s] INFO:colcon.colcon_core.shell:Skip shell extension 'powershell' for command environment: Not usable outside of PowerShell
[0.233s] DEBUG:colcon.colcon_core.shell:Skip shell extension 'dsv' for command environment
[0.238s] DEBUG:colcon.colcon_core.event_handler.log_command:Invoking command in '/home/j/e2e_ws/build/yolo_msgs': CMAKE_PREFIX_PATH=${CMAKE_PREFIX_PATH}:/home/j/e2e_ws/install/yolo_ros:/home/j/e2e_ws/install/ros2_aruco:/opt/ros/humble /usr/bin/cmake --build /home/j/e2e_ws/build/yolo_msgs -- -j22 -l22
[0.239s] DEBUG:colcon.colcon_core.event_handler.log_command:Invoking command in '/home/j/e2e_ws/build/turtlebot3_fake_node': CMAKE_PREFIX_PATH=${CMAKE_PREFIX_PATH}:/home/j/e2e_ws/install/yolo_ros:/home/j/e2e_ws/install/ros2_aruco:/opt/ros/humble /usr/bin/cmake --build /home/j/e2e_ws/build/turtlebot3_fake_node -- -j22 -l22
[0.241s] DEBUG:colcon.colcon_core.event_handler.log_command:Invoking command in '/home/j/e2e_ws/build/turtlebot3_gazebo': CMAKE_PREFIX_PATH=${CMAKE_PREFIX_PATH}:/home/j/e2e_ws/install/yolo_ros:/home/j/e2e_ws/install/ros2_aruco:/opt/ros/humble /usr/bin/cmake --build /home/j/e2e_ws/build/turtlebot3_gazebo -- -j22 -l22
[0.242s] DEBUG:colcon.colcon_core.event_handler.log_command:Invoking command in '/home/j/e2e_ws/build/e2e_meta': CMAKE_PREFIX_PATH=${CMAKE_PREFIX_PATH}:/home/j/e2e_ws/install/yolo_ros:/home/j/e2e_ws/install/ros2_aruco:/opt/ros/humble /usr/bin/cmake --build /home/j/e2e_ws/build/e2e_meta -- -j22 -l22
[0.435s] INFO:colcon.colcon_core.task.python.build:Building Python package in '/home/j/e2e_ws/src/ros2_aruco/ros2_aruco'
[0.435s] INFO:colcon.colcon_core.shell:Skip shell extension 'powershell' for command environment: Not usable outside of PowerShell
[0.435s] DEBUG:colcon.colcon_core.shell:Skip shell extension 'dsv' for command environment
[0.443s] DEBUG:colcon.colcon_core.event_handler.log_command:Invoked command in '/home/j/e2e_ws/build/e2e_meta' returned '0': CMAKE_PREFIX_PATH=${CMAKE_PREFIX_PATH}:/home/j/e2e_ws/install/yolo_ros:/home/j/e2e_ws/install/ros2_aruco:/opt/ros/humble /usr/bin/cmake --build /home/j/e2e_ws/build/e2e_meta -- -j22 -l22
[0.456s] DEBUG:colcon.colcon_core.event_handler.log_command:Invoking command in '/home/j/e2e_ws/build/e2e_meta': CMAKE_PREFIX_PATH=${CMAKE_PREFIX_PATH}:/home/j/e2e_ws/install/yolo_ros:/home/j/e2e_ws/install/ros2_aruco:/opt/ros/humble /usr/bin/cmake --install /home/j/e2e_ws/build/e2e_meta
[0.457s] DEBUG:colcon.colcon_core.event_handler.log_command:Invoked command in '/home/j/e2e_ws/build/turtlebot3_fake_node' returned '0': CMAKE_PREFIX_PATH=${CMAKE_PREFIX_PATH}:/home/j/e2e_ws/install/yolo_ros:/home/j/e2e_ws/install/ros2_aruco:/opt/ros/humble /usr/bin/cmake --build /home/j/e2e_ws/build/turtlebot3_fake_node -- -j22 -l22
[0.458s] DEBUG:colcon.colcon_core.event_handler.log_command:Invoking command in '/home/j/e2e_ws/build/turtlebot3_fake_node': CMAKE_PREFIX_PATH=${CMAKE_PREFIX_PATH}:/home/j/e2e_ws/install/yolo_ros:/home/j/e2e_ws/install/ros2_aruco:/opt/ros/humble /usr/bin/cmake --install /home/j/e2e_ws/build/turtlebot3_fake_node
[0.461s] DEBUG:colcon.colcon_core.event_handler.log_command:Invoking command in '/home/j/e2e_ws/build/ros2_aruco_interfaces': CMAKE_PREFIX_PATH=${CMAKE_PREFIX_PATH}:/home/j/e2e_ws/install/yolo_ros:/home/j/e2e_ws/install/ros2_aruco:/opt/ros/humble /usr/bin/cmake --build /home/j/e2e_ws/build/ros2_aruco_interfaces -- -j22 -l22
[0.462s] DEBUG:colcon.colcon_core.event_handler.log_command:Invoked command in '/home/j/e2e_ws/build/turtlebot3_gazebo' returned '0': CMAKE_PREFIX_PATH=${CMAKE_PREFIX_PATH}:/home/j/e2e_ws/install/yolo_ros:/home/j/e2e_ws/install/ros2_aruco:/opt/ros/humble /usr/bin/cmake --build /home/j/e2e_ws/build/turtlebot3_gazebo -- -j22 -l22
[0.463s] DEBUG:colcon.colcon_core.event_handler.log_command:Invoking command in '/home/j/e2e_ws/build/turtlebot3_gazebo': CMAKE_PREFIX_PATH=${CMAKE_PREFIX_PATH}:/home/j/e2e_ws/install/yolo_ros:/home/j/e2e_ws/install/ros2_aruco:/opt/ros/humble /usr/bin/cmake --install /home/j/e2e_ws/build/turtlebot3_gazebo
[0.465s] Level 1:colcon.colcon_core.environment:create_environment_scripts_only(e2e_meta)
[0.471s] DEBUG:colcon.colcon_core.event_handler.log_command:Invoked command in '/home/j/e2e_ws/build/e2e_meta' returned '0': CMAKE_PREFIX_PATH=${CMAKE_PREFIX_PATH}:/home/j/e2e_ws/install/yolo_ros:/home/j/e2e_ws/install/ros2_aruco:/opt/ros/humble /usr/bin/cmake --install /home/j/e2e_ws/build/e2e_meta
[0.477s] Level 1:colcon.colcon_core.environment:checking '/home/j/e2e_ws/install/e2e_meta' for CMake module files
[0.478s] Level 1:colcon.colcon_core.environment:checking '/home/j/e2e_ws/install/e2e_meta' for CMake config files
[0.484s] Level 1:colcon.colcon_core.shell:create_environment_hook('e2e_meta', 'cmake_prefix_path')
[0.484s] INFO:colcon.colcon_core.shell:Creating environment hook '/home/j/e2e_ws/install/e2e_meta/share/e2e_meta/hook/cmake_prefix_path.ps1'
[0.486s] INFO:colcon.colcon_core.shell:Creating environment descriptor '/home/j/e2e_ws/install/e2e_meta/share/e2e_meta/hook/cmake_prefix_path.dsv'
[0.487s] INFO:colcon.colcon_core.shell:Creating environment hook '/home/j/e2e_ws/install/e2e_meta/share/e2e_meta/hook/cmake_prefix_path.sh'
[0.488s] Level 1:colcon.colcon_core.environment:checking '/home/j/e2e_ws/install/e2e_meta/bin'
[0.488s] Level 1:colcon.colcon_core.environment:checking '/home/j/e2e_ws/install/e2e_meta/lib/pkgconfig/e2e_meta.pc'
[0.488s] Level 1:colcon.colcon_core.environment:checking '/home/j/e2e_ws/install/e2e_meta/lib/python3.10/site-packages'
[0.488s] Level 1:colcon.colcon_core.environment:checking '/home/j/e2e_ws/install/e2e_meta/bin'
[0.489s] INFO:colcon.colcon_core.shell:Creating package script '/home/j/e2e_ws/install/e2e_meta/share/e2e_meta/package.ps1'
[0.489s] INFO:colcon.colcon_core.shell:Creating package descriptor '/home/j/e2e_ws/install/e2e_meta/share/e2e_meta/package.dsv'
[0.490s] INFO:colcon.colcon_core.shell:Creating package script '/home/j/e2e_ws/install/e2e_meta/share/e2e_meta/package.sh'
[0.491s] INFO:colcon.colcon_core.shell:Creating package script '/home/j/e2e_ws/install/e2e_meta/share/e2e_meta/package.bash'
[0.491s] INFO:colcon.colcon_core.shell:Creating package script '/home/j/e2e_ws/install/e2e_meta/share/e2e_meta/package.zsh'
[0.492s] Level 1:colcon.colcon_core.environment:create_file_with_runtime_dependencies(/home/j/e2e_ws/install/e2e_meta/share/colcon-core/packages/e2e_meta)
[0.493s] Level 1:colcon.colcon_core.environment:create_environment_scripts_only(e2e_meta)
[0.493s] Level 1:colcon.colcon_core.environment:checking '/home/j/e2e_ws/install/e2e_meta' for CMake module files
[0.494s] Level 1:colcon.colcon_core.environment:checking '/home/j/e2e_ws/install/e2e_meta' for CMake config files
[0.494s] Level 1:colcon.colcon_core.shell:create_environment_hook('e2e_meta', 'cmake_prefix_path')
[0.494s] INFO:colcon.colcon_core.shell:Creating environment hook '/home/j/e2e_ws/install/e2e_meta/share/e2e_meta/hook/cmake_prefix_path.ps1'
[0.494s] INFO:colcon.colcon_core.shell:Creating environment descriptor '/home/j/e2e_ws/install/e2e_meta/share/e2e_meta/hook/cmake_prefix_path.dsv'
[0.495s] INFO:colcon.colcon_core.shell:Creating environment hook '/home/j/e2e_ws/install/e2e_meta/share/e2e_meta/hook/cmake_prefix_path.sh'
[0.495s] Level 1:colcon.colcon_core.environment:checking '/home/j/e2e_ws/install/e2e_meta/bin'
[0.495s] Level 1:colcon.colcon_core.environment:checking '/home/j/e2e_ws/install/e2e_meta/lib/pkgconfig/e2e_meta.pc'
[0.496s] Level 1:colcon.colcon_core.environment:checking '/home/j/e2e_ws/install/e2e_meta/lib/python3.10/site-packages'
[0.496s] Level 1:colcon.colcon_core.environment:checking '/home/j/e2e_ws/install/e2e_meta/bin'
[0.496s] INFO:colcon.colcon_core.shell:Creating package script '/home/j/e2e_ws/install/e2e_meta/share/e2e_meta/package.ps1'
[0.497s] INFO:colcon.colcon_core.shell:Creating package descriptor '/home/j/e2e_ws/install/e2e_meta/share/e2e_meta/package.dsv'
[0.497s] INFO:colcon.colcon_core.shell:Creating package script '/home/j/e2e_ws/install/e2e_meta/share/e2e_meta/package.sh'
[0.497s] INFO:colcon.colcon_core.shell:Creating package script '/home/j/e2e_ws/install/e2e_meta/share/e2e_meta/package.bash'
[0.498s] INFO:colcon.colcon_core.shell:Creating package script '/home/j/e2e_ws/install/e2e_meta/share/e2e_meta/package.zsh'
[0.498s] Level 1:colcon.colcon_core.environment:create_file_with_runtime_dependencies(/home/j/e2e_ws/install/e2e_meta/share/colcon-core/packages/e2e_meta)
[0.500s] Level 1:colcon.colcon_core.environment:create_environment_scripts_only(turtlebot3_fake_node)
[0.500s] Level 1:colcon.colcon_core.environment:checking '/home/j/e2e_ws/install/turtlebot3_fake_node' for CMake module files
[0.501s] DEBUG:colcon.colcon_core.event_handler.log_command:Invoked command in '/home/j/e2e_ws/build/turtlebot3_fake_node' returned '0': CMAKE_PREFIX_PATH=${CMAKE_PREFIX_PATH}:/home/j/e2e_ws/install/yolo_ros:/home/j/e2e_ws/install/ros2_aruco:/opt/ros/humble /usr/bin/cmake --install /home/j/e2e_ws/build/turtlebot3_fake_node
[0.501s] Level 1:colcon.colcon_core.environment:checking '/home/j/e2e_ws/install/turtlebot3_fake_node' for CMake config files
[0.501s] Level 1:colcon.colcon_core.shell:create_environment_hook('turtlebot3_fake_node', 'cmake_prefix_path')
[0.502s] INFO:colcon.colcon_core.shell:Creating environment hook '/home/j/e2e_ws/install/turtlebot3_fake_node/share/turtlebot3_fake_node/hook/cmake_prefix_path.ps1'
[0.502s] INFO:colcon.colcon_core.shell:Creating environment descriptor '/home/j/e2e_ws/install/turtlebot3_fake_node/share/turtlebot3_fake_node/hook/cmake_prefix_path.dsv'
[0.502s] INFO:colcon.colcon_core.shell:Creating environment hook '/home/j/e2e_ws/install/turtlebot3_fake_node/share/turtlebot3_fake_node/hook/cmake_prefix_path.sh'
[0.503s] Level 1:colcon.colcon_core.environment:checking '/home/j/e2e_ws/install/turtlebot3_fake_node/lib'
[0.503s] Level 1:colcon.colcon_core.environment:checking '/home/j/e2e_ws/install/turtlebot3_fake_node/bin'
[0.503s] Level 1:colcon.colcon_core.environment:checking '/home/j/e2e_ws/install/turtlebot3_fake_node/lib/pkgconfig/turtlebot3_fake_node.pc'
[0.504s] Level 1:colcon.colcon_core.environment:checking '/home/j/e2e_ws/install/turtlebot3_fake_node/lib/python3.10/site-packages'
[0.504s] Level 1:colcon.colcon_core.environment:checking '/home/j/e2e_ws/install/turtlebot3_fake_node/bin'
[0.504s] INFO:colcon.colcon_core.shell:Creating package script '/home/j/e2e_ws/install/turtlebot3_fake_node/share/turtlebot3_fake_node/package.ps1'
[0.505s] INFO:colcon.colcon_core.shell:Creating package descriptor '/home/j/e2e_ws/install/turtlebot3_fake_node/share/turtlebot3_fake_node/package.dsv'
[0.505s] INFO:colcon.colcon_core.shell:Creating package script '/home/j/e2e_ws/install/turtlebot3_fake_node/share/turtlebot3_fake_node/package.sh'
[0.505s] INFO:colcon.colcon_core.shell:Creating package script '/home/j/e2e_ws/install/turtlebot3_fake_node/share/turtlebot3_fake_node/package.bash'
[0.506s] INFO:colcon.colcon_core.shell:Creating package script '/home/j/e2e_ws/install/turtlebot3_fake_node/share/turtlebot3_fake_node/package.zsh'
[0.506s] Level 1:colcon.colcon_core.environment:create_file_with_runtime_dependencies(/home/j/e2e_ws/install/turtlebot3_fake_node/share/colcon-core/packages/turtlebot3_fake_node)
[0.507s] Level 1:colcon.colcon_core.environment:create_environment_scripts_only(turtlebot3_fake_node)
[0.507s] Level 1:colcon.colcon_core.environment:checking '/home/j/e2e_ws/install/turtlebot3_fake_node' for CMake module files
[0.507s] Level 1:colcon.colcon_core.environment:checking '/home/j/e2e_ws/install/turtlebot3_fake_node' for CMake config files
[0.508s] Level 1:colcon.colcon_core.shell:create_environment_hook('turtlebot3_fake_node', 'cmake_prefix_path')
[0.508s] INFO:colcon.colcon_core.shell:Creating environment hook '/home/j/e2e_ws/install/turtlebot3_fake_node/share/turtlebot3_fake_node/hook/cmake_prefix_path.ps1'
[0.508s] INFO:colcon.colcon_core.shell:Creating environment descriptor '/home/j/e2e_ws/install/turtlebot3_fake_node/share/turtlebot3_fake_node/hook/cmake_prefix_path.dsv'
[0.509s] INFO:colcon.colcon_core.shell:Creating environment hook '/home/j/e2e_ws/install/turtlebot3_fake_node/share/turtlebot3_fake_node/hook/cmake_prefix_path.sh'
[0.510s] Level 1:colcon.colcon_core.environment:checking '/home/j/e2e_ws/install/turtlebot3_fake_node/lib'
[0.510s] Level 1:colcon.colcon_core.environment:checking '/home/j/e2e_ws/install/turtlebot3_fake_node/bin'
[0.510s] Level 1:colcon.colcon_core.environment:checking '/home/j/e2e_ws/install/turtlebot3_fake_node/lib/pkgconfig/turtlebot3_fake_node.pc'
[0.510s] Level 1:colcon.colcon_core.environment:checking '/home/j/e2e_ws/install/turtlebot3_fake_node/lib/python3.10/site-packages'
[0.510s] Level 1:colcon.colcon_core.environment:checking '/home/j/e2e_ws/install/turtlebot3_fake_node/bin'
[0.511s] INFO:colcon.colcon_core.shell:Creating package script '/home/j/e2e_ws/install/turtlebot3_fake_node/share/turtlebot3_fake_node/package.ps1'
[0.511s] INFO:colcon.colcon_core.shell:Creating package descriptor '/home/j/e2e_ws/install/turtlebot3_fake_node/share/turtlebot3_fake_node/package.dsv'
[0.512s] INFO:colcon.colcon_core.shell:Creating package script '/home/j/e2e_ws/install/turtlebot3_fake_node/share/turtlebot3_fake_node/package.sh'
[0.512s] INFO:colcon.colcon_core.shell:Creating package script '/home/j/e2e_ws/install/turtlebot3_fake_node/share/turtlebot3_fake_node/package.bash'
[0.513s] INFO:colcon.colcon_core.shell:Creating package script '/home/j/e2e_ws/install/turtlebot3_fake_node/share/turtlebot3_fake_node/package.zsh'
[0.513s] Level 1:colcon.colcon_core.environment:create_file_with_runtime_dependencies(/home/j/e2e_ws/install/turtlebot3_fake_node/share/colcon-core/packages/turtlebot3_fake_node)
[0.515s] DEBUG:colcon.colcon_core.event_handler.log_command:Invoked command in '/home/j/e2e_ws/build/yolo_msgs' returned '0': CMAKE_PREFIX_PATH=${CMAKE_PREFIX_PATH}:/home/j/e2e_ws/install/yolo_ros:/home/j/e2e_ws/install/ros2_aruco:/opt/ros/humble /usr/bin/cmake --build /home/j/e2e_ws/build/yolo_msgs -- -j22 -l22
[0.516s] Level 1:colcon.colcon_core.environment:create_environment_scripts_only(turtlebot3_gazebo)
[0.517s] Level 1:colcon.colcon_core.environment:checking '/home/j/e2e_ws/install/turtlebot3_gazebo' for CMake module files
[0.518s] DEBUG:colcon.colcon_core.event_handler.log_command:Invoking command in '/home/j/e2e_ws/build/yolo_msgs': CMAKE_PREFIX_PATH=${CMAKE_PREFIX_PATH}:/home/j/e2e_ws/install/yolo_ros:/home/j/e2e_ws/install/ros2_aruco:/opt/ros/humble /usr/bin/cmake --install /home/j/e2e_ws/build/yolo_msgs
[0.518s] DEBUG:colcon.colcon_core.event_handler.log_command:Invoked command in '/home/j/e2e_ws/build/turtlebot3_gazebo' returned '0': CMAKE_PREFIX_PATH=${CMAKE_PREFIX_PATH}:/home/j/e2e_ws/install/yolo_ros:/home/j/e2e_ws/install/ros2_aruco:/opt/ros/humble /usr/bin/cmake --install /home/j/e2e_ws/build/turtlebot3_gazebo
[0.518s] Level 1:colcon.colcon_core.environment:checking '/home/j/e2e_ws/install/turtlebot3_gazebo' for CMake config files
[0.519s] Level 1:colcon.colcon_core.shell:create_environment_hook('turtlebot3_gazebo', 'cmake_prefix_path')
[0.519s] INFO:colcon.colcon_core.shell:Creating environment hook '/home/j/e2e_ws/install/turtlebot3_gazebo/share/turtlebot3_gazebo/hook/cmake_prefix_path.ps1'
[0.520s] INFO:colcon.colcon_core.shell:Creating environment descriptor '/home/j/e2e_ws/install/turtlebot3_gazebo/share/turtlebot3_gazebo/hook/cmake_prefix_path.dsv'
[0.520s] INFO:colcon.colcon_core.shell:Creating environment hook '/home/j/e2e_ws/install/turtlebot3_gazebo/share/turtlebot3_gazebo/hook/cmake_prefix_path.sh'
[0.521s] Level 1:colcon.colcon_core.environment:checking '/home/j/e2e_ws/install/turtlebot3_gazebo/lib'
[0.521s] Level 1:colcon.colcon_core.environment:checking '/home/j/e2e_ws/install/turtlebot3_gazebo/bin'
[0.521s] Level 1:colcon.colcon_core.environment:checking '/home/j/e2e_ws/install/turtlebot3_gazebo/lib/pkgconfig/turtlebot3_gazebo.pc'
[0.521s] Level 1:colcon.colcon_core.environment:checking '/home/j/e2e_ws/install/turtlebot3_gazebo/lib/python3.10/site-packages'
[0.521s] Level 1:colcon.colcon_core.environment:checking '/home/j/e2e_ws/install/turtlebot3_gazebo/bin'
[0.522s] INFO:colcon.colcon_core.shell:Creating package script '/home/j/e2e_ws/install/turtlebot3_gazebo/share/turtlebot3_gazebo/package.ps1'
[0.522s] INFO:colcon.colcon_core.shell:Creating package descriptor '/home/j/e2e_ws/install/turtlebot3_gazebo/share/turtlebot3_gazebo/package.dsv'
[0.523s] INFO:colcon.colcon_core.shell:Creating package script '/home/j/e2e_ws/install/turtlebot3_gazebo/share/turtlebot3_gazebo/package.sh'
[0.523s] INFO:colcon.colcon_core.shell:Creating package script '/home/j/e2e_ws/install/turtlebot3_gazebo/share/turtlebot3_gazebo/package.bash'
[0.524s] INFO:colcon.colcon_core.shell:Creating package script '/home/j/e2e_ws/install/turtlebot3_gazebo/share/turtlebot3_gazebo/package.zsh'
[0.524s] Level 1:colcon.colcon_core.environment:create_file_with_runtime_dependencies(/home/j/e2e_ws/install/turtlebot3_gazebo/share/colcon-core/packages/turtlebot3_gazebo)
[0.524s] Level 1:colcon.colcon_core.environment:create_environment_scripts_only(turtlebot3_gazebo)
[0.524s] Level 1:colcon.colcon_core.environment:checking '/home/j/e2e_ws/install/turtlebot3_gazebo' for CMake module files
[0.525s] Level 1:colcon.colcon_core.environment:checking '/home/j/e2e_ws/install/turtlebot3_gazebo' for CMake config files
[0.525s] Level 1:colcon.colcon_core.shell:create_environment_hook('turtlebot3_gazebo', 'cmake_prefix_path')
[0.525s] INFO:colcon.colcon_core.shell:Creating environment hook '/home/j/e2e_ws/install/turtlebot3_gazebo/share/turtlebot3_gazebo/hook/cmake_prefix_path.ps1'
[0.525s] INFO:colcon.colcon_core.shell:Creating environment descriptor '/home/j/e2e_ws/install/turtlebot3_gazebo/share/turtlebot3_gazebo/hook/cmake_prefix_path.dsv'
[0.525s] INFO:colcon.colcon_core.shell:Creating environment hook '/home/j/e2e_ws/install/turtlebot3_gazebo/share/turtlebot3_gazebo/hook/cmake_prefix_path.sh'
[0.526s] Level 1:colcon.colcon_core.environment:checking '/home/j/e2e_ws/install/turtlebot3_gazebo/lib'
[0.526s] Level 1:colcon.colcon_core.environment:checking '/home/j/e2e_ws/install/turtlebot3_gazebo/bin'
[0.526s] Level 1:colcon.colcon_core.environment:checking '/home/j/e2e_ws/install/turtlebot3_gazebo/lib/pkgconfig/turtlebot3_gazebo.pc'
[0.526s] Level 1:colcon.colcon_core.environment:checking '/home/j/e2e_ws/install/turtlebot3_gazebo/lib/python3.10/site-packages'
[0.526s] Level 1:colcon.colcon_core.environment:checking '/home/j/e2e_ws/install/turtlebot3_gazebo/bin'
[0.527s] INFO:colcon.colcon_core.shell:Creating package script '/home/j/e2e_ws/install/turtlebot3_gazebo/share/turtlebot3_gazebo/package.ps1'
[0.527s] INFO:colcon.colcon_core.shell:Creating package descriptor '/home/j/e2e_ws/install/turtlebot3_gazebo/share/turtlebot3_gazebo/package.dsv'
[0.527s] INFO:colcon.colcon_core.shell:Creating package script '/home/j/e2e_ws/install/turtlebot3_gazebo/share/turtlebot3_gazebo/package.sh'
[0.528s] INFO:colcon.colcon_core.shell:Creating package script '/home/j/e2e_ws/install/turtlebot3_gazebo/share/turtlebot3_gazebo/package.bash'
[0.528s] INFO:colcon.colcon_core.shell:Creating package script '/home/j/e2e_ws/install/turtlebot3_gazebo/share/turtlebot3_gazebo/package.zsh'
[0.528s] Level 1:colcon.colcon_core.environment:create_file_with_runtime_dependencies(/home/j/e2e_ws/install/turtlebot3_gazebo/share/colcon-core/packages/turtlebot3_gazebo)
[0.529s] INFO:colcon.colcon_ros.task.ament_cmake.build:Building ROS package in '/home/j/e2e_ws/src/turtlebot3_simulations-humble/turtlebot3_simulations' with build type 'ament_cmake'
[0.530s] INFO:colcon.colcon_cmake.task.cmake.build:Building CMake package in '/home/j/e2e_ws/src/turtlebot3_simulations-humble/turtlebot3_simulations'
[0.530s] INFO:colcon.colcon_core.shell:Skip shell extension 'powershell' for command environment: Not usable outside of PowerShell
[0.530s] DEBUG:colcon.colcon_core.shell:Skip shell extension 'dsv' for command environment
[0.553s] DEBUG:colcon.colcon_core.event_handler.log_command:Invoking command in '/home/j/e2e_ws/build/turtlebot3_simulations': CMAKE_PREFIX_PATH=/home/j/e2e_ws/install/turtlebot3_gazebo:/home/j/e2e_ws/install/turtlebot3_fake_node:/home/j/e2e_ws/install/image_fusion:/home/j/e2e_ws/install/yolo_bringup:/home/j/e2e_ws/install/image_fusion_node:/home/j/e2e_ws/install/yolo_msgs:/home/j/e2e_ws/install/turtlebot3_simulations:/home/j/e2e_ws/install/ros2_aruco_interfaces:/home/j/e2e_ws/install/e2e_meta:/home/j/e2e_ws/install/delbot:/home/j/e2e_ws/install/yolo_ros:/home/j/e2e_ws/install/ros2_aruco:/opt/ros/humble /usr/bin/cmake --build /home/j/e2e_ws/build/turtlebot3_simulations -- -j22 -l22
[0.570s] Level 1:colcon.colcon_core.environment:create_environment_scripts_only(yolo_msgs)
[0.570s] Level 1:colcon.colcon_core.environment:checking '/home/j/e2e_ws/install/yolo_msgs' for CMake module files
[0.571s] Level 1:colcon.colcon_core.environment:checking '/home/j/e2e_ws/install/yolo_msgs' for CMake config files
[0.572s] Level 1:colcon.colcon_core.shell:create_environment_hook('yolo_msgs', 'cmake_prefix_path')
[0.572s] INFO:colcon.colcon_core.shell:Creating environment hook '/home/j/e2e_ws/install/yolo_msgs/share/yolo_msgs/hook/cmake_prefix_path.ps1'
[0.573s] INFO:colcon.colcon_core.shell:Creating environment descriptor '/home/j/e2e_ws/install/yolo_msgs/share/yolo_msgs/hook/cmake_prefix_path.dsv'
[0.573s] DEBUG:colcon.colcon_core.event_handler.log_command:Invoked command in '/home/j/e2e_ws/build/yolo_msgs' returned '0': CMAKE_PREFIX_PATH=${CMAKE_PREFIX_PATH}:/home/j/e2e_ws/install/yolo_ros:/home/j/e2e_ws/install/ros2_aruco:/opt/ros/humble /usr/bin/cmake --install /home/j/e2e_ws/build/yolo_msgs
[0.574s] INFO:colcon.colcon_core.shell:Creating environment hook '/home/j/e2e_ws/install/yolo_msgs/share/yolo_msgs/hook/cmake_prefix_path.sh'
[0.574s] Level 1:colcon.colcon_core.environment:checking '/home/j/e2e_ws/install/yolo_msgs/lib'
[0.574s] Level 1:colcon.colcon_core.shell:create_environment_hook('yolo_msgs', 'ld_library_path_lib')
[0.575s] INFO:colcon.colcon_core.shell:Creating environment hook '/home/j/e2e_ws/install/yolo_msgs/share/yolo_msgs/hook/ld_library_path_lib.ps1'
[0.575s] INFO:colcon.colcon_core.shell:Creating environment descriptor '/home/j/e2e_ws/install/yolo_msgs/share/yolo_msgs/hook/ld_library_path_lib.dsv'
[0.576s] INFO:colcon.colcon_core.shell:Creating environment hook '/home/j/e2e_ws/install/yolo_msgs/share/yolo_msgs/hook/ld_library_path_lib.sh'
[0.576s] Level 1:colcon.colcon_core.environment:checking '/home/j/e2e_ws/install/yolo_msgs/bin'
[0.576s] Level 1:colcon.colcon_core.environment:checking '/home/j/e2e_ws/install/yolo_msgs/lib/pkgconfig/yolo_msgs.pc'
[0.576s] Level 1:colcon.colcon_core.environment:checking '/home/j/e2e_ws/install/yolo_msgs/lib/python3.10/site-packages'
[0.576s] Level 1:colcon.colcon_core.environment:checking '/home/j/e2e_ws/install/yolo_msgs/bin'
[0.577s] INFO:colcon.colcon_core.shell:Creating package script '/home/j/e2e_ws/install/yolo_msgs/share/yolo_msgs/package.ps1'
[0.577s] INFO:colcon.colcon_core.shell:Creating package descriptor '/home/j/e2e_ws/install/yolo_msgs/share/yolo_msgs/package.dsv'
[0.578s] INFO:colcon.colcon_core.shell:Creating package script '/home/j/e2e_ws/install/yolo_msgs/share/yolo_msgs/package.sh'
[0.578s] INFO:colcon.colcon_core.shell:Creating package script '/home/j/e2e_ws/install/yolo_msgs/share/yolo_msgs/package.bash'
[0.579s] INFO:colcon.colcon_core.shell:Creating package script '/home/j/e2e_ws/install/yolo_msgs/share/yolo_msgs/package.zsh'
[0.579s] Level 1:colcon.colcon_core.environment:create_file_with_runtime_dependencies(/home/j/e2e_ws/install/yolo_msgs/share/colcon-core/packages/yolo_msgs)
[0.580s] Level 1:colcon.colcon_core.environment:create_environment_scripts_only(yolo_msgs)
[0.580s] Level 1:colcon.colcon_core.environment:checking '/home/j/e2e_ws/install/yolo_msgs' for CMake module files
[0.580s] Level 1:colcon.colcon_core.environment:checking '/home/j/e2e_ws/install/yolo_msgs' for CMake config files
[0.581s] Level 1:colcon.colcon_core.shell:create_environment_hook('yolo_msgs', 'cmake_prefix_path')
[0.582s] INFO:colcon.colcon_core.shell:Creating environment hook '/home/j/e2e_ws/install/yolo_msgs/share/yolo_msgs/hook/cmake_prefix_path.ps1'
[0.582s] INFO:colcon.colcon_core.shell:Creating environment descriptor '/home/j/e2e_ws/install/yolo_msgs/share/yolo_msgs/hook/cmake_prefix_path.dsv'
[0.582s] INFO:colcon.colcon_core.shell:Creating environment hook '/home/j/e2e_ws/install/yolo_msgs/share/yolo_msgs/hook/cmake_prefix_path.sh'
[0.583s] Level 1:colcon.colcon_core.environment:checking '/home/j/e2e_ws/install/yolo_msgs/lib'
[0.583s] Level 1:colcon.colcon_core.shell:create_environment_hook('yolo_msgs', 'ld_library_path_lib')
[0.583s] INFO:colcon.colcon_core.shell:Creating environment hook '/home/j/e2e_ws/install/yolo_msgs/share/yolo_msgs/hook/ld_library_path_lib.ps1'
[0.584s] INFO:colcon.colcon_core.shell:Creating environment descriptor '/home/j/e2e_ws/install/yolo_msgs/share/yolo_msgs/hook/ld_library_path_lib.dsv'
[0.584s] INFO:colcon.colcon_core.shell:Creating environment hook '/home/j/e2e_ws/install/yolo_msgs/share/yolo_msgs/hook/ld_library_path_lib.sh'
[0.584s] Level 1:colcon.colcon_core.environment:checking '/home/j/e2e_ws/install/yolo_msgs/bin'
[0.584s] Level 1:colcon.colcon_core.environment:checking '/home/j/e2e_ws/install/yolo_msgs/lib/pkgconfig/yolo_msgs.pc'
[0.585s] Level 1:colcon.colcon_core.environment:checking '/home/j/e2e_ws/install/yolo_msgs/lib/python3.10/site-packages'
[0.585s] Level 1:colcon.colcon_core.environment:checking '/home/j/e2e_ws/install/yolo_msgs/bin'
[0.585s] INFO:colcon.colcon_core.shell:Creating package script '/home/j/e2e_ws/install/yolo_msgs/share/yolo_msgs/package.ps1'
[0.586s] INFO:colcon.colcon_core.shell:Creating package descriptor '/home/j/e2e_ws/install/yolo_msgs/share/yolo_msgs/package.dsv'
[0.586s] INFO:colcon.colcon_core.shell:Creating package script '/home/j/e2e_ws/install/yolo_msgs/share/yolo_msgs/package.sh'
[0.587s] INFO:colcon.colcon_core.shell:Creating package script '/home/j/e2e_ws/install/yolo_msgs/share/yolo_msgs/package.bash'
[0.587s] INFO:colcon.colcon_core.shell:Creating package script '/home/j/e2e_ws/install/yolo_msgs/share/yolo_msgs/package.zsh'
[0.587s] Level 1:colcon.colcon_core.environment:create_file_with_runtime_dependencies(/home/j/e2e_ws/install/yolo_msgs/share/colcon-core/packages/yolo_msgs)
[0.588s] INFO:colcon.colcon_ros.task.ament_python.build:Building ROS package in '/home/j/e2e_ws/src/yolo_ros/yolo_ros' with build type 'ament_python'
[0.588s] Level 1:colcon.colcon_core.shell:create_environment_hook('yolo_ros', 'ament_prefix_path')
[0.588s] INFO:colcon.colcon_core.shell:Creating environment hook '/home/j/e2e_ws/install/yolo_ros/share/yolo_ros/hook/ament_prefix_path.ps1'
[0.589s] INFO:colcon.colcon_core.shell:Creating environment descriptor '/home/j/e2e_ws/install/yolo_ros/share/yolo_ros/hook/ament_prefix_path.dsv'
[0.589s] INFO:colcon.colcon_core.shell:Creating environment hook '/home/j/e2e_ws/install/yolo_ros/share/yolo_ros/hook/ament_prefix_path.sh'
[0.590s] INFO:colcon.colcon_core.shell:Skip shell extension 'powershell' for command environment: Not usable outside of PowerShell
[0.590s] DEBUG:colcon.colcon_core.shell:Skip shell extension 'dsv' for command environment
[0.592s] INFO:colcon.colcon_ros.task.ament_python.build:Building ROS package in '/home/j/e2e_ws/src/image_fusion' with build type 'ament_python'
[0.592s] Level 1:colcon.colcon_core.shell:create_environment_hook('image_fusion', 'ament_prefix_path')
[0.592s] INFO:colcon.colcon_core.shell:Creating environment hook '/home/j/e2e_ws/install/image_fusion/share/image_fusion/hook/ament_prefix_path.ps1'
[0.593s] INFO:colcon.colcon_core.shell:Creating environment descriptor '/home/j/e2e_ws/install/image_fusion/share/image_fusion/hook/ament_prefix_path.dsv'
[0.593s] INFO:colcon.colcon_core.shell:Creating environment hook '/home/j/e2e_ws/install/image_fusion/share/image_fusion/hook/ament_prefix_path.sh'
[0.593s] INFO:colcon.colcon_core.shell:Skip shell extension 'powershell' for command environment: Not usable outside of PowerShell
[0.593s] DEBUG:colcon.colcon_core.shell:Skip shell extension 'dsv' for command environment
[0.778s] INFO:colcon.colcon_core.task.python.build:Building Python package in '/home/j/e2e_ws/src/yolo_ros/yolo_ros'
[0.778s] INFO:colcon.colcon_core.shell:Skip shell extension 'powershell' for command environment: Not usable outside of PowerShell
[0.778s] DEBUG:colcon.colcon_core.shell:Skip shell extension 'dsv' for command environment
[0.782s] DEBUG:colcon.colcon_core.event_handler.log_command:Invoked command in '/home/j/e2e_ws/build/turtlebot3_simulations' returned '0': CMAKE_PREFIX_PATH=/home/j/e2e_ws/install/turtlebot3_gazebo:/home/j/e2e_ws/install/turtlebot3_fake_node:/home/j/e2e_ws/install/image_fusion:/home/j/e2e_ws/install/yolo_bringup:/home/j/e2e_ws/install/image_fusion_node:/home/j/e2e_ws/install/yolo_msgs:/home/j/e2e_ws/install/turtlebot3_simulations:/home/j/e2e_ws/install/ros2_aruco_interfaces:/home/j/e2e_ws/install/e2e_meta:/home/j/e2e_ws/install/delbot:/home/j/e2e_ws/install/yolo_ros:/home/j/e2e_ws/install/ros2_aruco:/opt/ros/humble /usr/bin/cmake --build /home/j/e2e_ws/build/turtlebot3_simulations -- -j22 -l22
[0.783s] DEBUG:colcon.colcon_core.event_handler.log_command:Invoking command in '/home/j/e2e_ws/build/turtlebot3_simulations': CMAKE_PREFIX_PATH=/home/j/e2e_ws/install/turtlebot3_gazebo:/home/j/e2e_ws/install/turtlebot3_fake_node:/home/j/e2e_ws/install/image_fusion:/home/j/e2e_ws/install/yolo_bringup:/home/j/e2e_ws/install/image_fusion_node:/home/j/e2e_ws/install/yolo_msgs:/home/j/e2e_ws/install/turtlebot3_simulations:/home/j/e2e_ws/install/ros2_aruco_interfaces:/home/j/e2e_ws/install/e2e_meta:/home/j/e2e_ws/install/delbot:/home/j/e2e_ws/install/yolo_ros:/home/j/e2e_ws/install/ros2_aruco:/opt/ros/humble /usr/bin/cmake --install /home/j/e2e_ws/build/turtlebot3_simulations
[0.946s] INFO:colcon.colcon_core.task.python.build:Building Python package in '/home/j/e2e_ws/src/image_fusion'
[0.946s] INFO:colcon.colcon_core.shell:Skip shell extension 'powershell' for command environment: Not usable outside of PowerShell
[0.947s] DEBUG:colcon.colcon_core.shell:Skip shell extension 'dsv' for command environment
[0.955s] DEBUG:colcon.colcon_core.event_handler.log_command:Invoking command in '/home/j/e2e_ws/src/ros2_aruco/ros2_aruco': PYTHONPATH=/home/j/e2e_ws/build/ros2_aruco/prefix_override:/usr/lib/python3/dist-packages/colcon_core/task/python/colcon_distutils_commands:/home/j/e2e_ws/install/ros2_aruco/lib/python3.10/site-packages:${PYTHONPATH} /usr/bin/python3 -W ignore:setup.py install is deprecated -W ignore:easy_install command is deprecated setup.py egg_info --egg-base ../../../build/ros2_aruco build --build-base /home/j/e2e_ws/build/ros2_aruco/build install --record /home/j/e2e_ws/build/ros2_aruco/install.log --single-version-externally-managed install_data
[0.955s] DEBUG:colcon.colcon_core.event_handler.log_command:Invoked command in '/home/j/e2e_ws/build/ros2_aruco_interfaces' returned '0': CMAKE_PREFIX_PATH=${CMAKE_PREFIX_PATH}:/home/j/e2e_ws/install/yolo_ros:/home/j/e2e_ws/install/ros2_aruco:/opt/ros/humble /usr/bin/cmake --build /home/j/e2e_ws/build/ros2_aruco_interfaces -- -j22 -l22
[0.956s] DEBUG:colcon.colcon_core.event_handler.log_command:Invoking command in '/home/j/e2e_ws/build/ros2_aruco_interfaces': CMAKE_PREFIX_PATH=${CMAKE_PREFIX_PATH}:/home/j/e2e_ws/install/yolo_ros:/home/j/e2e_ws/install/ros2_aruco:/opt/ros/humble /usr/bin/cmake --install /home/j/e2e_ws/build/ros2_aruco_interfaces
[0.959s] Level 1:colcon.colcon_core.environment:create_environment_scripts_only(turtlebot3_simulations)
[0.959s] Level 1:colcon.colcon_core.environment:checking '/home/j/e2e_ws/install/turtlebot3_simulations' for CMake module files
[0.960s] DEBUG:colcon.colcon_core.event_handler.log_command:Invoked command in '/home/j/e2e_ws/build/turtlebot3_simulations' returned '0': CMAKE_PREFIX_PATH=/home/j/e2e_ws/install/turtlebot3_gazebo:/home/j/e2e_ws/install/turtlebot3_fake_node:/home/j/e2e_ws/install/image_fusion:/home/j/e2e_ws/install/yolo_bringup:/home/j/e2e_ws/install/image_fusion_node:/home/j/e2e_ws/install/yolo_msgs:/home/j/e2e_ws/install/turtlebot3_simulations:/home/j/e2e_ws/install/ros2_aruco_interfaces:/home/j/e2e_ws/install/e2e_meta:/home/j/e2e_ws/install/delbot:/home/j/e2e_ws/install/yolo_ros:/home/j/e2e_ws/install/ros2_aruco:/opt/ros/humble /usr/bin/cmake --install /home/j/e2e_ws/build/turtlebot3_simulations
[0.960s] Level 1:colcon.colcon_core.environment:checking '/home/j/e2e_ws/install/turtlebot3_simulations' for CMake config files
[0.960s] Level 1:colcon.colcon_core.shell:create_environment_hook('turtlebot3_simulations', 'cmake_prefix_path')
[0.960s] INFO:colcon.colcon_core.shell:Creating environment hook '/home/j/e2e_ws/install/turtlebot3_simulations/share/turtlebot3_simulations/hook/cmake_prefix_path.ps1'
[0.962s] INFO:colcon.colcon_core.shell:Creating environment descriptor '/home/j/e2e_ws/install/turtlebot3_simulations/share/turtlebot3_simulations/hook/cmake_prefix_path.dsv'
[0.963s] INFO:colcon.colcon_core.shell:Creating environment hook '/home/j/e2e_ws/install/turtlebot3_simulations/share/turtlebot3_simulations/hook/cmake_prefix_path.sh'
[0.965s] Level 1:colcon.colcon_core.environment:checking '/home/j/e2e_ws/install/turtlebot3_simulations/bin'
[0.965s] Level 1:colcon.colcon_core.environment:checking '/home/j/e2e_ws/install/turtlebot3_simulations/lib/pkgconfig/turtlebot3_simulations.pc'
[0.966s] Level 1:colcon.colcon_core.environment:checking '/home/j/e2e_ws/install/turtlebot3_simulations/lib/python3.10/site-packages'
[0.966s] Level 1:colcon.colcon_core.environment:checking '/home/j/e2e_ws/install/turtlebot3_simulations/bin'
[0.966s] INFO:colcon.colcon_core.shell:Creating package script '/home/j/e2e_ws/install/turtlebot3_simulations/share/turtlebot3_simulations/package.ps1'
[0.967s] INFO:colcon.colcon_core.shell:Creating package descriptor '/home/j/e2e_ws/install/turtlebot3_simulations/share/turtlebot3_simulations/package.dsv'
[0.967s] INFO:colcon.colcon_core.shell:Creating package script '/home/j/e2e_ws/install/turtlebot3_simulations/share/turtlebot3_simulations/package.sh'
[0.967s] INFO:colcon.colcon_core.shell:Creating package script '/home/j/e2e_ws/install/turtlebot3_simulations/share/turtlebot3_simulations/package.bash'
[0.968s] INFO:colcon.colcon_core.shell:Creating package script '/home/j/e2e_ws/install/turtlebot3_simulations/share/turtlebot3_simulations/package.zsh'
[0.968s] Level 1:colcon.colcon_core.environment:create_file_with_runtime_dependencies(/home/j/e2e_ws/install/turtlebot3_simulations/share/colcon-core/packages/turtlebot3_simulations)
[0.968s] Level 1:colcon.colcon_core.environment:create_environment_scripts_only(turtlebot3_simulations)
[0.969s] Level 1:colcon.colcon_core.environment:checking '/home/j/e2e_ws/install/turtlebot3_simulations' for CMake module files
[0.969s] Level 1:colcon.colcon_core.environment:checking '/home/j/e2e_ws/install/turtlebot3_simulations' for CMake config files
[0.969s] Level 1:colcon.colcon_core.shell:create_environment_hook('turtlebot3_simulations', 'cmake_prefix_path')
[0.969s] INFO:colcon.colcon_core.shell:Creating environment hook '/home/j/e2e_ws/install/turtlebot3_simulations/share/turtlebot3_simulations/hook/cmake_prefix_path.ps1'
[0.970s] INFO:colcon.colcon_core.shell:Creating environment descriptor '/home/j/e2e_ws/install/turtlebot3_simulations/share/turtlebot3_simulations/hook/cmake_prefix_path.dsv'
[0.970s] INFO:colcon.colcon_core.shell:Creating environment hook '/home/j/e2e_ws/install/turtlebot3_simulations/share/turtlebot3_simulations/hook/cmake_prefix_path.sh'
[0.970s] Level 1:colcon.colcon_core.environment:checking '/home/j/e2e_ws/install/turtlebot3_simulations/bin'
[0.971s] Level 1:colcon.colcon_core.environment:checking '/home/j/e2e_ws/install/turtlebot3_simulations/lib/pkgconfig/turtlebot3_simulations.pc'
[0.971s] Level 1:colcon.colcon_core.environment:checking '/home/j/e2e_ws/install/turtlebot3_simulations/lib/python3.10/site-packages'
[0.971s] Level 1:colcon.colcon_core.environment:checking '/home/j/e2e_ws/install/turtlebot3_simulations/bin'
[0.971s] INFO:colcon.colcon_core.shell:Creating package script '/home/j/e2e_ws/install/turtlebot3_simulations/share/turtlebot3_simulations/package.ps1'
[0.972s] INFO:colcon.colcon_core.shell:Creating package descriptor '/home/j/e2e_ws/install/turtlebot3_simulations/share/turtlebot3_simulations/package.dsv'
[0.972s] INFO:colcon.colcon_core.shell:Creating package script '/home/j/e2e_ws/install/turtlebot3_simulations/share/turtlebot3_simulations/package.sh'
[0.973s] INFO:colcon.colcon_core.shell:Creating package script '/home/j/e2e_ws/install/turtlebot3_simulations/share/turtlebot3_simulations/package.bash'
[0.973s] INFO:colcon.colcon_core.shell:Creating package script '/home/j/e2e_ws/install/turtlebot3_simulations/share/turtlebot3_simulations/package.zsh'
[0.973s] Level 1:colcon.colcon_core.environment:create_file_with_runtime_dependencies(/home/j/e2e_ws/install/turtlebot3_simulations/share/colcon-core/packages/turtlebot3_simulations)
[0.997s] Level 1:colcon.colcon_core.environment:create_environment_scripts_only(ros2_aruco_interfaces)
[0.997s] Level 1:colcon.colcon_core.environment:checking '/home/j/e2e_ws/install/ros2_aruco_interfaces' for CMake module files
[0.998s] DEBUG:colcon.colcon_core.event_handler.log_command:Invoked command in '/home/j/e2e_ws/build/ros2_aruco_interfaces' returned '0': CMAKE_PREFIX_PATH=${CMAKE_PREFIX_PATH}:/home/j/e2e_ws/install/yolo_ros:/home/j/e2e_ws/install/ros2_aruco:/opt/ros/humble /usr/bin/cmake --install /home/j/e2e_ws/build/ros2_aruco_interfaces
[0.998s] Level 1:colcon.colcon_core.environment:checking '/home/j/e2e_ws/install/ros2_aruco_interfaces' for CMake config files
[0.999s] Level 1:colcon.colcon_core.shell:create_environment_hook('ros2_aruco_interfaces', 'cmake_prefix_path')
[0.999s] INFO:colcon.colcon_core.shell:Creating environment hook '/home/j/e2e_ws/install/ros2_aruco_interfaces/share/ros2_aruco_interfaces/hook/cmake_prefix_path.ps1'
[0.999s] INFO:colcon.colcon_core.shell:Creating environment descriptor '/home/j/e2e_ws/install/ros2_aruco_interfaces/share/ros2_aruco_interfaces/hook/cmake_prefix_path.dsv'
[1.000s] INFO:colcon.colcon_core.shell:Creating environment hook '/home/j/e2e_ws/install/ros2_aruco_interfaces/share/ros2_aruco_interfaces/hook/cmake_prefix_path.sh'
[1.000s] Level 1:colcon.colcon_core.environment:checking '/home/j/e2e_ws/install/ros2_aruco_interfaces/lib'
[1.000s] Level 1:colcon.colcon_core.shell:create_environment_hook('ros2_aruco_interfaces', 'ld_library_path_lib')
[1.001s] INFO:colcon.colcon_core.shell:Creating environment hook '/home/j/e2e_ws/install/ros2_aruco_interfaces/share/ros2_aruco_interfaces/hook/ld_library_path_lib.ps1'
[1.001s] INFO:colcon.colcon_core.shell:Creating environment descriptor '/home/j/e2e_ws/install/ros2_aruco_interfaces/share/ros2_aruco_interfaces/hook/ld_library_path_lib.dsv'
[1.001s] INFO:colcon.colcon_core.shell:Creating environment hook '/home/j/e2e_ws/install/ros2_aruco_interfaces/share/ros2_aruco_interfaces/hook/ld_library_path_lib.sh'
[1.001s] Level 1:colcon.colcon_core.environment:checking '/home/j/e2e_ws/install/ros2_aruco_interfaces/bin'
[1.001s] Level 1:colcon.colcon_core.environment:checking '/home/j/e2e_ws/install/ros2_aruco_interfaces/lib/pkgconfig/ros2_aruco_interfaces.pc'
[1.002s] Level 1:colcon.colcon_core.environment:checking '/home/j/e2e_ws/install/ros2_aruco_interfaces/lib/python3.10/site-packages'
[1.002s] Level 1:colcon.colcon_core.environment:checking '/home/j/e2e_ws/install/ros2_aruco_interfaces/bin'
[1.002s] INFO:colcon.colcon_core.shell:Creating package script '/home/j/e2e_ws/install/ros2_aruco_interfaces/share/ros2_aruco_interfaces/package.ps1'
[1.003s] INFO:colcon.colcon_core.shell:Creating package descriptor '/home/j/e2e_ws/install/ros2_aruco_interfaces/share/ros2_aruco_interfaces/package.dsv'
[1.003s] INFO:colcon.colcon_core.shell:Creating package script '/home/j/e2e_ws/install/ros2_aruco_interfaces/share/ros2_aruco_interfaces/package.sh'
[1.003s] INFO:colcon.colcon_core.shell:Creating package script '/home/j/e2e_ws/install/ros2_aruco_interfaces/share/ros2_aruco_interfaces/package.bash'
[1.003s] INFO:colcon.colcon_core.shell:Creating package script '/home/j/e2e_ws/install/ros2_aruco_interfaces/share/ros2_aruco_interfaces/package.zsh'
[1.004s] Level 1:colcon.colcon_core.environment:create_file_with_runtime_dependencies(/home/j/e2e_ws/install/ros2_aruco_interfaces/share/colcon-core/packages/ros2_aruco_interfaces)
[1.004s] Level 1:colcon.colcon_core.environment:create_environment_scripts_only(ros2_aruco_interfaces)
[1.004s] Level 1:colcon.colcon_core.environment:checking '/home/j/e2e_ws/install/ros2_aruco_interfaces' for CMake module files
[1.005s] Level 1:colcon.colcon_core.environment:checking '/home/j/e2e_ws/install/ros2_aruco_interfaces' for CMake config files
[1.005s] Level 1:colcon.colcon_core.shell:create_environment_hook('ros2_aruco_interfaces', 'cmake_prefix_path')
[1.005s] INFO:colcon.colcon_core.shell:Creating environment hook '/home/j/e2e_ws/install/ros2_aruco_interfaces/share/ros2_aruco_interfaces/hook/cmake_prefix_path.ps1'
[1.005s] INFO:colcon.colcon_core.shell:Creating environment descriptor '/home/j/e2e_ws/install/ros2_aruco_interfaces/share/ros2_aruco_interfaces/hook/cmake_prefix_path.dsv'
[1.006s] INFO:colcon.colcon_core.shell:Creating environment hook '/home/j/e2e_ws/install/ros2_aruco_interfaces/share/ros2_aruco_interfaces/hook/cmake_prefix_path.sh'
[1.006s] Level 1:colcon.colcon_core.environment:checking '/home/j/e2e_ws/install/ros2_aruco_interfaces/lib'
[1.006s] Level 1:colcon.colcon_core.shell:create_environment_hook('ros2_aruco_interfaces', 'ld_library_path_lib')
[1.006s] INFO:colcon.colcon_core.shell:Creating environment hook '/home/j/e2e_ws/install/ros2_aruco_interfaces/share/ros2_aruco_interfaces/hook/ld_library_path_lib.ps1'
[1.007s] INFO:colcon.colcon_core.shell:Creating environment descriptor '/home/j/e2e_ws/install/ros2_aruco_interfaces/share/ros2_aruco_interfaces/hook/ld_library_path_lib.dsv'
[1.007s] INFO:colcon.colcon_core.shell:Creating environment hook '/home/j/e2e_ws/install/ros2_aruco_interfaces/share/ros2_aruco_interfaces/hook/ld_library_path_lib.sh'
[1.007s] Level 1:colcon.colcon_core.environment:checking '/home/j/e2e_ws/install/ros2_aruco_interfaces/bin'
[1.007s] Level 1:colcon.colcon_core.environment:checking '/home/j/e2e_ws/install/ros2_aruco_interfaces/lib/pkgconfig/ros2_aruco_interfaces.pc'
[1.007s] Level 1:colcon.colcon_core.environment:checking '/home/j/e2e_ws/install/ros2_aruco_interfaces/lib/python3.10/site-packages'
[1.007s] Level 1:colcon.colcon_core.environment:checking '/home/j/e2e_ws/install/ros2_aruco_interfaces/bin'
[1.008s] INFO:colcon.colcon_core.shell:Creating package script '/home/j/e2e_ws/install/ros2_aruco_interfaces/share/ros2_aruco_interfaces/package.ps1'
[1.008s] INFO:colcon.colcon_core.shell:Creating package descriptor '/home/j/e2e_ws/install/ros2_aruco_interfaces/share/ros2_aruco_interfaces/package.dsv'
[1.009s] INFO:colcon.colcon_core.shell:Creating package script '/home/j/e2e_ws/install/ros2_aruco_interfaces/share/ros2_aruco_interfaces/package.sh'
[1.009s] INFO:colcon.colcon_core.shell:Creating package script '/home/j/e2e_ws/install/ros2_aruco_interfaces/share/ros2_aruco_interfaces/package.bash'
[1.009s] INFO:colcon.colcon_core.shell:Creating package script '/home/j/e2e_ws/install/ros2_aruco_interfaces/share/ros2_aruco_interfaces/package.zsh'
[1.010s] Level 1:colcon.colcon_core.environment:create_file_with_runtime_dependencies(/home/j/e2e_ws/install/ros2_aruco_interfaces/share/colcon-core/packages/ros2_aruco_interfaces)
[1.152s] Level 1:colcon.colcon_core.environment:checking '/home/j/e2e_ws/install/ros2_aruco' for CMake module files
[1.153s] DEBUG:colcon.colcon_core.event_handler.log_command:Invoked command in '/home/j/e2e_ws/src/ros2_aruco/ros2_aruco' returned '0': PYTHONPATH=/home/j/e2e_ws/build/ros2_aruco/prefix_override:/usr/lib/python3/dist-packages/colcon_core/task/python/colcon_distutils_commands:/home/j/e2e_ws/install/ros2_aruco/lib/python3.10/site-packages:${PYTHONPATH} /usr/bin/python3 -W ignore:setup.py install is deprecated -W ignore:easy_install command is deprecated setup.py egg_info --egg-base ../../../build/ros2_aruco build --build-base /home/j/e2e_ws/build/ros2_aruco/build install --record /home/j/e2e_ws/build/ros2_aruco/install.log --single-version-externally-managed install_data
[1.153s] Level 1:colcon.colcon_core.environment:checking '/home/j/e2e_ws/install/ros2_aruco' for CMake config files
[1.154s] Level 1:colcon.colcon_core.environment:checking '/home/j/e2e_ws/install/ros2_aruco/lib'
[1.154s] Level 1:colcon.colcon_core.environment:checking '/home/j/e2e_ws/install/ros2_aruco/bin'
[1.154s] Level 1:colcon.colcon_core.environment:checking '/home/j/e2e_ws/install/ros2_aruco/lib/pkgconfig/ros2_aruco.pc'
[1.154s] Level 1:colcon.colcon_core.environment:checking '/home/j/e2e_ws/install/ros2_aruco/lib/python3.10/site-packages'
[1.154s] Level 1:colcon.colcon_core.shell:create_environment_hook('ros2_aruco', 'pythonpath')
[1.155s] INFO:colcon.colcon_core.shell:Creating environment hook '/home/j/e2e_ws/install/ros2_aruco/share/ros2_aruco/hook/pythonpath.ps1'
[1.155s] INFO:colcon.colcon_core.shell:Creating environment descriptor '/home/j/e2e_ws/install/ros2_aruco/share/ros2_aruco/hook/pythonpath.dsv'
[1.156s] INFO:colcon.colcon_core.shell:Creating environment hook '/home/j/e2e_ws/install/ros2_aruco/share/ros2_aruco/hook/pythonpath.sh'
[1.156s] Level 1:colcon.colcon_core.environment:checking '/home/j/e2e_ws/install/ros2_aruco/bin'
[1.156s] Level 1:colcon.colcon_core.environment:create_environment_scripts_only(ros2_aruco)
[1.157s] INFO:colcon.colcon_core.shell:Creating package script '/home/j/e2e_ws/install/ros2_aruco/share/ros2_aruco/package.ps1'
[1.157s] INFO:colcon.colcon_core.shell:Creating package descriptor '/home/j/e2e_ws/install/ros2_aruco/share/ros2_aruco/package.dsv'
[1.157s] INFO:colcon.colcon_core.shell:Creating package script '/home/j/e2e_ws/install/ros2_aruco/share/ros2_aruco/package.sh'
[1.158s] INFO:colcon.colcon_core.shell:Creating package script '/home/j/e2e_ws/install/ros2_aruco/share/ros2_aruco/package.bash'
[1.158s] INFO:colcon.colcon_core.shell:Creating package script '/home/j/e2e_ws/install/ros2_aruco/share/ros2_aruco/package.zsh'
[1.158s] Level 1:colcon.colcon_core.environment:create_file_with_runtime_dependencies(/home/j/e2e_ws/install/ros2_aruco/share/colcon-core/packages/ros2_aruco)
[1.205s] DEBUG:colcon.colcon_core.event_handler.log_command:Invoking command in '/home/j/e2e_ws/src/image_fusion': CMAKE_PREFIX_PATH=/home/j/e2e_ws/install/yolo_msgs:/home/j/e2e_ws/install/image_fusion:/home/j/e2e_ws/install/yolo_bringup:/home/j/e2e_ws/install/image_fusion_node:/home/j/e2e_ws/install/turtlebot3_simulations:/home/j/e2e_ws/install/turtlebot3_gazebo:/home/j/e2e_ws/install/turtlebot3_fake_node:/home/j/e2e_ws/install/ros2_aruco_interfaces:/home/j/e2e_ws/install/e2e_meta:/home/j/e2e_ws/install/delbot PYTHONPATH=/home/j/e2e_ws/build/image_fusion/prefix_override:/usr/lib/python3/dist-packages/colcon_core/task/python/colcon_distutils_commands:/home/j/e2e_ws/install/image_fusion/lib/python3.10/site-packages:${PYTHONPATH} /usr/bin/python3 -W ignore:setup.py install is deprecated -W ignore:easy_install command is deprecated setup.py egg_info --egg-base ../../build/image_fusion build --build-base /home/j/e2e_ws/build/image_fusion/build install --record /home/j/e2e_ws/build/image_fusion/install.log --single-version-externally-managed install_data
[1.208s] DEBUG:colcon.colcon_core.event_handler.log_command:Invoking command in '/home/j/e2e_ws/src/yolo_ros/yolo_ros': CMAKE_PREFIX_PATH=/home/j/e2e_ws/install/yolo_msgs:/home/j/e2e_ws/install/image_fusion:/home/j/e2e_ws/install/yolo_bringup:/home/j/e2e_ws/install/image_fusion_node:/home/j/e2e_ws/install/turtlebot3_simulations:/home/j/e2e_ws/install/turtlebot3_gazebo:/home/j/e2e_ws/install/turtlebot3_fake_node:/home/j/e2e_ws/install/ros2_aruco_interfaces:/home/j/e2e_ws/install/e2e_meta:/home/j/e2e_ws/install/delbot PYTHONPATH=/home/j/e2e_ws/build/yolo_ros/prefix_override:/usr/lib/python3/dist-packages/colcon_core/task/python/colcon_distutils_commands:/home/j/e2e_ws/install/yolo_ros/lib/python3.10/site-packages:${PYTHONPATH} /usr/bin/python3 -W ignore:setup.py install is deprecated -W ignore:easy_install command is deprecated setup.py egg_info --egg-base ../../../build/yolo_ros build --build-base /home/j/e2e_ws/build/yolo_ros/build install --record /home/j/e2e_ws/build/yolo_ros/install.log --single-version-externally-managed install_data
[1.400s] Level 1:colcon.colcon_core.environment:checking '/home/j/e2e_ws/install/yolo_ros' for CMake module files
[1.402s] DEBUG:colcon.colcon_core.event_handler.log_command:Invoked command in '/home/j/e2e_ws/src/yolo_ros/yolo_ros' returned '0': CMAKE_PREFIX_PATH=/home/j/e2e_ws/install/yolo_msgs:/home/j/e2e_ws/install/image_fusion:/home/j/e2e_ws/install/yolo_bringup:/home/j/e2e_ws/install/image_fusion_node:/home/j/e2e_ws/install/turtlebot3_simulations:/home/j/e2e_ws/install/turtlebot3_gazebo:/home/j/e2e_ws/install/turtlebot3_fake_node:/home/j/e2e_ws/install/ros2_aruco_interfaces:/home/j/e2e_ws/install/e2e_meta:/home/j/e2e_ws/install/delbot PYTHONPATH=/home/j/e2e_ws/build/yolo_ros/prefix_override:/usr/lib/python3/dist-packages/colcon_core/task/python/colcon_distutils_commands:/home/j/e2e_ws/install/yolo_ros/lib/python3.10/site-packages:${PYTHONPATH} /usr/bin/python3 -W ignore:setup.py install is deprecated -W ignore:easy_install command is deprecated setup.py egg_info --egg-base ../../../build/yolo_ros build --build-base /home/j/e2e_ws/build/yolo_ros/build install --record /home/j/e2e_ws/build/yolo_ros/install.log --single-version-externally-managed install_data
[1.402s] Level 1:colcon.colcon_core.environment:checking '/home/j/e2e_ws/install/yolo_ros' for CMake config files
[1.402s] Level 1:colcon.colcon_core.environment:checking '/home/j/e2e_ws/install/yolo_ros/lib'
[1.402s] Level 1:colcon.colcon_core.environment:checking '/home/j/e2e_ws/install/yolo_ros/bin'
[1.402s] Level 1:colcon.colcon_core.environment:checking '/home/j/e2e_ws/install/yolo_ros/lib/pkgconfig/yolo_ros.pc'
[1.402s] Level 1:colcon.colcon_core.environment:checking '/home/j/e2e_ws/install/yolo_ros/lib/python3.10/site-packages'
[1.402s] Level 1:colcon.colcon_core.shell:create_environment_hook('yolo_ros', 'pythonpath')
[1.403s] INFO:colcon.colcon_core.shell:Creating environment hook '/home/j/e2e_ws/install/yolo_ros/share/yolo_ros/hook/pythonpath.ps1'
[1.403s] INFO:colcon.colcon_core.shell:Creating environment descriptor '/home/j/e2e_ws/install/yolo_ros/share/yolo_ros/hook/pythonpath.dsv'
[1.403s] INFO:colcon.colcon_core.shell:Creating environment hook '/home/j/e2e_ws/install/yolo_ros/share/yolo_ros/hook/pythonpath.sh'
[1.404s] Level 1:colcon.colcon_core.environment:checking '/home/j/e2e_ws/install/yolo_ros/bin'
[1.404s] Level 1:colcon.colcon_core.environment:create_environment_scripts_only(yolo_ros)
[1.404s] INFO:colcon.colcon_core.shell:Creating package script '/home/j/e2e_ws/install/yolo_ros/share/yolo_ros/package.ps1'
[1.404s] INFO:colcon.colcon_core.shell:Creating package descriptor '/home/j/e2e_ws/install/yolo_ros/share/yolo_ros/package.dsv'
[1.404s] INFO:colcon.colcon_core.shell:Creating package script '/home/j/e2e_ws/install/yolo_ros/share/yolo_ros/package.sh'
[1.405s] INFO:colcon.colcon_core.shell:Creating package script '/home/j/e2e_ws/install/yolo_ros/share/yolo_ros/package.bash'
[1.405s] INFO:colcon.colcon_core.shell:Creating package script '/home/j/e2e_ws/install/yolo_ros/share/yolo_ros/package.zsh'
[1.405s] Level 1:colcon.colcon_core.environment:create_file_with_runtime_dependencies(/home/j/e2e_ws/install/yolo_ros/share/colcon-core/packages/yolo_ros)
[1.405s] INFO:colcon.colcon_ros.task.ament_cmake.build:Building ROS package in '/home/j/e2e_ws/src/yolo_ros/yolo_bringup' with build type 'ament_cmake'
[1.406s] INFO:colcon.colcon_cmake.task.cmake.build:Building CMake package in '/home/j/e2e_ws/src/yolo_ros/yolo_bringup'
[1.406s] INFO:colcon.colcon_core.shell:Skip shell extension 'powershell' for command environment: Not usable outside of PowerShell
[1.406s] DEBUG:colcon.colcon_core.shell:Skip shell extension 'dsv' for command environment
[1.409s] Level 1:colcon.colcon_core.environment:checking '/home/j/e2e_ws/install/image_fusion' for CMake module files
[1.409s] DEBUG:colcon.colcon_core.event_handler.log_command:Invoked command in '/home/j/e2e_ws/src/image_fusion' returned '0': CMAKE_PREFIX_PATH=/home/j/e2e_ws/install/yolo_msgs:/home/j/e2e_ws/install/image_fusion:/home/j/e2e_ws/install/yolo_bringup:/home/j/e2e_ws/install/image_fusion_node:/home/j/e2e_ws/install/turtlebot3_simulations:/home/j/e2e_ws/install/turtlebot3_gazebo:/home/j/e2e_ws/install/turtlebot3_fake_node:/home/j/e2e_ws/install/ros2_aruco_interfaces:/home/j/e2e_ws/install/e2e_meta:/home/j/e2e_ws/install/delbot PYTHONPATH=/home/j/e2e_ws/build/image_fusion/prefix_override:/usr/lib/python3/dist-packages/colcon_core/task/python/colcon_distutils_commands:/home/j/e2e_ws/install/image_fusion/lib/python3.10/site-packages:${PYTHONPATH} /usr/bin/python3 -W ignore:setup.py install is deprecated -W ignore:easy_install command is deprecated setup.py egg_info --egg-base ../../build/image_fusion build --build-base /home/j/e2e_ws/build/image_fusion/build install --record /home/j/e2e_ws/build/image_fusion/install.log --single-version-externally-managed install_data
[1.409s] Level 1:colcon.colcon_core.environment:checking '/home/j/e2e_ws/install/image_fusion' for CMake config files
[1.409s] Level 1:colcon.colcon_core.environment:checking '/home/j/e2e_ws/install/image_fusion/lib'
[1.410s] Level 1:colcon.colcon_core.environment:checking '/home/j/e2e_ws/install/image_fusion/bin'
[1.410s] Level 1:colcon.colcon_core.shell:create_environment_hook('image_fusion', 'path')
[1.410s] INFO:colcon.colcon_core.shell:Creating environment hook '/home/j/e2e_ws/install/image_fusion/share/image_fusion/hook/path.ps1'
[1.410s] INFO:colcon.colcon_core.shell:Creating environment descriptor '/home/j/e2e_ws/install/image_fusion/share/image_fusion/hook/path.dsv'
[1.410s] INFO:colcon.colcon_core.shell:Creating environment hook '/home/j/e2e_ws/install/image_fusion/share/image_fusion/hook/path.sh'
[1.410s] Level 1:colcon.colcon_core.environment:checking '/home/j/e2e_ws/install/image_fusion/lib/pkgconfig/image_fusion.pc'
[1.411s] Level 1:colcon.colcon_core.environment:checking '/home/j/e2e_ws/install/image_fusion/lib/python3.10/site-packages'
[1.411s] Level 1:colcon.colcon_core.shell:create_environment_hook('image_fusion', 'pythonpath')
[1.411s] INFO:colcon.colcon_core.shell:Creating environment hook '/home/j/e2e_ws/install/image_fusion/share/image_fusion/hook/pythonpath.ps1'
[1.411s] INFO:colcon.colcon_core.shell:Creating environment descriptor '/home/j/e2e_ws/install/image_fusion/share/image_fusion/hook/pythonpath.dsv'
[1.411s] INFO:colcon.colcon_core.shell:Creating environment hook '/home/j/e2e_ws/install/image_fusion/share/image_fusion/hook/pythonpath.sh'
[1.411s] Level 1:colcon.colcon_core.environment:checking '/home/j/e2e_ws/install/image_fusion/bin'
[1.411s] Level 1:colcon.colcon_core.shell:create_environment_hook('image_fusion', 'pythonscriptspath')
[1.412s] INFO:colcon.colcon_core.shell:Creating environment hook '/home/j/e2e_ws/install/image_fusion/share/image_fusion/hook/pythonscriptspath.ps1'
[1.412s] INFO:colcon.colcon_core.shell:Creating environment descriptor '/home/j/e2e_ws/install/image_fusion/share/image_fusion/hook/pythonscriptspath.dsv'
[1.412s] INFO:colcon.colcon_core.shell:Creating environment hook '/home/j/e2e_ws/install/image_fusion/share/image_fusion/hook/pythonscriptspath.sh'
[1.412s] Level 1:colcon.colcon_core.environment:create_environment_scripts_only(image_fusion)
[1.412s] INFO:colcon.colcon_core.shell:Creating package script '/home/j/e2e_ws/install/image_fusion/share/image_fusion/package.ps1'
[1.413s] INFO:colcon.colcon_core.shell:Creating package descriptor '/home/j/e2e_ws/install/image_fusion/share/image_fusion/package.dsv'
[1.413s] INFO:colcon.colcon_core.shell:Creating package script '/home/j/e2e_ws/install/image_fusion/share/image_fusion/package.sh'
[1.413s] INFO:colcon.colcon_core.shell:Creating package script '/home/j/e2e_ws/install/image_fusion/share/image_fusion/package.bash'
[1.414s] INFO:colcon.colcon_core.shell:Creating package script '/home/j/e2e_ws/install/image_fusion/share/image_fusion/package.zsh'
[1.414s] Level 1:colcon.colcon_core.environment:create_file_with_runtime_dependencies(/home/j/e2e_ws/install/image_fusion/share/colcon-core/packages/image_fusion)
[1.416s] DEBUG:colcon.colcon_core.event_handler.log_command:Invoking command in '/home/j/e2e_ws/build/yolo_bringup': AMENT_PREFIX_PATH=/home/j/e2e_ws/install/yolo_ros:/home/j/e2e_ws/install/image_fusion:/home/j/e2e_ws/install/yolo_bringup:/home/j/e2e_ws/install/yolo_msgs:/home/j/e2e_ws/install/turtlebot3_simulations:/home/j/e2e_ws/install/turtlebot3_gazebo:/home/j/e2e_ws/install/turtlebot3_fake_node:/home/j/e2e_ws/install/ros2_aruco_interfaces:/home/j/e2e_ws/install/ros2_aruco:/home/j/e2e_ws/install/e2e_meta:/home/j/e2e_ws/install/delbot:/opt/ros/humble CMAKE_PREFIX_PATH=/home/j/e2e_ws/install/yolo_msgs:/home/j/e2e_ws/install/image_fusion:/home/j/e2e_ws/install/yolo_bringup:/home/j/e2e_ws/install/image_fusion_node:/home/j/e2e_ws/install/turtlebot3_simulations:/home/j/e2e_ws/install/turtlebot3_gazebo:/home/j/e2e_ws/install/turtlebot3_fake_node:/home/j/e2e_ws/install/ros2_aruco_interfaces:/home/j/e2e_ws/install/e2e_meta:/home/j/e2e_ws/install/delbot:/home/j/e2e_ws/install/yolo_ros:/home/j/e2e_ws/install/ros2_aruco:/opt/ros/humble PYTHONPATH=/home/j/e2e_ws/install/yolo_ros/lib/python3.10/site-packages:/home/j/e2e_ws/install/image_fusion/local/lib/python3.10/dist-packages:/home/j/e2e_ws/build/yolo_ros:/home/j/e2e_ws/build/image_fusion:/home/j/e2e_ws/install/image_fusion/lib/python3.10/site-packages:/home/j/e2e_ws/build/ros2_aruco:/home/j/e2e_ws/install/image_fusion_node/local/lib/python3.10/dist-packages:/home/j/e2e_ws/install/yolo_msgs/local/lib/python3.10/dist-packages:/home/j/e2e_ws/install/ros2_aruco_interfaces/local/lib/python3.10/dist-packages:/home/j/e2e_ws/install/ros2_aruco/lib/python3.10/site-packages:/opt/ros/humble/lib/python3.10/site-packages:/opt/ros/humble/local/lib/python3.10/dist-packages /usr/bin/cmake --build /home/j/e2e_ws/build/yolo_bringup -- -j22 -l22
[1.448s] DEBUG:colcon.colcon_core.event_handler.log_command:Invoked command in '/home/j/e2e_ws/build/yolo_bringup' returned '0': AMENT_PREFIX_PATH=/home/j/e2e_ws/install/yolo_ros:/home/j/e2e_ws/install/image_fusion:/home/j/e2e_ws/install/yolo_bringup:/home/j/e2e_ws/install/yolo_msgs:/home/j/e2e_ws/install/turtlebot3_simulations:/home/j/e2e_ws/install/turtlebot3_gazebo:/home/j/e2e_ws/install/turtlebot3_fake_node:/home/j/e2e_ws/install/ros2_aruco_interfaces:/home/j/e2e_ws/install/ros2_aruco:/home/j/e2e_ws/install/e2e_meta:/home/j/e2e_ws/install/delbot:/opt/ros/humble CMAKE_PREFIX_PATH=/home/j/e2e_ws/install/yolo_msgs:/home/j/e2e_ws/install/image_fusion:/home/j/e2e_ws/install/yolo_bringup:/home/j/e2e_ws/install/image_fusion_node:/home/j/e2e_ws/install/turtlebot3_simulations:/home/j/e2e_ws/install/turtlebot3_gazebo:/home/j/e2e_ws/install/turtlebot3_fake_node:/home/j/e2e_ws/install/ros2_aruco_interfaces:/home/j/e2e_ws/install/e2e_meta:/home/j/e2e_ws/install/delbot:/home/j/e2e_ws/install/yolo_ros:/home/j/e2e_ws/install/ros2_aruco:/opt/ros/humble PYTHONPATH=/home/j/e2e_ws/install/yolo_ros/lib/python3.10/site-packages:/home/j/e2e_ws/install/image_fusion/local/lib/python3.10/dist-packages:/home/j/e2e_ws/build/yolo_ros:/home/j/e2e_ws/build/image_fusion:/home/j/e2e_ws/install/image_fusion/lib/python3.10/site-packages:/home/j/e2e_ws/build/ros2_aruco:/home/j/e2e_ws/install/image_fusion_node/local/lib/python3.10/dist-packages:/home/j/e2e_ws/install/yolo_msgs/local/lib/python3.10/dist-packages:/home/j/e2e_ws/install/ros2_aruco_interfaces/local/lib/python3.10/dist-packages:/home/j/e2e_ws/install/ros2_aruco/lib/python3.10/site-packages:/opt/ros/humble/lib/python3.10/site-packages:/opt/ros/humble/local/lib/python3.10/dist-packages /usr/bin/cmake --build /home/j/e2e_ws/build/yolo_bringup -- -j22 -l22
[1.449s] DEBUG:colcon.colcon_core.event_handler.log_command:Invoking command in '/home/j/e2e_ws/build/yolo_bringup': AMENT_PREFIX_PATH=/home/j/e2e_ws/install/yolo_ros:/home/j/e2e_ws/install/image_fusion:/home/j/e2e_ws/install/yolo_bringup:/home/j/e2e_ws/install/yolo_msgs:/home/j/e2e_ws/install/turtlebot3_simulations:/home/j/e2e_ws/install/turtlebot3_gazebo:/home/j/e2e_ws/install/turtlebot3_fake_node:/home/j/e2e_ws/install/ros2_aruco_interfaces:/home/j/e2e_ws/install/ros2_aruco:/home/j/e2e_ws/install/e2e_meta:/home/j/e2e_ws/install/delbot:/opt/ros/humble CMAKE_PREFIX_PATH=/home/j/e2e_ws/install/yolo_msgs:/home/j/e2e_ws/install/image_fusion:/home/j/e2e_ws/install/yolo_bringup:/home/j/e2e_ws/install/image_fusion_node:/home/j/e2e_ws/install/turtlebot3_simulations:/home/j/e2e_ws/install/turtlebot3_gazebo:/home/j/e2e_ws/install/turtlebot3_fake_node:/home/j/e2e_ws/install/ros2_aruco_interfaces:/home/j/e2e_ws/install/e2e_meta:/home/j/e2e_ws/install/delbot:/home/j/e2e_ws/install/yolo_ros:/home/j/e2e_ws/install/ros2_aruco:/opt/ros/humble PYTHONPATH=/home/j/e2e_ws/install/yolo_ros/lib/python3.10/site-packages:/home/j/e2e_ws/install/image_fusion/local/lib/python3.10/dist-packages:/home/j/e2e_ws/build/yolo_ros:/home/j/e2e_ws/build/image_fusion:/home/j/e2e_ws/install/image_fusion/lib/python3.10/site-packages:/home/j/e2e_ws/build/ros2_aruco:/home/j/e2e_ws/install/image_fusion_node/local/lib/python3.10/dist-packages:/home/j/e2e_ws/install/yolo_msgs/local/lib/python3.10/dist-packages:/home/j/e2e_ws/install/ros2_aruco_interfaces/local/lib/python3.10/dist-packages:/home/j/e2e_ws/install/ros2_aruco/lib/python3.10/site-packages:/opt/ros/humble/lib/python3.10/site-packages:/opt/ros/humble/local/lib/python3.10/dist-packages /usr/bin/cmake --install /home/j/e2e_ws/build/yolo_bringup
[1.455s] Level 1:colcon.colcon_core.environment:create_environment_scripts_only(yolo_bringup)
[1.455s] Level 1:colcon.colcon_core.environment:checking '/home/j/e2e_ws/install/yolo_bringup' for CMake module files
[1.455s] DEBUG:colcon.colcon_core.event_handler.log_command:Invoked command in '/home/j/e2e_ws/build/yolo_bringup' returned '0': AMENT_PREFIX_PATH=/home/j/e2e_ws/install/yolo_ros:/home/j/e2e_ws/install/image_fusion:/home/j/e2e_ws/install/yolo_bringup:/home/j/e2e_ws/install/yolo_msgs:/home/j/e2e_ws/install/turtlebot3_simulations:/home/j/e2e_ws/install/turtlebot3_gazebo:/home/j/e2e_ws/install/turtlebot3_fake_node:/home/j/e2e_ws/install/ros2_aruco_interfaces:/home/j/e2e_ws/install/ros2_aruco:/home/j/e2e_ws/install/e2e_meta:/home/j/e2e_ws/install/delbot:/opt/ros/humble CMAKE_PREFIX_PATH=/home/j/e2e_ws/install/yolo_msgs:/home/j/e2e_ws/install/image_fusion:/home/j/e2e_ws/install/yolo_bringup:/home/j/e2e_ws/install/image_fusion_node:/home/j/e2e_ws/install/turtlebot3_simulations:/home/j/e2e_ws/install/turtlebot3_gazebo:/home/j/e2e_ws/install/turtlebot3_fake_node:/home/j/e2e_ws/install/ros2_aruco_interfaces:/home/j/e2e_ws/install/e2e_meta:/home/j/e2e_ws/install/delbot:/home/j/e2e_ws/install/yolo_ros:/home/j/e2e_ws/install/ros2_aruco:/opt/ros/humble PYTHONPATH=/home/j/e2e_ws/install/yolo_ros/lib/python3.10/site-packages:/home/j/e2e_ws/install/image_fusion/local/lib/python3.10/dist-packages:/home/j/e2e_ws/build/yolo_ros:/home/j/e2e_ws/build/image_fusion:/home/j/e2e_ws/install/image_fusion/lib/python3.10/site-packages:/home/j/e2e_ws/build/ros2_aruco:/home/j/e2e_ws/install/image_fusion_node/local/lib/python3.10/dist-packages:/home/j/e2e_ws/install/yolo_msgs/local/lib/python3.10/dist-packages:/home/j/e2e_ws/install/ros2_aruco_interfaces/local/lib/python3.10/dist-packages:/home/j/e2e_ws/install/ros2_aruco/lib/python3.10/site-packages:/opt/ros/humble/lib/python3.10/site-packages:/opt/ros/humble/local/lib/python3.10/dist-packages /usr/bin/cmake --install /home/j/e2e_ws/build/yolo_bringup
[1.456s] Level 1:colcon.colcon_core.environment:checking '/home/j/e2e_ws/install/yolo_bringup' for CMake config files
[1.456s] Level 1:colcon.colcon_core.shell:create_environment_hook('yolo_bringup', 'cmake_prefix_path')
[1.456s] INFO:colcon.colcon_core.shell:Creating environment hook '/home/j/e2e_ws/install/yolo_bringup/share/yolo_bringup/hook/cmake_prefix_path.ps1'
[1.456s] INFO:colcon.colcon_core.shell:Creating environment descriptor '/home/j/e2e_ws/install/yolo_bringup/share/yolo_bringup/hook/cmake_prefix_path.dsv'
[1.457s] INFO:colcon.colcon_core.shell:Creating environment hook '/home/j/e2e_ws/install/yolo_bringup/share/yolo_bringup/hook/cmake_prefix_path.sh'
[1.457s] Level 1:colcon.colcon_core.environment:checking '/home/j/e2e_ws/install/yolo_bringup/bin'
[1.457s] Level 1:colcon.colcon_core.environment:checking '/home/j/e2e_ws/install/yolo_bringup/lib/pkgconfig/yolo_bringup.pc'
[1.457s] Level 1:colcon.colcon_core.environment:checking '/home/j/e2e_ws/install/yolo_bringup/lib/python3.10/site-packages'
[1.457s] Level 1:colcon.colcon_core.environment:checking '/home/j/e2e_ws/install/yolo_bringup/bin'
[1.458s] INFO:colcon.colcon_core.shell:Creating package script '/home/j/e2e_ws/install/yolo_bringup/share/yolo_bringup/package.ps1'
[1.458s] INFO:colcon.colcon_core.shell:Creating package descriptor '/home/j/e2e_ws/install/yolo_bringup/share/yolo_bringup/package.dsv'
[1.458s] INFO:colcon.colcon_core.shell:Creating package script '/home/j/e2e_ws/install/yolo_bringup/share/yolo_bringup/package.sh'
[1.458s] INFO:colcon.colcon_core.shell:Creating package script '/home/j/e2e_ws/install/yolo_bringup/share/yolo_bringup/package.bash'
[1.459s] INFO:colcon.colcon_core.shell:Creating package script '/home/j/e2e_ws/install/yolo_bringup/share/yolo_bringup/package.zsh'
[1.459s] Level 1:colcon.colcon_core.environment:create_file_with_runtime_dependencies(/home/j/e2e_ws/install/yolo_bringup/share/colcon-core/packages/yolo_bringup)
[1.459s] Level 1:colcon.colcon_core.environment:create_environment_scripts_only(yolo_bringup)
[1.459s] Level 1:colcon.colcon_core.environment:checking '/home/j/e2e_ws/install/yolo_bringup' for CMake module files
[1.460s] Level 1:colcon.colcon_core.environment:checking '/home/j/e2e_ws/install/yolo_bringup' for CMake config files
[1.460s] Level 1:colcon.colcon_core.shell:create_environment_hook('yolo_bringup', 'cmake_prefix_path')
[1.460s] INFO:colcon.colcon_core.shell:Creating environment hook '/home/j/e2e_ws/install/yolo_bringup/share/yolo_bringup/hook/cmake_prefix_path.ps1'
[1.460s] INFO:colcon.colcon_core.shell:Creating environment descriptor '/home/j/e2e_ws/install/yolo_bringup/share/yolo_bringup/hook/cmake_prefix_path.dsv'
[1.461s] INFO:colcon.colcon_core.shell:Creating environment hook '/home/j/e2e_ws/install/yolo_bringup/share/yolo_bringup/hook/cmake_prefix_path.sh'
[1.461s] Level 1:colcon.colcon_core.environment:checking '/home/j/e2e_ws/install/yolo_bringup/bin'
[1.461s] Level 1:colcon.colcon_core.environment:checking '/home/j/e2e_ws/install/yolo_bringup/lib/pkgconfig/yolo_bringup.pc'
[1.461s] Level 1:colcon.colcon_core.environment:checking '/home/j/e2e_ws/install/yolo_bringup/lib/python3.10/site-packages'
[1.461s] Level 1:colcon.colcon_core.environment:checking '/home/j/e2e_ws/install/yolo_bringup/bin'
[1.461s] INFO:colcon.colcon_core.shell:Creating package script '/home/j/e2e_ws/install/yolo_bringup/share/yolo_bringup/package.ps1'
[1.462s] INFO:colcon.colcon_core.shell:Creating package descriptor '/home/j/e2e_ws/install/yolo_bringup/share/yolo_bringup/package.dsv'
[1.462s] INFO:colcon.colcon_core.shell:Creating package script '/home/j/e2e_ws/install/yolo_bringup/share/yolo_bringup/package.sh'
[1.462s] INFO:colcon.colcon_core.shell:Creating package script '/home/j/e2e_ws/install/yolo_bringup/share/yolo_bringup/package.bash'
[1.462s] INFO:colcon.colcon_core.shell:Creating package script '/home/j/e2e_ws/install/yolo_bringup/share/yolo_bringup/package.zsh'
[1.463s] Level 1:colcon.colcon_core.environment:create_file_with_runtime_dependencies(/home/j/e2e_ws/install/yolo_bringup/share/colcon-core/packages/yolo_bringup)
[1.463s] DEBUG:colcon.colcon_parallel_executor.executor.parallel:closing loop
[1.463s] DEBUG:colcon.colcon_parallel_executor.executor.parallel:loop closed
[1.463s] DEBUG:colcon.colcon_parallel_executor.executor.parallel:run_until_complete finished with '0'
[1.463s] DEBUG:colcon.colcon_core.event_reactor:joining thread
[1.467s] INFO:colcon.colcon_core.plugin_system:Skipping extension 'colcon_notification.desktop_notification.terminal_notifier': Not used on non-Darwin systems
[1.468s] INFO:colcon.colcon_core.plugin_system:Skipping extension 'colcon_notification.desktop_notification.win32': Not used on non-Windows systems
[1.468s] INFO:colcon.colcon_notification.desktop_notification:Sending desktop notification using 'notify2'
[1.478s] DEBUG:colcon.colcon_core.event_reactor:joined thread
[1.479s] INFO:colcon.colcon_core.shell:Creating prefix script '/home/j/e2e_ws/install/local_setup.ps1'
[1.479s] INFO:colcon.colcon_core.shell:Creating prefix util module '/home/j/e2e_ws/install/_local_setup_util_ps1.py'
[1.481s] INFO:colcon.colcon_core.shell:Creating prefix chain script '/home/j/e2e_ws/install/setup.ps1'
[1.482s] INFO:colcon.colcon_core.shell:Creating prefix script '/home/j/e2e_ws/install/local_setup.sh'
[1.483s] INFO:colcon.colcon_core.shell:Creating prefix util module '/home/j/e2e_ws/install/_local_setup_util_sh.py'
[1.484s] INFO:colcon.colcon_core.shell:Creating prefix chain script '/home/j/e2e_ws/install/setup.sh'
[1.485s] INFO:colcon.colcon_core.shell:Creating prefix script '/home/j/e2e_ws/install/local_setup.bash'
[1.485s] INFO:colcon.colcon_core.shell:Creating prefix chain script '/home/j/e2e_ws/install/setup.bash'
[1.487s] INFO:colcon.colcon_core.shell:Creating prefix script '/home/j/e2e_ws/install/local_setup.zsh'
[1.488s] INFO:colcon.colcon_core.shell:Creating prefix chain script '/home/j/e2e_ws/install/setup.zsh'
