[0.063s] DEBUG:colcon:Command line arguments: ['/usr/bin/colcon', 'build']
[0.063s] DEBUG:colcon:Parsed command line arguments: Namespace(log_base=None, log_level=None, verb_name='build', build_base='build', install_base='install', merge_install=False, symlink_install=False, test_result_base=None, continue_on_error=False, executor='parallel', parallel_workers=22, event_handlers=None, ignore_user_meta=False, metas=['./colcon.meta'], base_paths=['.'], packages_ignore=None, packages_ignore_regex=None, paths=None, packages_up_to=None, packages_up_to_regex=None, packages_above=None, packages_above_and_dependencies=None, packages_above_depth=None, packages_select_by_dep=None, packages_skip_by_dep=None, packages_skip_up_to=None, packages_select_build_failed=False, packages_skip_build_finished=False, packages_select_test_failures=False, packages_skip_test_passed=False, packages_select=None, packages_skip=None, packages_select_regex=None, packages_skip_regex=None, packages_start=None, packages_end=None, allow_overriding=[], cmake_args=None, cmake_target=None, cmake_target_skip_unavailable=False, cmake_clean_cache=False, cmake_clean_first=False, cmake_force_configure=False, ament_cmake_args=None, catkin_cmake_args=None, catkin_skip_building_tests=False, verb_parser=<colcon_defaults.argument_parser.defaults.DefaultArgumentsDecorator object at 0x7211fd34eb60>, verb_extension=<colcon_core.verb.build.BuildVerb object at 0x7211fd4c7940>, main=<bound method BuildVerb.main of <colcon_core.verb.build.BuildVerb object at 0x7211fd4c7940>>)
[0.158s] Level 1:colcon.colcon_core.package_discovery:discover_packages(colcon_meta) check parameters
[0.158s] Level 1:colcon.colcon_core.package_discovery:discover_packages(recursive) check parameters
[0.158s] Level 1:colcon.colcon_core.package_discovery:discover_packages(ignore) check parameters
[0.158s] Level 1:colcon.colcon_core.package_discovery:discover_packages(path) check parameters
[0.158s] Level 1:colcon.colcon_core.package_discovery:discover_packages(colcon_meta) discover
[0.158s] Level 1:colcon.colcon_core.package_discovery:discover_packages(recursive) discover
[0.158s] INFO:colcon.colcon_core.package_discovery:Crawling recursively for packages in '/home/j/e2e_ws'
[0.158s] Level 1:colcon.colcon_core.package_identification:_identify(.) by extensions ['ignore', 'ignore_ament_install']
[0.158s] Level 1:colcon.colcon_core.package_identification:_identify(.) by extension 'ignore'
[0.158s] Level 1:colcon.colcon_core.package_identification:_identify(.) by extension 'ignore_ament_install'
[0.158s] Level 1:colcon.colcon_core.package_identification:_identify(.) by extensions ['colcon_pkg']
[0.158s] Level 1:colcon.colcon_core.package_identification:_identify(.) by extension 'colcon_pkg'
[0.158s] Level 1:colcon.colcon_core.package_identification:_identify(.) by extensions ['colcon_meta']
[0.158s] Level 1:colcon.colcon_core.package_identification:_identify(.) by extension 'colcon_meta'
[0.158s] Level 1:colcon.colcon_core.package_identification:_identify(.) by extensions ['ros']
[0.158s] Level 1:colcon.colcon_core.package_identification:_identify(.) by extension 'ros'
[0.165s] Level 1:colcon.colcon_core.package_identification:_identify(.) by extensions ['cmake', 'python']
[0.165s] Level 1:colcon.colcon_core.package_identification:_identify(.) by extension 'cmake'
[0.165s] Level 1:colcon.colcon_core.package_identification:_identify(.) by extension 'python'
[0.165s] Level 1:colcon.colcon_core.package_identification:_identify(.) by extensions ['python_setup_py']
[0.165s] Level 1:colcon.colcon_core.package_identification:_identify(.) by extension 'python_setup_py'
[0.165s] Level 1:colcon.colcon_core.package_identification:_identify(build) by extensions ['ignore', 'ignore_ament_install']
[0.165s] Level 1:colcon.colcon_core.package_identification:_identify(build) by extension 'ignore'
[0.165s] Level 1:colcon.colcon_core.package_identification:_identify(build) ignored
[0.165s] Level 1:colcon.colcon_core.package_identification:_identify(install) by extensions ['ignore', 'ignore_ament_install']
[0.165s] Level 1:colcon.colcon_core.package_identification:_identify(install) by extension 'ignore'
[0.165s] Level 1:colcon.colcon_core.package_identification:_identify(install) ignored
[0.165s] Level 1:colcon.colcon_core.package_identification:_identify(log) by extensions ['ignore', 'ignore_ament_install']
[0.165s] Level 1:colcon.colcon_core.package_identification:_identify(log) by extension 'ignore'
[0.165s] Level 1:colcon.colcon_core.package_identification:_identify(log) ignored
[0.166s] Level 1:colcon.colcon_core.package_identification:_identify(resource) by extensions ['ignore', 'ignore_ament_install']
[0.166s] Level 1:colcon.colcon_core.package_identification:_identify(resource) by extension 'ignore'
[0.166s] Level 1:colcon.colcon_core.package_identification:_identify(resource) by extension 'ignore_ament_install'
[0.166s] Level 1:colcon.colcon_core.package_identification:_identify(resource) by extensions ['colcon_pkg']
[0.166s] Level 1:colcon.colcon_core.package_identification:_identify(resource) by extension 'colcon_pkg'
[0.166s] Level 1:colcon.colcon_core.package_identification:_identify(resource) by extensions ['colcon_meta']
[0.166s] Level 1:colcon.colcon_core.package_identification:_identify(resource) by extension 'colcon_meta'
[0.166s] Level 1:colcon.colcon_core.package_identification:_identify(resource) by extensions ['ros']
[0.166s] Level 1:colcon.colcon_core.package_identification:_identify(resource) by extension 'ros'
[0.166s] Level 1:colcon.colcon_core.package_identification:_identify(resource) by extensions ['cmake', 'python']
[0.166s] Level 1:colcon.colcon_core.package_identification:_identify(resource) by extension 'cmake'
[0.166s] Level 1:colcon.colcon_core.package_identification:_identify(resource) by extension 'python'
[0.166s] Level 1:colcon.colcon_core.package_identification:_identify(resource) by extensions ['python_setup_py']
[0.166s] Level 1:colcon.colcon_core.package_identification:_identify(resource) by extension 'python_setup_py'
[0.166s] Level 1:colcon.colcon_core.package_identification:_identify(rosbag2_2025_05_26-14_36_35) by extensions ['ignore', 'ignore_ament_install']
[0.166s] Level 1:colcon.colcon_core.package_identification:_identify(rosbag2_2025_05_26-14_36_35) by extension 'ignore'
[0.166s] Level 1:colcon.colcon_core.package_identification:_identify(rosbag2_2025_05_26-14_36_35) by extension 'ignore_ament_install'
[0.166s] Level 1:colcon.colcon_core.package_identification:_identify(rosbag2_2025_05_26-14_36_35) by extensions ['colcon_pkg']
[0.166s] Level 1:colcon.colcon_core.package_identification:_identify(rosbag2_2025_05_26-14_36_35) by extension 'colcon_pkg'
[0.166s] Level 1:colcon.colcon_core.package_identification:_identify(rosbag2_2025_05_26-14_36_35) by extensions ['colcon_meta']
[0.166s] Level 1:colcon.colcon_core.package_identification:_identify(rosbag2_2025_05_26-14_36_35) by extension 'colcon_meta'
[0.166s] Level 1:colcon.colcon_core.package_identification:_identify(rosbag2_2025_05_26-14_36_35) by extensions ['ros']
[0.166s] Level 1:colcon.colcon_core.package_identification:_identify(rosbag2_2025_05_26-14_36_35) by extension 'ros'
[0.166s] Level 1:colcon.colcon_core.package_identification:_identify(rosbag2_2025_05_26-14_36_35) by extensions ['cmake', 'python']
[0.166s] Level 1:colcon.colcon_core.package_identification:_identify(rosbag2_2025_05_26-14_36_35) by extension 'cmake'
[0.166s] Level 1:colcon.colcon_core.package_identification:_identify(rosbag2_2025_05_26-14_36_35) by extension 'python'
[0.166s] Level 1:colcon.colcon_core.package_identification:_identify(rosbag2_2025_05_26-14_36_35) by extensions ['python_setup_py']
[0.166s] Level 1:colcon.colcon_core.package_identification:_identify(rosbag2_2025_05_26-14_36_35) by extension 'python_setup_py'
[0.166s] Level 1:colcon.colcon_core.package_identification:_identify(rosbag2_2025_05_26-14_39_32) by extensions ['ignore', 'ignore_ament_install']
[0.166s] Level 1:colcon.colcon_core.package_identification:_identify(rosbag2_2025_05_26-14_39_32) by extension 'ignore'
[0.166s] Level 1:colcon.colcon_core.package_identification:_identify(rosbag2_2025_05_26-14_39_32) by extension 'ignore_ament_install'
[0.166s] Level 1:colcon.colcon_core.package_identification:_identify(rosbag2_2025_05_26-14_39_32) by extensions ['colcon_pkg']
[0.166s] Level 1:colcon.colcon_core.package_identification:_identify(rosbag2_2025_05_26-14_39_32) by extension 'colcon_pkg'
[0.166s] Level 1:colcon.colcon_core.package_identification:_identify(rosbag2_2025_05_26-14_39_32) by extensions ['colcon_meta']
[0.166s] Level 1:colcon.colcon_core.package_identification:_identify(rosbag2_2025_05_26-14_39_32) by extension 'colcon_meta'
[0.166s] Level 1:colcon.colcon_core.package_identification:_identify(rosbag2_2025_05_26-14_39_32) by extensions ['ros']
[0.166s] Level 1:colcon.colcon_core.package_identification:_identify(rosbag2_2025_05_26-14_39_32) by extension 'ros'
[0.167s] Level 1:colcon.colcon_core.package_identification:_identify(rosbag2_2025_05_26-14_39_32) by extensions ['cmake', 'python']
[0.167s] Level 1:colcon.colcon_core.package_identification:_identify(rosbag2_2025_05_26-14_39_32) by extension 'cmake'
[0.167s] Level 1:colcon.colcon_core.package_identification:_identify(rosbag2_2025_05_26-14_39_32) by extension 'python'
[0.167s] Level 1:colcon.colcon_core.package_identification:_identify(rosbag2_2025_05_26-14_39_32) by extensions ['python_setup_py']
[0.167s] Level 1:colcon.colcon_core.package_identification:_identify(rosbag2_2025_05_26-14_39_32) by extension 'python_setup_py'
[0.167s] Level 1:colcon.colcon_core.package_identification:_identify(src) by extensions ['ignore', 'ignore_ament_install']
[0.167s] Level 1:colcon.colcon_core.package_identification:_identify(src) by extension 'ignore'
[0.167s] Level 1:colcon.colcon_core.package_identification:_identify(src) by extension 'ignore_ament_install'
[0.167s] Level 1:colcon.colcon_core.package_identification:_identify(src) by extensions ['colcon_pkg']
[0.167s] Level 1:colcon.colcon_core.package_identification:_identify(src) by extension 'colcon_pkg'
[0.167s] Level 1:colcon.colcon_core.package_identification:_identify(src) by extensions ['colcon_meta']
[0.167s] Level 1:colcon.colcon_core.package_identification:_identify(src) by extension 'colcon_meta'
[0.167s] Level 1:colcon.colcon_core.package_identification:_identify(src) by extensions ['ros']
[0.167s] Level 1:colcon.colcon_core.package_identification:_identify(src) by extension 'ros'
[0.167s] Level 1:colcon.colcon_core.package_identification:_identify(src) by extensions ['cmake', 'python']
[0.167s] Level 1:colcon.colcon_core.package_identification:_identify(src) by extension 'cmake'
[0.167s] Level 1:colcon.colcon_core.package_identification:_identify(src) by extension 'python'
[0.167s] Level 1:colcon.colcon_core.package_identification:_identify(src) by extensions ['python_setup_py']
[0.167s] Level 1:colcon.colcon_core.package_identification:_identify(src) by extension 'python_setup_py'
[0.167s] Level 1:colcon.colcon_core.package_identification:_identify(src/build) by extensions ['ignore', 'ignore_ament_install']
[0.167s] Level 1:colcon.colcon_core.package_identification:_identify(src/build) by extension 'ignore'
[0.167s] Level 1:colcon.colcon_core.package_identification:_identify(src/build) ignored
[0.167s] Level 1:colcon.colcon_core.package_identification:_identify(src/e2e_meta) by extensions ['ignore', 'ignore_ament_install']
[0.167s] Level 1:colcon.colcon_core.package_identification:_identify(src/e2e_meta) by extension 'ignore'
[0.167s] Level 1:colcon.colcon_core.package_identification:_identify(src/e2e_meta) by extension 'ignore_ament_install'
[0.167s] Level 1:colcon.colcon_core.package_identification:_identify(src/e2e_meta) by extensions ['colcon_pkg']
[0.167s] Level 1:colcon.colcon_core.package_identification:_identify(src/e2e_meta) by extension 'colcon_pkg'
[0.167s] Level 1:colcon.colcon_core.package_identification:_identify(src/e2e_meta) by extensions ['colcon_meta']
[0.167s] Level 1:colcon.colcon_core.package_identification:_identify(src/e2e_meta) by extension 'colcon_meta'
[0.167s] Level 1:colcon.colcon_core.package_identification:_identify(src/e2e_meta) by extensions ['ros']
[0.167s] Level 1:colcon.colcon_core.package_identification:_identify(src/e2e_meta) by extension 'ros'
[0.169s] DEBUG:colcon.colcon_core.package_identification:Package 'src/e2e_meta' with type 'ros.ament_cmake' and name 'e2e_meta'
[0.169s] Level 1:colcon.colcon_core.package_identification:_identify(src/image_fusion) by extensions ['ignore', 'ignore_ament_install']
[0.169s] Level 1:colcon.colcon_core.package_identification:_identify(src/image_fusion) by extension 'ignore'
[0.169s] Level 1:colcon.colcon_core.package_identification:_identify(src/image_fusion) by extension 'ignore_ament_install'
[0.169s] Level 1:colcon.colcon_core.package_identification:_identify(src/image_fusion) by extensions ['colcon_pkg']
[0.169s] Level 1:colcon.colcon_core.package_identification:_identify(src/image_fusion) by extension 'colcon_pkg'
[0.169s] Level 1:colcon.colcon_core.package_identification:_identify(src/image_fusion) by extensions ['colcon_meta']
[0.169s] Level 1:colcon.colcon_core.package_identification:_identify(src/image_fusion) by extension 'colcon_meta'
[0.169s] Level 1:colcon.colcon_core.package_identification:_identify(src/image_fusion) by extensions ['ros']
[0.169s] Level 1:colcon.colcon_core.package_identification:_identify(src/image_fusion) by extension 'ros'
[0.170s] DEBUG:colcon.colcon_core.package_identification:Package 'src/image_fusion' with type 'ros.ament_python' and name 'image_fusion'
[0.170s] Level 1:colcon.colcon_core.package_identification:_identify(src/log) by extensions ['ignore', 'ignore_ament_install']
[0.170s] Level 1:colcon.colcon_core.package_identification:_identify(src/log) by extension 'ignore'
[0.170s] Level 1:colcon.colcon_core.package_identification:_identify(src/log) ignored
[0.170s] Level 1:colcon.colcon_core.package_identification:_identify(src/ros2_aruco) by extensions ['ignore', 'ignore_ament_install']
[0.170s] Level 1:colcon.colcon_core.package_identification:_identify(src/ros2_aruco) by extension 'ignore'
[0.170s] Level 1:colcon.colcon_core.package_identification:_identify(src/ros2_aruco) by extension 'ignore_ament_install'
[0.170s] Level 1:colcon.colcon_core.package_identification:_identify(src/ros2_aruco) by extensions ['colcon_pkg']
[0.170s] Level 1:colcon.colcon_core.package_identification:_identify(src/ros2_aruco) by extension 'colcon_pkg'
[0.170s] Level 1:colcon.colcon_core.package_identification:_identify(src/ros2_aruco) by extensions ['colcon_meta']
[0.170s] Level 1:colcon.colcon_core.package_identification:_identify(src/ros2_aruco) by extension 'colcon_meta'
[0.170s] Level 1:colcon.colcon_core.package_identification:_identify(src/ros2_aruco) by extensions ['ros']
[0.170s] Level 1:colcon.colcon_core.package_identification:_identify(src/ros2_aruco) by extension 'ros'
[0.170s] Level 1:colcon.colcon_core.package_identification:_identify(src/ros2_aruco) by extensions ['cmake', 'python']
[0.170s] Level 1:colcon.colcon_core.package_identification:_identify(src/ros2_aruco) by extension 'cmake'
[0.170s] Level 1:colcon.colcon_core.package_identification:_identify(src/ros2_aruco) by extension 'python'
[0.170s] Level 1:colcon.colcon_core.package_identification:_identify(src/ros2_aruco) by extensions ['python_setup_py']
[0.170s] Level 1:colcon.colcon_core.package_identification:_identify(src/ros2_aruco) by extension 'python_setup_py'
[0.171s] Level 1:colcon.colcon_core.package_identification:_identify(src/ros2_aruco/ros2_aruco) by extensions ['ignore', 'ignore_ament_install']
[0.171s] Level 1:colcon.colcon_core.package_identification:_identify(src/ros2_aruco/ros2_aruco) by extension 'ignore'
[0.171s] Level 1:colcon.colcon_core.package_identification:_identify(src/ros2_aruco/ros2_aruco) by extension 'ignore_ament_install'
[0.171s] Level 1:colcon.colcon_core.package_identification:_identify(src/ros2_aruco/ros2_aruco) by extensions ['colcon_pkg']
[0.171s] Level 1:colcon.colcon_core.package_identification:_identify(src/ros2_aruco/ros2_aruco) by extension 'colcon_pkg'
[0.171s] Level 1:colcon.colcon_core.package_identification:_identify(src/ros2_aruco/ros2_aruco) by extensions ['colcon_meta']
[0.171s] Level 1:colcon.colcon_core.package_identification:_identify(src/ros2_aruco/ros2_aruco) by extension 'colcon_meta'
[0.171s] Level 1:colcon.colcon_core.package_identification:_identify(src/ros2_aruco/ros2_aruco) by extensions ['ros']
[0.171s] Level 1:colcon.colcon_core.package_identification:_identify(src/ros2_aruco/ros2_aruco) by extension 'ros'
[0.171s] DEBUG:colcon.colcon_core.package_identification:Package 'src/ros2_aruco/ros2_aruco' with type 'ros.ament_python' and name 'ros2_aruco'
[0.171s] Level 1:colcon.colcon_core.package_identification:_identify(src/ros2_aruco/ros2_aruco_interfaces) by extensions ['ignore', 'ignore_ament_install']
[0.171s] Level 1:colcon.colcon_core.package_identification:_identify(src/ros2_aruco/ros2_aruco_interfaces) by extension 'ignore'
[0.171s] Level 1:colcon.colcon_core.package_identification:_identify(src/ros2_aruco/ros2_aruco_interfaces) by extension 'ignore_ament_install'
[0.171s] Level 1:colcon.colcon_core.package_identification:_identify(src/ros2_aruco/ros2_aruco_interfaces) by extensions ['colcon_pkg']
[0.171s] Level 1:colcon.colcon_core.package_identification:_identify(src/ros2_aruco/ros2_aruco_interfaces) by extension 'colcon_pkg'
[0.171s] Level 1:colcon.colcon_core.package_identification:_identify(src/ros2_aruco/ros2_aruco_interfaces) by extensions ['colcon_meta']
[0.171s] Level 1:colcon.colcon_core.package_identification:_identify(src/ros2_aruco/ros2_aruco_interfaces) by extension 'colcon_meta'
[0.171s] Level 1:colcon.colcon_core.package_identification:_identify(src/ros2_aruco/ros2_aruco_interfaces) by extensions ['ros']
[0.171s] Level 1:colcon.colcon_core.package_identification:_identify(src/ros2_aruco/ros2_aruco_interfaces) by extension 'ros'
[0.172s] DEBUG:colcon.colcon_core.package_identification:Package 'src/ros2_aruco/ros2_aruco_interfaces' with type 'ros.ament_cmake' and name 'ros2_aruco_interfaces'
[0.172s] Level 1:colcon.colcon_core.package_identification:_identify(src/turtlebot3_simulations-humble) by extensions ['ignore', 'ignore_ament_install']
[0.172s] Level 1:colcon.colcon_core.package_identification:_identify(src/turtlebot3_simulations-humble) by extension 'ignore'
[0.172s] Level 1:colcon.colcon_core.package_identification:_identify(src/turtlebot3_simulations-humble) by extension 'ignore_ament_install'
[0.172s] Level 1:colcon.colcon_core.package_identification:_identify(src/turtlebot3_simulations-humble) by extensions ['colcon_pkg']
[0.172s] Level 1:colcon.colcon_core.package_identification:_identify(src/turtlebot3_simulations-humble) by extension 'colcon_pkg'
[0.172s] Level 1:colcon.colcon_core.package_identification:_identify(src/turtlebot3_simulations-humble) by extensions ['colcon_meta']
[0.172s] Level 1:colcon.colcon_core.package_identification:_identify(src/turtlebot3_simulations-humble) by extension 'colcon_meta'
[0.172s] Level 1:colcon.colcon_core.package_identification:_identify(src/turtlebot3_simulations-humble) by extensions ['ros']
[0.172s] Level 1:colcon.colcon_core.package_identification:_identify(src/turtlebot3_simulations-humble) by extension 'ros'
[0.172s] Level 1:colcon.colcon_core.package_identification:_identify(src/turtlebot3_simulations-humble) by extensions ['cmake', 'python']
[0.172s] Level 1:colcon.colcon_core.package_identification:_identify(src/turtlebot3_simulations-humble) by extension 'cmake'
[0.172s] Level 1:colcon.colcon_core.package_identification:_identify(src/turtlebot3_simulations-humble) by extension 'python'
[0.172s] Level 1:colcon.colcon_core.package_identification:_identify(src/turtlebot3_simulations-humble) by extensions ['python_setup_py']
[0.172s] Level 1:colcon.colcon_core.package_identification:_identify(src/turtlebot3_simulations-humble) by extension 'python_setup_py'
[0.172s] Level 1:colcon.colcon_core.package_identification:_identify(src/turtlebot3_simulations-humble/turtlebot3_fake_node) by extensions ['ignore', 'ignore_ament_install']
[0.172s] Level 1:colcon.colcon_core.package_identification:_identify(src/turtlebot3_simulations-humble/turtlebot3_fake_node) by extension 'ignore'
[0.172s] Level 1:colcon.colcon_core.package_identification:_identify(src/turtlebot3_simulations-humble/turtlebot3_fake_node) by extension 'ignore_ament_install'
[0.172s] Level 1:colcon.colcon_core.package_identification:_identify(src/turtlebot3_simulations-humble/turtlebot3_fake_node) by extensions ['colcon_pkg']
[0.172s] Level 1:colcon.colcon_core.package_identification:_identify(src/turtlebot3_simulations-humble/turtlebot3_fake_node) by extension 'colcon_pkg'
[0.172s] Level 1:colcon.colcon_core.package_identification:_identify(src/turtlebot3_simulations-humble/turtlebot3_fake_node) by extensions ['colcon_meta']
[0.172s] Level 1:colcon.colcon_core.package_identification:_identify(src/turtlebot3_simulations-humble/turtlebot3_fake_node) by extension 'colcon_meta'
[0.172s] Level 1:colcon.colcon_core.package_identification:_identify(src/turtlebot3_simulations-humble/turtlebot3_fake_node) by extensions ['ros']
[0.172s] Level 1:colcon.colcon_core.package_identification:_identify(src/turtlebot3_simulations-humble/turtlebot3_fake_node) by extension 'ros'
[0.173s] DEBUG:colcon.colcon_core.package_identification:Package 'src/turtlebot3_simulations-humble/turtlebot3_fake_node' with type 'ros.ament_cmake' and name 'turtlebot3_fake_node'
[0.173s] Level 1:colcon.colcon_core.package_identification:_identify(src/turtlebot3_simulations-humble/turtlebot3_gazebo) by extensions ['ignore', 'ignore_ament_install']
[0.173s] Level 1:colcon.colcon_core.package_identification:_identify(src/turtlebot3_simulations-humble/turtlebot3_gazebo) by extension 'ignore'
[0.173s] Level 1:colcon.colcon_core.package_identification:_identify(src/turtlebot3_simulations-humble/turtlebot3_gazebo) by extension 'ignore_ament_install'
[0.173s] Level 1:colcon.colcon_core.package_identification:_identify(src/turtlebot3_simulations-humble/turtlebot3_gazebo) by extensions ['colcon_pkg']
[0.173s] Level 1:colcon.colcon_core.package_identification:_identify(src/turtlebot3_simulations-humble/turtlebot3_gazebo) by extension 'colcon_pkg'
[0.173s] Level 1:colcon.colcon_core.package_identification:_identify(src/turtlebot3_simulations-humble/turtlebot3_gazebo) by extensions ['colcon_meta']
[0.173s] Level 1:colcon.colcon_core.package_identification:_identify(src/turtlebot3_simulations-humble/turtlebot3_gazebo) by extension 'colcon_meta'
[0.173s] Level 1:colcon.colcon_core.package_identification:_identify(src/turtlebot3_simulations-humble/turtlebot3_gazebo) by extensions ['ros']
[0.173s] Level 1:colcon.colcon_core.package_identification:_identify(src/turtlebot3_simulations-humble/turtlebot3_gazebo) by extension 'ros'
[0.174s] DEBUG:colcon.colcon_core.package_identification:Package 'src/turtlebot3_simulations-humble/turtlebot3_gazebo' with type 'ros.ament_cmake' and name 'turtlebot3_gazebo'
[0.174s] Level 1:colcon.colcon_core.package_identification:_identify(src/turtlebot3_simulations-humble/turtlebot3_simulations) by extensions ['ignore', 'ignore_ament_install']
[0.174s] Level 1:colcon.colcon_core.package_identification:_identify(src/turtlebot3_simulations-humble/turtlebot3_simulations) by extension 'ignore'
[0.174s] Level 1:colcon.colcon_core.package_identification:_identify(src/turtlebot3_simulations-humble/turtlebot3_simulations) by extension 'ignore_ament_install'
[0.174s] Level 1:colcon.colcon_core.package_identification:_identify(src/turtlebot3_simulations-humble/turtlebot3_simulations) by extensions ['colcon_pkg']
[0.174s] Level 1:colcon.colcon_core.package_identification:_identify(src/turtlebot3_simulations-humble/turtlebot3_simulations) by extension 'colcon_pkg'
[0.174s] Level 1:colcon.colcon_core.package_identification:_identify(src/turtlebot3_simulations-humble/turtlebot3_simulations) by extensions ['colcon_meta']
[0.174s] Level 1:colcon.colcon_core.package_identification:_identify(src/turtlebot3_simulations-humble/turtlebot3_simulations) by extension 'colcon_meta'
[0.174s] Level 1:colcon.colcon_core.package_identification:_identify(src/turtlebot3_simulations-humble/turtlebot3_simulations) by extensions ['ros']
[0.174s] Level 1:colcon.colcon_core.package_identification:_identify(src/turtlebot3_simulations-humble/turtlebot3_simulations) by extension 'ros'
[0.174s] DEBUG:colcon.colcon_core.package_identification:Package 'src/turtlebot3_simulations-humble/turtlebot3_simulations' with type 'ros.ament_cmake' and name 'turtlebot3_simulations'
[0.175s] Level 1:colcon.colcon_core.package_identification:_identify(src/yolo_ros) by extensions ['ignore', 'ignore_ament_install']
[0.175s] Level 1:colcon.colcon_core.package_identification:_identify(src/yolo_ros) by extension 'ignore'
[0.175s] Level 1:colcon.colcon_core.package_identification:_identify(src/yolo_ros) by extension 'ignore_ament_install'
[0.175s] Level 1:colcon.colcon_core.package_identification:_identify(src/yolo_ros) by extensions ['colcon_pkg']
[0.175s] Level 1:colcon.colcon_core.package_identification:_identify(src/yolo_ros) by extension 'colcon_pkg'
[0.175s] Level 1:colcon.colcon_core.package_identification:_identify(src/yolo_ros) by extensions ['colcon_meta']
[0.175s] Level 1:colcon.colcon_core.package_identification:_identify(src/yolo_ros) by extension 'colcon_meta'
[0.175s] Level 1:colcon.colcon_core.package_identification:_identify(src/yolo_ros) by extensions ['ros']
[0.175s] Level 1:colcon.colcon_core.package_identification:_identify(src/yolo_ros) by extension 'ros'
[0.175s] Level 1:colcon.colcon_core.package_identification:_identify(src/yolo_ros) by extensions ['cmake', 'python']
[0.175s] Level 1:colcon.colcon_core.package_identification:_identify(src/yolo_ros) by extension 'cmake'
[0.175s] Level 1:colcon.colcon_core.package_identification:_identify(src/yolo_ros) by extension 'python'
[0.175s] Level 1:colcon.colcon_core.package_identification:_identify(src/yolo_ros) by extensions ['python_setup_py']
[0.175s] Level 1:colcon.colcon_core.package_identification:_identify(src/yolo_ros) by extension 'python_setup_py'
[0.175s] Level 1:colcon.colcon_core.package_identification:_identify(src/yolo_ros/docs) by extensions ['ignore', 'ignore_ament_install']
[0.175s] Level 1:colcon.colcon_core.package_identification:_identify(src/yolo_ros/docs) by extension 'ignore'
[0.175s] Level 1:colcon.colcon_core.package_identification:_identify(src/yolo_ros/docs) by extension 'ignore_ament_install'
[0.175s] Level 1:colcon.colcon_core.package_identification:_identify(src/yolo_ros/docs) by extensions ['colcon_pkg']
[0.175s] Level 1:colcon.colcon_core.package_identification:_identify(src/yolo_ros/docs) by extension 'colcon_pkg'
[0.175s] Level 1:colcon.colcon_core.package_identification:_identify(src/yolo_ros/docs) by extensions ['colcon_meta']
[0.175s] Level 1:colcon.colcon_core.package_identification:_identify(src/yolo_ros/docs) by extension 'colcon_meta'
[0.175s] Level 1:colcon.colcon_core.package_identification:_identify(src/yolo_ros/docs) by extensions ['ros']
[0.175s] Level 1:colcon.colcon_core.package_identification:_identify(src/yolo_ros/docs) by extension 'ros'
[0.175s] Level 1:colcon.colcon_core.package_identification:_identify(src/yolo_ros/docs) by extensions ['cmake', 'python']
[0.175s] Level 1:colcon.colcon_core.package_identification:_identify(src/yolo_ros/docs) by extension 'cmake'
[0.175s] Level 1:colcon.colcon_core.package_identification:_identify(src/yolo_ros/docs) by extension 'python'
[0.175s] Level 1:colcon.colcon_core.package_identification:_identify(src/yolo_ros/docs) by extensions ['python_setup_py']
[0.175s] Level 1:colcon.colcon_core.package_identification:_identify(src/yolo_ros/docs) by extension 'python_setup_py'
[0.175s] Level 1:colcon.colcon_core.package_identification:_identify(src/yolo_ros/yolo_bringup) by extensions ['ignore', 'ignore_ament_install']
[0.175s] Level 1:colcon.colcon_core.package_identification:_identify(src/yolo_ros/yolo_bringup) by extension 'ignore'
[0.175s] Level 1:colcon.colcon_core.package_identification:_identify(src/yolo_ros/yolo_bringup) by extension 'ignore_ament_install'
[0.175s] Level 1:colcon.colcon_core.package_identification:_identify(src/yolo_ros/yolo_bringup) by extensions ['colcon_pkg']
[0.175s] Level 1:colcon.colcon_core.package_identification:_identify(src/yolo_ros/yolo_bringup) by extension 'colcon_pkg'
[0.175s] Level 1:colcon.colcon_core.package_identification:_identify(src/yolo_ros/yolo_bringup) by extensions ['colcon_meta']
[0.175s] Level 1:colcon.colcon_core.package_identification:_identify(src/yolo_ros/yolo_bringup) by extension 'colcon_meta'
[0.175s] Level 1:colcon.colcon_core.package_identification:_identify(src/yolo_ros/yolo_bringup) by extensions ['ros']
[0.175s] Level 1:colcon.colcon_core.package_identification:_identify(src/yolo_ros/yolo_bringup) by extension 'ros'
[0.176s] DEBUG:colcon.colcon_core.package_identification:Package 'src/yolo_ros/yolo_bringup' with type 'ros.ament_cmake' and name 'yolo_bringup'
[0.176s] Level 1:colcon.colcon_core.package_identification:_identify(src/yolo_ros/yolo_msgs) by extensions ['ignore', 'ignore_ament_install']
[0.176s] Level 1:colcon.colcon_core.package_identification:_identify(src/yolo_ros/yolo_msgs) by extension 'ignore'
[0.176s] Level 1:colcon.colcon_core.package_identification:_identify(src/yolo_ros/yolo_msgs) by extension 'ignore_ament_install'
[0.176s] Level 1:colcon.colcon_core.package_identification:_identify(src/yolo_ros/yolo_msgs) by extensions ['colcon_pkg']
[0.176s] Level 1:colcon.colcon_core.package_identification:_identify(src/yolo_ros/yolo_msgs) by extension 'colcon_pkg'
[0.176s] Level 1:colcon.colcon_core.package_identification:_identify(src/yolo_ros/yolo_msgs) by extensions ['colcon_meta']
[0.176s] Level 1:colcon.colcon_core.package_identification:_identify(src/yolo_ros/yolo_msgs) by extension 'colcon_meta'
[0.176s] Level 1:colcon.colcon_core.package_identification:_identify(src/yolo_ros/yolo_msgs) by extensions ['ros']
[0.176s] Level 1:colcon.colcon_core.package_identification:_identify(src/yolo_ros/yolo_msgs) by extension 'ros'
[0.176s] DEBUG:colcon.colcon_core.package_identification:Package 'src/yolo_ros/yolo_msgs' with type 'ros.ament_cmake' and name 'yolo_msgs'
[0.176s] Level 1:colcon.colcon_core.package_identification:_identify(src/yolo_ros/yolo_ros) by extensions ['ignore', 'ignore_ament_install']
[0.176s] Level 1:colcon.colcon_core.package_identification:_identify(src/yolo_ros/yolo_ros) by extension 'ignore'
[0.176s] Level 1:colcon.colcon_core.package_identification:_identify(src/yolo_ros/yolo_ros) by extension 'ignore_ament_install'
[0.177s] Level 1:colcon.colcon_core.package_identification:_identify(src/yolo_ros/yolo_ros) by extensions ['colcon_pkg']
[0.177s] Level 1:colcon.colcon_core.package_identification:_identify(src/yolo_ros/yolo_ros) by extension 'colcon_pkg'
[0.177s] Level 1:colcon.colcon_core.package_identification:_identify(src/yolo_ros/yolo_ros) by extensions ['colcon_meta']
[0.177s] Level 1:colcon.colcon_core.package_identification:_identify(src/yolo_ros/yolo_ros) by extension 'colcon_meta'
[0.177s] Level 1:colcon.colcon_core.package_identification:_identify(src/yolo_ros/yolo_ros) by extensions ['ros']
[0.177s] Level 1:colcon.colcon_core.package_identification:_identify(src/yolo_ros/yolo_ros) by extension 'ros'
[0.177s] DEBUG:colcon.colcon_core.package_identification:Package 'src/yolo_ros/yolo_ros' with type 'ros.ament_python' and name 'yolo_ros'
[0.177s] Level 1:colcon.colcon_core.package_discovery:discover_packages(recursive) using defaults
[0.177s] Level 1:colcon.colcon_core.package_discovery:discover_packages(ignore) discover
[0.177s] Level 1:colcon.colcon_core.package_discovery:discover_packages(ignore) using defaults
[0.177s] Level 1:colcon.colcon_core.package_discovery:discover_packages(path) discover
[0.177s] Level 1:colcon.colcon_core.package_discovery:discover_packages(path) using defaults
[0.195s] Level 1:colcon.colcon_core.package_discovery:discover_packages(prefix_path) check parameters
[0.195s] Level 1:colcon.colcon_core.package_discovery:discover_packages(prefix_path) discover
[0.196s] WARNING:colcon.colcon_ros.prefix_path.ament:The path '/home/j/e2e_ws/install/yolo_bringup' in the environment variable AMENT_PREFIX_PATH doesn't exist
[0.196s] WARNING:colcon.colcon_ros.prefix_path.ament:The path '/home/j/e2e_ws/install/turtlebot3_simulations' in the environment variable AMENT_PREFIX_PATH doesn't exist
[0.196s] WARNING:colcon.colcon_ros.prefix_path.ament:The path '/home/j/e2e_ws/install/turtlebot3_gazebo' in the environment variable AMENT_PREFIX_PATH doesn't exist
[0.196s] WARNING:colcon.colcon_ros.prefix_path.ament:The path '/home/j/e2e_ws/install/turtlebot3_fake_node' in the environment variable AMENT_PREFIX_PATH doesn't exist
[0.196s] WARNING:colcon.colcon_ros.prefix_path.ament:The path '/home/j/e2e_ws/install/delbot' in the environment variable AMENT_PREFIX_PATH doesn't exist
[0.196s] WARNING:colcon.colcon_ros.prefix_path.catkin:The path '/home/j/e2e_ws/install/yolo_bringup' in the environment variable CMAKE_PREFIX_PATH doesn't exist
[0.196s] WARNING:colcon.colcon_ros.prefix_path.catkin:The path '/home/j/e2e_ws/install/image_fusion_node' in the environment variable CMAKE_PREFIX_PATH doesn't exist
[0.196s] WARNING:colcon.colcon_ros.prefix_path.catkin:The path '/home/j/e2e_ws/install/turtlebot3_simulations' in the environment variable CMAKE_PREFIX_PATH doesn't exist
[0.196s] WARNING:colcon.colcon_ros.prefix_path.catkin:The path '/home/j/e2e_ws/install/turtlebot3_gazebo' in the environment variable CMAKE_PREFIX_PATH doesn't exist
[0.196s] WARNING:colcon.colcon_ros.prefix_path.catkin:The path '/home/j/e2e_ws/install/turtlebot3_fake_node' in the environment variable CMAKE_PREFIX_PATH doesn't exist
[0.196s] WARNING:colcon.colcon_ros.prefix_path.catkin:The path '/home/j/e2e_ws/install/delbot' in the environment variable CMAKE_PREFIX_PATH doesn't exist
[0.197s] DEBUG:colcon.colcon_installed_package_information.package_discovery:Found 4 installed packages in /home/j/e2e_ws/install
[0.198s] DEBUG:colcon.colcon_installed_package_information.package_discovery:Found 318 installed packages in /opt/ros/humble
[0.198s] Level 1:colcon.colcon_core.package_discovery:discover_packages(prefix_path) using defaults
[0.221s] Level 5:colcon.colcon_core.verb:set package 'e2e_meta' build argument 'cmake_args' from command line to 'None'
[0.221s] Level 5:colcon.colcon_core.verb:set package 'e2e_meta' build argument 'cmake_target' from command line to 'None'
[0.221s] Level 5:colcon.colcon_core.verb:set package 'e2e_meta' build argument 'cmake_target_skip_unavailable' from command line to 'False'
[0.222s] Level 5:colcon.colcon_core.verb:set package 'e2e_meta' build argument 'cmake_clean_cache' from command line to 'False'
[0.222s] Level 5:colcon.colcon_core.verb:set package 'e2e_meta' build argument 'cmake_clean_first' from command line to 'False'
[0.222s] Level 5:colcon.colcon_core.verb:set package 'e2e_meta' build argument 'cmake_force_configure' from command line to 'False'
[0.222s] Level 5:colcon.colcon_core.verb:set package 'e2e_meta' build argument 'ament_cmake_args' from command line to 'None'
[0.222s] Level 5:colcon.colcon_core.verb:set package 'e2e_meta' build argument 'catkin_cmake_args' from command line to 'None'
[0.222s] Level 5:colcon.colcon_core.verb:set package 'e2e_meta' build argument 'catkin_skip_building_tests' from command line to 'False'
[0.222s] DEBUG:colcon.colcon_core.verb:Building package 'e2e_meta' with the following arguments: {'ament_cmake_args': None, 'build_base': '/home/j/e2e_ws/build/e2e_meta', 'catkin_cmake_args': None, 'catkin_skip_building_tests': False, 'cmake_args': None, 'cmake_clean_cache': False, 'cmake_clean_first': False, 'cmake_force_configure': False, 'cmake_target': None, 'cmake_target_skip_unavailable': False, 'install_base': '/home/j/e2e_ws/install/e2e_meta', 'merge_install': False, 'path': '/home/j/e2e_ws/src/e2e_meta', 'symlink_install': False, 'test_result_base': None}
[0.222s] Level 5:colcon.colcon_core.verb:set package 'ros2_aruco' build argument 'cmake_args' from command line to 'None'
[0.222s] Level 5:colcon.colcon_core.verb:set package 'ros2_aruco' build argument 'cmake_target' from command line to 'None'
[0.222s] Level 5:colcon.colcon_core.verb:set package 'ros2_aruco' build argument 'cmake_target_skip_unavailable' from command line to 'False'
[0.222s] Level 5:colcon.colcon_core.verb:set package 'ros2_aruco' build argument 'cmake_clean_cache' from command line to 'False'
[0.222s] Level 5:colcon.colcon_core.verb:set package 'ros2_aruco' build argument 'cmake_clean_first' from command line to 'False'
[0.222s] Level 5:colcon.colcon_core.verb:set package 'ros2_aruco' build argument 'cmake_force_configure' from command line to 'False'
[0.222s] Level 5:colcon.colcon_core.verb:set package 'ros2_aruco' build argument 'ament_cmake_args' from command line to 'None'
[0.222s] Level 5:colcon.colcon_core.verb:set package 'ros2_aruco' build argument 'catkin_cmake_args' from command line to 'None'
[0.222s] Level 5:colcon.colcon_core.verb:set package 'ros2_aruco' build argument 'catkin_skip_building_tests' from command line to 'False'
[0.222s] DEBUG:colcon.colcon_core.verb:Building package 'ros2_aruco' with the following arguments: {'ament_cmake_args': None, 'build_base': '/home/j/e2e_ws/build/ros2_aruco', 'catkin_cmake_args': None, 'catkin_skip_building_tests': False, 'cmake_args': None, 'cmake_clean_cache': False, 'cmake_clean_first': False, 'cmake_force_configure': False, 'cmake_target': None, 'cmake_target_skip_unavailable': False, 'install_base': '/home/j/e2e_ws/install/ros2_aruco', 'merge_install': False, 'path': '/home/j/e2e_ws/src/ros2_aruco/ros2_aruco', 'symlink_install': False, 'test_result_base': None}
[0.222s] Level 5:colcon.colcon_core.verb:set package 'ros2_aruco_interfaces' build argument 'cmake_args' from command line to 'None'
[0.223s] Level 5:colcon.colcon_core.verb:set package 'ros2_aruco_interfaces' build argument 'cmake_target' from command line to 'None'
[0.223s] Level 5:colcon.colcon_core.verb:set package 'ros2_aruco_interfaces' build argument 'cmake_target_skip_unavailable' from command line to 'False'
[0.223s] Level 5:colcon.colcon_core.verb:set package 'ros2_aruco_interfaces' build argument 'cmake_clean_cache' from command line to 'False'
[0.223s] Level 5:colcon.colcon_core.verb:set package 'ros2_aruco_interfaces' build argument 'cmake_clean_first' from command line to 'False'
[0.223s] Level 5:colcon.colcon_core.verb:set package 'ros2_aruco_interfaces' build argument 'cmake_force_configure' from command line to 'False'
[0.223s] Level 5:colcon.colcon_core.verb:set package 'ros2_aruco_interfaces' build argument 'ament_cmake_args' from command line to 'None'
[0.223s] Level 5:colcon.colcon_core.verb:set package 'ros2_aruco_interfaces' build argument 'catkin_cmake_args' from command line to 'None'
[0.223s] Level 5:colcon.colcon_core.verb:set package 'ros2_aruco_interfaces' build argument 'catkin_skip_building_tests' from command line to 'False'
[0.223s] DEBUG:colcon.colcon_core.verb:Building package 'ros2_aruco_interfaces' with the following arguments: {'ament_cmake_args': None, 'build_base': '/home/j/e2e_ws/build/ros2_aruco_interfaces', 'catkin_cmake_args': None, 'catkin_skip_building_tests': False, 'cmake_args': None, 'cmake_clean_cache': False, 'cmake_clean_first': False, 'cmake_force_configure': False, 'cmake_target': None, 'cmake_target_skip_unavailable': False, 'install_base': '/home/j/e2e_ws/install/ros2_aruco_interfaces', 'merge_install': False, 'path': '/home/j/e2e_ws/src/ros2_aruco/ros2_aruco_interfaces', 'symlink_install': False, 'test_result_base': None}
[0.223s] Level 5:colcon.colcon_core.verb:set package 'turtlebot3_fake_node' build argument 'cmake_args' from command line to 'None'
[0.223s] Level 5:colcon.colcon_core.verb:set package 'turtlebot3_fake_node' build argument 'cmake_target' from command line to 'None'
[0.223s] Level 5:colcon.colcon_core.verb:set package 'turtlebot3_fake_node' build argument 'cmake_target_skip_unavailable' from command line to 'False'
[0.223s] Level 5:colcon.colcon_core.verb:set package 'turtlebot3_fake_node' build argument 'cmake_clean_cache' from command line to 'False'
[0.223s] Level 5:colcon.colcon_core.verb:set package 'turtlebot3_fake_node' build argument 'cmake_clean_first' from command line to 'False'
[0.223s] Level 5:colcon.colcon_core.verb:set package 'turtlebot3_fake_node' build argument 'cmake_force_configure' from command line to 'False'
[0.223s] Level 5:colcon.colcon_core.verb:set package 'turtlebot3_fake_node' build argument 'ament_cmake_args' from command line to 'None'
[0.223s] Level 5:colcon.colcon_core.verb:set package 'turtlebot3_fake_node' build argument 'catkin_cmake_args' from command line to 'None'
[0.223s] Level 5:colcon.colcon_core.verb:set package 'turtlebot3_fake_node' build argument 'catkin_skip_building_tests' from command line to 'False'
[0.223s] DEBUG:colcon.colcon_core.verb:Building package 'turtlebot3_fake_node' with the following arguments: {'ament_cmake_args': None, 'build_base': '/home/j/e2e_ws/build/turtlebot3_fake_node', 'catkin_cmake_args': None, 'catkin_skip_building_tests': False, 'cmake_args': None, 'cmake_clean_cache': False, 'cmake_clean_first': False, 'cmake_force_configure': False, 'cmake_target': None, 'cmake_target_skip_unavailable': False, 'install_base': '/home/j/e2e_ws/install/turtlebot3_fake_node', 'merge_install': False, 'path': '/home/j/e2e_ws/src/turtlebot3_simulations-humble/turtlebot3_fake_node', 'symlink_install': False, 'test_result_base': None}
[0.224s] Level 5:colcon.colcon_core.verb:set package 'turtlebot3_gazebo' build argument 'cmake_args' from command line to 'None'
[0.224s] Level 5:colcon.colcon_core.verb:set package 'turtlebot3_gazebo' build argument 'cmake_target' from command line to 'None'
[0.224s] Level 5:colcon.colcon_core.verb:set package 'turtlebot3_gazebo' build argument 'cmake_target_skip_unavailable' from command line to 'False'
[0.224s] Level 5:colcon.colcon_core.verb:set package 'turtlebot3_gazebo' build argument 'cmake_clean_cache' from command line to 'False'
[0.224s] Level 5:colcon.colcon_core.verb:set package 'turtlebot3_gazebo' build argument 'cmake_clean_first' from command line to 'False'
[0.224s] Level 5:colcon.colcon_core.verb:set package 'turtlebot3_gazebo' build argument 'cmake_force_configure' from command line to 'False'
[0.224s] Level 5:colcon.colcon_core.verb:set package 'turtlebot3_gazebo' build argument 'ament_cmake_args' from command line to 'None'
[0.224s] Level 5:colcon.colcon_core.verb:set package 'turtlebot3_gazebo' build argument 'catkin_cmake_args' from command line to 'None'
[0.224s] Level 5:colcon.colcon_core.verb:set package 'turtlebot3_gazebo' build argument 'catkin_skip_building_tests' from command line to 'False'
[0.224s] DEBUG:colcon.colcon_core.verb:Building package 'turtlebot3_gazebo' with the following arguments: {'ament_cmake_args': None, 'build_base': '/home/j/e2e_ws/build/turtlebot3_gazebo', 'catkin_cmake_args': None, 'catkin_skip_building_tests': False, 'cmake_args': None, 'cmake_clean_cache': False, 'cmake_clean_first': False, 'cmake_force_configure': False, 'cmake_target': None, 'cmake_target_skip_unavailable': False, 'install_base': '/home/j/e2e_ws/install/turtlebot3_gazebo', 'merge_install': False, 'path': '/home/j/e2e_ws/src/turtlebot3_simulations-humble/turtlebot3_gazebo', 'symlink_install': False, 'test_result_base': None}
[0.224s] Level 5:colcon.colcon_core.verb:set package 'yolo_msgs' build argument 'cmake_args' from command line to 'None'
[0.224s] Level 5:colcon.colcon_core.verb:set package 'yolo_msgs' build argument 'cmake_target' from command line to 'None'
[0.224s] Level 5:colcon.colcon_core.verb:set package 'yolo_msgs' build argument 'cmake_target_skip_unavailable' from command line to 'False'
[0.224s] Level 5:colcon.colcon_core.verb:set package 'yolo_msgs' build argument 'cmake_clean_cache' from command line to 'False'
[0.224s] Level 5:colcon.colcon_core.verb:set package 'yolo_msgs' build argument 'cmake_clean_first' from command line to 'False'
[0.224s] Level 5:colcon.colcon_core.verb:set package 'yolo_msgs' build argument 'cmake_force_configure' from command line to 'False'
[0.224s] Level 5:colcon.colcon_core.verb:set package 'yolo_msgs' build argument 'ament_cmake_args' from command line to 'None'
[0.224s] Level 5:colcon.colcon_core.verb:set package 'yolo_msgs' build argument 'catkin_cmake_args' from command line to 'None'
[0.224s] Level 5:colcon.colcon_core.verb:set package 'yolo_msgs' build argument 'catkin_skip_building_tests' from command line to 'False'
[0.224s] DEBUG:colcon.colcon_core.verb:Building package 'yolo_msgs' with the following arguments: {'ament_cmake_args': None, 'build_base': '/home/j/e2e_ws/build/yolo_msgs', 'catkin_cmake_args': None, 'catkin_skip_building_tests': False, 'cmake_args': None, 'cmake_clean_cache': False, 'cmake_clean_first': False, 'cmake_force_configure': False, 'cmake_target': None, 'cmake_target_skip_unavailable': False, 'install_base': '/home/j/e2e_ws/install/yolo_msgs', 'merge_install': False, 'path': '/home/j/e2e_ws/src/yolo_ros/yolo_msgs', 'symlink_install': False, 'test_result_base': None}
[0.224s] Level 5:colcon.colcon_core.verb:set package 'image_fusion' build argument 'cmake_args' from command line to 'None'
[0.224s] Level 5:colcon.colcon_core.verb:set package 'image_fusion' build argument 'cmake_target' from command line to 'None'
[0.224s] Level 5:colcon.colcon_core.verb:set package 'image_fusion' build argument 'cmake_target_skip_unavailable' from command line to 'False'
[0.224s] Level 5:colcon.colcon_core.verb:set package 'image_fusion' build argument 'cmake_clean_cache' from command line to 'False'
[0.224s] Level 5:colcon.colcon_core.verb:set package 'image_fusion' build argument 'cmake_clean_first' from command line to 'False'
[0.224s] Level 5:colcon.colcon_core.verb:set package 'image_fusion' build argument 'cmake_force_configure' from command line to 'False'
[0.224s] Level 5:colcon.colcon_core.verb:set package 'image_fusion' build argument 'ament_cmake_args' from command line to 'None'
[0.224s] Level 5:colcon.colcon_core.verb:set package 'image_fusion' build argument 'catkin_cmake_args' from command line to 'None'
[0.224s] Level 5:colcon.colcon_core.verb:set package 'image_fusion' build argument 'catkin_skip_building_tests' from command line to 'False'
[0.224s] DEBUG:colcon.colcon_core.verb:Building package 'image_fusion' with the following arguments: {'ament_cmake_args': None, 'build_base': '/home/j/e2e_ws/build/image_fusion', 'catkin_cmake_args': None, 'catkin_skip_building_tests': False, 'cmake_args': None, 'cmake_clean_cache': False, 'cmake_clean_first': False, 'cmake_force_configure': False, 'cmake_target': None, 'cmake_target_skip_unavailable': False, 'install_base': '/home/j/e2e_ws/install/image_fusion', 'merge_install': False, 'path': '/home/j/e2e_ws/src/image_fusion', 'symlink_install': False, 'test_result_base': None}
[0.225s] Level 5:colcon.colcon_core.verb:set package 'turtlebot3_simulations' build argument 'cmake_args' from command line to 'None'
[0.225s] Level 5:colcon.colcon_core.verb:set package 'turtlebot3_simulations' build argument 'cmake_target' from command line to 'None'
[0.225s] Level 5:colcon.colcon_core.verb:set package 'turtlebot3_simulations' build argument 'cmake_target_skip_unavailable' from command line to 'False'
[0.225s] Level 5:colcon.colcon_core.verb:set package 'turtlebot3_simulations' build argument 'cmake_clean_cache' from command line to 'False'
[0.225s] Level 5:colcon.colcon_core.verb:set package 'turtlebot3_simulations' build argument 'cmake_clean_first' from command line to 'False'
[0.225s] Level 5:colcon.colcon_core.verb:set package 'turtlebot3_simulations' build argument 'cmake_force_configure' from command line to 'False'
[0.225s] Level 5:colcon.colcon_core.verb:set package 'turtlebot3_simulations' build argument 'ament_cmake_args' from command line to 'None'
[0.225s] Level 5:colcon.colcon_core.verb:set package 'turtlebot3_simulations' build argument 'catkin_cmake_args' from command line to 'None'
[0.225s] Level 5:colcon.colcon_core.verb:set package 'turtlebot3_simulations' build argument 'catkin_skip_building_tests' from command line to 'False'
[0.225s] DEBUG:colcon.colcon_core.verb:Building package 'turtlebot3_simulations' with the following arguments: {'ament_cmake_args': None, 'build_base': '/home/j/e2e_ws/build/turtlebot3_simulations', 'catkin_cmake_args': None, 'catkin_skip_building_tests': False, 'cmake_args': None, 'cmake_clean_cache': False, 'cmake_clean_first': False, 'cmake_force_configure': False, 'cmake_target': None, 'cmake_target_skip_unavailable': False, 'install_base': '/home/j/e2e_ws/install/turtlebot3_simulations', 'merge_install': False, 'path': '/home/j/e2e_ws/src/turtlebot3_simulations-humble/turtlebot3_simulations', 'symlink_install': False, 'test_result_base': None}
[0.225s] Level 5:colcon.colcon_core.verb:set package 'yolo_ros' build argument 'cmake_args' from command line to 'None'
[0.225s] Level 5:colcon.colcon_core.verb:set package 'yolo_ros' build argument 'cmake_target' from command line to 'None'
[0.225s] Level 5:colcon.colcon_core.verb:set package 'yolo_ros' build argument 'cmake_target_skip_unavailable' from command line to 'False'
[0.225s] Level 5:colcon.colcon_core.verb:set package 'yolo_ros' build argument 'cmake_clean_cache' from command line to 'False'
[0.225s] Level 5:colcon.colcon_core.verb:set package 'yolo_ros' build argument 'cmake_clean_first' from command line to 'False'
[0.225s] Level 5:colcon.colcon_core.verb:set package 'yolo_ros' build argument 'cmake_force_configure' from command line to 'False'
[0.225s] Level 5:colcon.colcon_core.verb:set package 'yolo_ros' build argument 'ament_cmake_args' from command line to 'None'
[0.225s] Level 5:colcon.colcon_core.verb:set package 'yolo_ros' build argument 'catkin_cmake_args' from command line to 'None'
[0.225s] Level 5:colcon.colcon_core.verb:set package 'yolo_ros' build argument 'catkin_skip_building_tests' from command line to 'False'
[0.225s] DEBUG:colcon.colcon_core.verb:Building package 'yolo_ros' with the following arguments: {'ament_cmake_args': None, 'build_base': '/home/j/e2e_ws/build/yolo_ros', 'catkin_cmake_args': None, 'catkin_skip_building_tests': False, 'cmake_args': None, 'cmake_clean_cache': False, 'cmake_clean_first': False, 'cmake_force_configure': False, 'cmake_target': None, 'cmake_target_skip_unavailable': False, 'install_base': '/home/j/e2e_ws/install/yolo_ros', 'merge_install': False, 'path': '/home/j/e2e_ws/src/yolo_ros/yolo_ros', 'symlink_install': False, 'test_result_base': None}
[0.225s] Level 5:colcon.colcon_core.verb:set package 'yolo_bringup' build argument 'cmake_args' from command line to 'None'
[0.225s] Level 5:colcon.colcon_core.verb:set package 'yolo_bringup' build argument 'cmake_target' from command line to 'None'
[0.225s] Level 5:colcon.colcon_core.verb:set package 'yolo_bringup' build argument 'cmake_target_skip_unavailable' from command line to 'False'
[0.225s] Level 5:colcon.colcon_core.verb:set package 'yolo_bringup' build argument 'cmake_clean_cache' from command line to 'False'
[0.225s] Level 5:colcon.colcon_core.verb:set package 'yolo_bringup' build argument 'cmake_clean_first' from command line to 'False'
[0.225s] Level 5:colcon.colcon_core.verb:set package 'yolo_bringup' build argument 'cmake_force_configure' from command line to 'False'
[0.225s] Level 5:colcon.colcon_core.verb:set package 'yolo_bringup' build argument 'ament_cmake_args' from command line to 'None'
[0.225s] Level 5:colcon.colcon_core.verb:set package 'yolo_bringup' build argument 'catkin_cmake_args' from command line to 'None'
[0.225s] Level 5:colcon.colcon_core.verb:set package 'yolo_bringup' build argument 'catkin_skip_building_tests' from command line to 'False'
[0.225s] DEBUG:colcon.colcon_core.verb:Building package 'yolo_bringup' with the following arguments: {'ament_cmake_args': None, 'build_base': '/home/j/e2e_ws/build/yolo_bringup', 'catkin_cmake_args': None, 'catkin_skip_building_tests': False, 'cmake_args': None, 'cmake_clean_cache': False, 'cmake_clean_first': False, 'cmake_force_configure': False, 'cmake_target': None, 'cmake_target_skip_unavailable': False, 'install_base': '/home/j/e2e_ws/install/yolo_bringup', 'merge_install': False, 'path': '/home/j/e2e_ws/src/yolo_ros/yolo_bringup', 'symlink_install': False, 'test_result_base': None}
[0.226s] INFO:colcon.colcon_core.executor:Executing jobs using 'parallel' executor
[0.227s] DEBUG:colcon.colcon_parallel_executor.executor.parallel:run_until_complete
[0.227s] INFO:colcon.colcon_ros.task.ament_cmake.build:Building ROS package in '/home/j/e2e_ws/src/yolo_ros/yolo_msgs' with build type 'ament_cmake'
[0.227s] INFO:colcon.colcon_cmake.task.cmake.build:Building CMake package in '/home/j/e2e_ws/src/yolo_ros/yolo_msgs'
[0.229s] INFO:colcon.colcon_core.plugin_system:Skipping extension 'colcon_core.shell.bat': Not used on non-Windows systems
[0.229s] INFO:colcon.colcon_core.shell:Skip shell extension 'powershell' for command environment: Not usable outside of PowerShell
[0.229s] DEBUG:colcon.colcon_core.shell:Skip shell extension 'dsv' for command environment
[0.232s] INFO:colcon.colcon_ros.task.ament_cmake.build:Building ROS package in '/home/j/e2e_ws/src/turtlebot3_simulations-humble/turtlebot3_fake_node' with build type 'ament_cmake'
[0.232s] INFO:colcon.colcon_cmake.task.cmake.build:Building CMake package in '/home/j/e2e_ws/src/turtlebot3_simulations-humble/turtlebot3_fake_node'
[0.232s] INFO:colcon.colcon_core.shell:Skip shell extension 'powershell' for command environment: Not usable outside of PowerShell
[0.232s] DEBUG:colcon.colcon_core.shell:Skip shell extension 'dsv' for command environment
[0.234s] INFO:colcon.colcon_ros.task.ament_cmake.build:Building ROS package in '/home/j/e2e_ws/src/turtlebot3_simulations-humble/turtlebot3_gazebo' with build type 'ament_cmake'
[0.234s] INFO:colcon.colcon_cmake.task.cmake.build:Building CMake package in '/home/j/e2e_ws/src/turtlebot3_simulations-humble/turtlebot3_gazebo'
[0.234s] INFO:colcon.colcon_core.shell:Skip shell extension 'powershell' for command environment: Not usable outside of PowerShell
[0.234s] DEBUG:colcon.colcon_core.shell:Skip shell extension 'dsv' for command environment
[0.236s] INFO:colcon.colcon_ros.task.ament_cmake.build:Building ROS package in '/home/j/e2e_ws/src/e2e_meta' with build type 'ament_cmake'
[0.236s] INFO:colcon.colcon_cmake.task.cmake.build:Building CMake package in '/home/j/e2e_ws/src/e2e_meta'
[0.237s] INFO:colcon.colcon_core.shell:Skip shell extension 'powershell' for command environment: Not usable outside of PowerShell
[0.237s] DEBUG:colcon.colcon_core.shell:Skip shell extension 'dsv' for command environment
[0.238s] INFO:colcon.colcon_ros.task.ament_python.build:Building ROS package in '/home/j/e2e_ws/src/ros2_aruco/ros2_aruco' with build type 'ament_python'
[0.238s] Level 1:colcon.colcon_core.shell:create_environment_hook('ros2_aruco', 'ament_prefix_path')
[0.239s] INFO:colcon.colcon_core.shell:Creating environment hook '/home/j/e2e_ws/install/ros2_aruco/share/ros2_aruco/hook/ament_prefix_path.ps1'
[0.239s] INFO:colcon.colcon_core.shell:Creating environment descriptor '/home/j/e2e_ws/install/ros2_aruco/share/ros2_aruco/hook/ament_prefix_path.dsv'
[0.239s] INFO:colcon.colcon_core.shell:Creating environment hook '/home/j/e2e_ws/install/ros2_aruco/share/ros2_aruco/hook/ament_prefix_path.sh'
[0.240s] INFO:colcon.colcon_core.shell:Skip shell extension 'powershell' for command environment: Not usable outside of PowerShell
[0.240s] DEBUG:colcon.colcon_core.shell:Skip shell extension 'dsv' for command environment
[0.242s] INFO:colcon.colcon_ros.task.ament_cmake.build:Building ROS package in '/home/j/e2e_ws/src/ros2_aruco/ros2_aruco_interfaces' with build type 'ament_cmake'
[0.242s] INFO:colcon.colcon_cmake.task.cmake.build:Building CMake package in '/home/j/e2e_ws/src/ros2_aruco/ros2_aruco_interfaces'
[0.242s] INFO:colcon.colcon_core.shell:Skip shell extension 'powershell' for command environment: Not usable outside of PowerShell
[0.242s] DEBUG:colcon.colcon_core.shell:Skip shell extension 'dsv' for command environment
[0.247s] DEBUG:colcon.colcon_core.event_handler.log_command:Invoking command in '/home/j/e2e_ws/build/yolo_msgs': CMAKE_PREFIX_PATH=${CMAKE_PREFIX_PATH}:/home/j/e2e_ws/install/yolo_ros:/home/j/e2e_ws/install/ros2_aruco:/opt/ros/humble /usr/bin/cmake --build /home/j/e2e_ws/build/yolo_msgs -- -j22 -l22
[0.249s] DEBUG:colcon.colcon_core.event_handler.log_command:Invoking command in '/home/j/e2e_ws/build/turtlebot3_fake_node': CMAKE_PREFIX_PATH=${CMAKE_PREFIX_PATH}:/home/j/e2e_ws/install/yolo_ros:/home/j/e2e_ws/install/ros2_aruco:/opt/ros/humble /usr/bin/cmake --build /home/j/e2e_ws/build/turtlebot3_fake_node -- -j22 -l22
[0.251s] DEBUG:colcon.colcon_core.event_handler.log_command:Invoking command in '/home/j/e2e_ws/build/turtlebot3_gazebo': CMAKE_PREFIX_PATH=${CMAKE_PREFIX_PATH}:/home/j/e2e_ws/install/yolo_ros:/home/j/e2e_ws/install/ros2_aruco:/opt/ros/humble /usr/bin/cmake --build /home/j/e2e_ws/build/turtlebot3_gazebo -- -j22 -l22
[0.252s] DEBUG:colcon.colcon_core.event_handler.log_command:Invoking command in '/home/j/e2e_ws/build/e2e_meta': CMAKE_PREFIX_PATH=${CMAKE_PREFIX_PATH}:/home/j/e2e_ws/install/yolo_ros:/home/j/e2e_ws/install/ros2_aruco:/opt/ros/humble /usr/bin/cmake --build /home/j/e2e_ws/build/e2e_meta -- -j22 -l22
[0.447s] INFO:colcon.colcon_core.task.python.build:Building Python package in '/home/j/e2e_ws/src/ros2_aruco/ros2_aruco'
[0.448s] INFO:colcon.colcon_core.shell:Skip shell extension 'powershell' for command environment: Not usable outside of PowerShell
[0.448s] DEBUG:colcon.colcon_core.shell:Skip shell extension 'dsv' for command environment
[0.462s] DEBUG:colcon.colcon_core.event_handler.log_command:Invoking command in '/home/j/e2e_ws/build/ros2_aruco_interfaces': CMAKE_PREFIX_PATH=${CMAKE_PREFIX_PATH}:/home/j/e2e_ws/install/yolo_ros:/home/j/e2e_ws/install/ros2_aruco:/opt/ros/humble /usr/bin/cmake --build /home/j/e2e_ws/build/ros2_aruco_interfaces -- -j22 -l22
[0.463s] DEBUG:colcon.colcon_core.event_handler.log_command:Invoked command in '/home/j/e2e_ws/build/e2e_meta' returned '0': CMAKE_PREFIX_PATH=${CMAKE_PREFIX_PATH}:/home/j/e2e_ws/install/yolo_ros:/home/j/e2e_ws/install/ros2_aruco:/opt/ros/humble /usr/bin/cmake --build /home/j/e2e_ws/build/e2e_meta -- -j22 -l22
[0.472s] DEBUG:colcon.colcon_core.event_handler.log_command:Invoking command in '/home/j/e2e_ws/build/e2e_meta': CMAKE_PREFIX_PATH=${CMAKE_PREFIX_PATH}:/home/j/e2e_ws/install/yolo_ros:/home/j/e2e_ws/install/ros2_aruco:/opt/ros/humble /usr/bin/cmake --install /home/j/e2e_ws/build/e2e_meta
[0.473s] DEBUG:colcon.colcon_core.event_handler.log_command:Invoked command in '/home/j/e2e_ws/build/turtlebot3_fake_node' returned '0': CMAKE_PREFIX_PATH=${CMAKE_PREFIX_PATH}:/home/j/e2e_ws/install/yolo_ros:/home/j/e2e_ws/install/ros2_aruco:/opt/ros/humble /usr/bin/cmake --build /home/j/e2e_ws/build/turtlebot3_fake_node -- -j22 -l22
[0.474s] DEBUG:colcon.colcon_core.event_handler.log_command:Invoking command in '/home/j/e2e_ws/build/turtlebot3_fake_node': CMAKE_PREFIX_PATH=${CMAKE_PREFIX_PATH}:/home/j/e2e_ws/install/yolo_ros:/home/j/e2e_ws/install/ros2_aruco:/opt/ros/humble /usr/bin/cmake --install /home/j/e2e_ws/build/turtlebot3_fake_node
[0.475s] DEBUG:colcon.colcon_core.event_handler.log_command:Invoked command in '/home/j/e2e_ws/build/turtlebot3_gazebo' returned '0': CMAKE_PREFIX_PATH=${CMAKE_PREFIX_PATH}:/home/j/e2e_ws/install/yolo_ros:/home/j/e2e_ws/install/ros2_aruco:/opt/ros/humble /usr/bin/cmake --build /home/j/e2e_ws/build/turtlebot3_gazebo -- -j22 -l22
[0.476s] DEBUG:colcon.colcon_core.event_handler.log_command:Invoking command in '/home/j/e2e_ws/build/turtlebot3_gazebo': CMAKE_PREFIX_PATH=${CMAKE_PREFIX_PATH}:/home/j/e2e_ws/install/yolo_ros:/home/j/e2e_ws/install/ros2_aruco:/opt/ros/humble /usr/bin/cmake --install /home/j/e2e_ws/build/turtlebot3_gazebo
[0.479s] Level 1:colcon.colcon_core.environment:create_environment_scripts_only(e2e_meta)
[0.479s] DEBUG:colcon.colcon_core.event_handler.log_command:Invoked command in '/home/j/e2e_ws/build/e2e_meta' returned '0': CMAKE_PREFIX_PATH=${CMAKE_PREFIX_PATH}:/home/j/e2e_ws/install/yolo_ros:/home/j/e2e_ws/install/ros2_aruco:/opt/ros/humble /usr/bin/cmake --install /home/j/e2e_ws/build/e2e_meta
[0.481s] Level 1:colcon.colcon_core.environment:checking '/home/j/e2e_ws/install/e2e_meta' for CMake module files
[0.482s] Level 1:colcon.colcon_core.environment:checking '/home/j/e2e_ws/install/e2e_meta' for CMake config files
[0.484s] Level 1:colcon.colcon_core.shell:create_environment_hook('e2e_meta', 'cmake_prefix_path')
[0.485s] INFO:colcon.colcon_core.shell:Creating environment hook '/home/j/e2e_ws/install/e2e_meta/share/e2e_meta/hook/cmake_prefix_path.ps1'
[0.486s] INFO:colcon.colcon_core.shell:Creating environment descriptor '/home/j/e2e_ws/install/e2e_meta/share/e2e_meta/hook/cmake_prefix_path.dsv'
[0.488s] INFO:colcon.colcon_core.shell:Creating environment hook '/home/j/e2e_ws/install/e2e_meta/share/e2e_meta/hook/cmake_prefix_path.sh'
[0.489s] Level 1:colcon.colcon_core.environment:checking '/home/j/e2e_ws/install/e2e_meta/bin'
[0.489s] Level 1:colcon.colcon_core.environment:checking '/home/j/e2e_ws/install/e2e_meta/lib/pkgconfig/e2e_meta.pc'
[0.489s] Level 1:colcon.colcon_core.environment:checking '/home/j/e2e_ws/install/e2e_meta/lib/python3.10/site-packages'
[0.489s] Level 1:colcon.colcon_core.environment:checking '/home/j/e2e_ws/install/e2e_meta/bin'
[0.490s] INFO:colcon.colcon_core.shell:Creating package script '/home/j/e2e_ws/install/e2e_meta/share/e2e_meta/package.ps1'
[0.491s] INFO:colcon.colcon_core.shell:Creating package descriptor '/home/j/e2e_ws/install/e2e_meta/share/e2e_meta/package.dsv'
[0.492s] INFO:colcon.colcon_core.shell:Creating package script '/home/j/e2e_ws/install/e2e_meta/share/e2e_meta/package.sh'
[0.492s] INFO:colcon.colcon_core.shell:Creating package script '/home/j/e2e_ws/install/e2e_meta/share/e2e_meta/package.bash'
[0.493s] INFO:colcon.colcon_core.shell:Creating package script '/home/j/e2e_ws/install/e2e_meta/share/e2e_meta/package.zsh'
[0.494s] Level 1:colcon.colcon_core.environment:create_file_with_runtime_dependencies(/home/j/e2e_ws/install/e2e_meta/share/colcon-core/packages/e2e_meta)
[0.495s] Level 1:colcon.colcon_core.environment:create_environment_scripts_only(e2e_meta)
[0.495s] Level 1:colcon.colcon_core.environment:checking '/home/j/e2e_ws/install/e2e_meta' for CMake module files
[0.495s] Level 1:colcon.colcon_core.environment:checking '/home/j/e2e_ws/install/e2e_meta' for CMake config files
[0.495s] Level 1:colcon.colcon_core.shell:create_environment_hook('e2e_meta', 'cmake_prefix_path')
[0.496s] INFO:colcon.colcon_core.shell:Creating environment hook '/home/j/e2e_ws/install/e2e_meta/share/e2e_meta/hook/cmake_prefix_path.ps1'
[0.496s] INFO:colcon.colcon_core.shell:Creating environment descriptor '/home/j/e2e_ws/install/e2e_meta/share/e2e_meta/hook/cmake_prefix_path.dsv'
[0.497s] INFO:colcon.colcon_core.shell:Creating environment hook '/home/j/e2e_ws/install/e2e_meta/share/e2e_meta/hook/cmake_prefix_path.sh'
[0.497s] Level 1:colcon.colcon_core.environment:checking '/home/j/e2e_ws/install/e2e_meta/bin'
[0.497s] Level 1:colcon.colcon_core.environment:checking '/home/j/e2e_ws/install/e2e_meta/lib/pkgconfig/e2e_meta.pc'
[0.498s] Level 1:colcon.colcon_core.environment:checking '/home/j/e2e_ws/install/e2e_meta/lib/python3.10/site-packages'
[0.498s] Level 1:colcon.colcon_core.environment:checking '/home/j/e2e_ws/install/e2e_meta/bin'
[0.498s] INFO:colcon.colcon_core.shell:Creating package script '/home/j/e2e_ws/install/e2e_meta/share/e2e_meta/package.ps1'
[0.499s] INFO:colcon.colcon_core.shell:Creating package descriptor '/home/j/e2e_ws/install/e2e_meta/share/e2e_meta/package.dsv'
[0.499s] INFO:colcon.colcon_core.shell:Creating package script '/home/j/e2e_ws/install/e2e_meta/share/e2e_meta/package.sh'
[0.500s] INFO:colcon.colcon_core.shell:Creating package script '/home/j/e2e_ws/install/e2e_meta/share/e2e_meta/package.bash'
[0.500s] INFO:colcon.colcon_core.shell:Creating package script '/home/j/e2e_ws/install/e2e_meta/share/e2e_meta/package.zsh'
[0.501s] Level 1:colcon.colcon_core.environment:create_file_with_runtime_dependencies(/home/j/e2e_ws/install/e2e_meta/share/colcon-core/packages/e2e_meta)
[0.502s] Level 1:colcon.colcon_core.environment:create_environment_scripts_only(turtlebot3_fake_node)
[0.502s] Level 1:colcon.colcon_core.environment:checking '/home/j/e2e_ws/install/turtlebot3_fake_node' for CMake module files
[0.503s] DEBUG:colcon.colcon_core.event_handler.log_command:Invoked command in '/home/j/e2e_ws/build/turtlebot3_fake_node' returned '0': CMAKE_PREFIX_PATH=${CMAKE_PREFIX_PATH}:/home/j/e2e_ws/install/yolo_ros:/home/j/e2e_ws/install/ros2_aruco:/opt/ros/humble /usr/bin/cmake --install /home/j/e2e_ws/build/turtlebot3_fake_node
[0.504s] Level 1:colcon.colcon_core.environment:checking '/home/j/e2e_ws/install/turtlebot3_fake_node' for CMake config files
[0.504s] Level 1:colcon.colcon_core.shell:create_environment_hook('turtlebot3_fake_node', 'cmake_prefix_path')
[0.504s] INFO:colcon.colcon_core.shell:Creating environment hook '/home/j/e2e_ws/install/turtlebot3_fake_node/share/turtlebot3_fake_node/hook/cmake_prefix_path.ps1'
[0.505s] INFO:colcon.colcon_core.shell:Creating environment descriptor '/home/j/e2e_ws/install/turtlebot3_fake_node/share/turtlebot3_fake_node/hook/cmake_prefix_path.dsv'
[0.505s] INFO:colcon.colcon_core.shell:Creating environment hook '/home/j/e2e_ws/install/turtlebot3_fake_node/share/turtlebot3_fake_node/hook/cmake_prefix_path.sh'
[0.506s] Level 1:colcon.colcon_core.environment:checking '/home/j/e2e_ws/install/turtlebot3_fake_node/lib'
[0.506s] Level 1:colcon.colcon_core.environment:checking '/home/j/e2e_ws/install/turtlebot3_fake_node/bin'
[0.506s] Level 1:colcon.colcon_core.environment:checking '/home/j/e2e_ws/install/turtlebot3_fake_node/lib/pkgconfig/turtlebot3_fake_node.pc'
[0.506s] Level 1:colcon.colcon_core.environment:checking '/home/j/e2e_ws/install/turtlebot3_fake_node/lib/python3.10/site-packages'
[0.507s] Level 1:colcon.colcon_core.environment:checking '/home/j/e2e_ws/install/turtlebot3_fake_node/bin'
[0.507s] INFO:colcon.colcon_core.shell:Creating package script '/home/j/e2e_ws/install/turtlebot3_fake_node/share/turtlebot3_fake_node/package.ps1'
[0.508s] INFO:colcon.colcon_core.shell:Creating package descriptor '/home/j/e2e_ws/install/turtlebot3_fake_node/share/turtlebot3_fake_node/package.dsv'
[0.509s] INFO:colcon.colcon_core.shell:Creating package script '/home/j/e2e_ws/install/turtlebot3_fake_node/share/turtlebot3_fake_node/package.sh'
[0.509s] INFO:colcon.colcon_core.shell:Creating package script '/home/j/e2e_ws/install/turtlebot3_fake_node/share/turtlebot3_fake_node/package.bash'
[0.509s] INFO:colcon.colcon_core.shell:Creating package script '/home/j/e2e_ws/install/turtlebot3_fake_node/share/turtlebot3_fake_node/package.zsh'
[0.509s] Level 1:colcon.colcon_core.environment:create_file_with_runtime_dependencies(/home/j/e2e_ws/install/turtlebot3_fake_node/share/colcon-core/packages/turtlebot3_fake_node)
[0.510s] Level 1:colcon.colcon_core.environment:create_environment_scripts_only(turtlebot3_fake_node)
[0.510s] Level 1:colcon.colcon_core.environment:checking '/home/j/e2e_ws/install/turtlebot3_fake_node' for CMake module files
[0.510s] Level 1:colcon.colcon_core.environment:checking '/home/j/e2e_ws/install/turtlebot3_fake_node' for CMake config files
[0.510s] Level 1:colcon.colcon_core.shell:create_environment_hook('turtlebot3_fake_node', 'cmake_prefix_path')
[0.511s] INFO:colcon.colcon_core.shell:Creating environment hook '/home/j/e2e_ws/install/turtlebot3_fake_node/share/turtlebot3_fake_node/hook/cmake_prefix_path.ps1'
[0.511s] INFO:colcon.colcon_core.shell:Creating environment descriptor '/home/j/e2e_ws/install/turtlebot3_fake_node/share/turtlebot3_fake_node/hook/cmake_prefix_path.dsv'
[0.511s] INFO:colcon.colcon_core.shell:Creating environment hook '/home/j/e2e_ws/install/turtlebot3_fake_node/share/turtlebot3_fake_node/hook/cmake_prefix_path.sh'
[0.511s] Level 1:colcon.colcon_core.environment:checking '/home/j/e2e_ws/install/turtlebot3_fake_node/lib'
[0.512s] Level 1:colcon.colcon_core.environment:checking '/home/j/e2e_ws/install/turtlebot3_fake_node/bin'
[0.512s] Level 1:colcon.colcon_core.environment:checking '/home/j/e2e_ws/install/turtlebot3_fake_node/lib/pkgconfig/turtlebot3_fake_node.pc'
[0.512s] Level 1:colcon.colcon_core.environment:checking '/home/j/e2e_ws/install/turtlebot3_fake_node/lib/python3.10/site-packages'
[0.512s] Level 1:colcon.colcon_core.environment:checking '/home/j/e2e_ws/install/turtlebot3_fake_node/bin'
[0.512s] INFO:colcon.colcon_core.shell:Creating package script '/home/j/e2e_ws/install/turtlebot3_fake_node/share/turtlebot3_fake_node/package.ps1'
[0.513s] INFO:colcon.colcon_core.shell:Creating package descriptor '/home/j/e2e_ws/install/turtlebot3_fake_node/share/turtlebot3_fake_node/package.dsv'
[0.513s] INFO:colcon.colcon_core.shell:Creating package script '/home/j/e2e_ws/install/turtlebot3_fake_node/share/turtlebot3_fake_node/package.sh'
[0.514s] INFO:colcon.colcon_core.shell:Creating package script '/home/j/e2e_ws/install/turtlebot3_fake_node/share/turtlebot3_fake_node/package.bash'
[0.514s] INFO:colcon.colcon_core.shell:Creating package script '/home/j/e2e_ws/install/turtlebot3_fake_node/share/turtlebot3_fake_node/package.zsh'
[0.515s] Level 1:colcon.colcon_core.environment:create_file_with_runtime_dependencies(/home/j/e2e_ws/install/turtlebot3_fake_node/share/colcon-core/packages/turtlebot3_fake_node)
[0.516s] DEBUG:colcon.colcon_core.event_handler.log_command:Invoked command in '/home/j/e2e_ws/build/yolo_msgs' returned '0': CMAKE_PREFIX_PATH=${CMAKE_PREFIX_PATH}:/home/j/e2e_ws/install/yolo_ros:/home/j/e2e_ws/install/ros2_aruco:/opt/ros/humble /usr/bin/cmake --build /home/j/e2e_ws/build/yolo_msgs -- -j22 -l22
[0.518s] DEBUG:colcon.colcon_core.event_handler.log_command:Invoking command in '/home/j/e2e_ws/build/yolo_msgs': CMAKE_PREFIX_PATH=${CMAKE_PREFIX_PATH}:/home/j/e2e_ws/install/yolo_ros:/home/j/e2e_ws/install/ros2_aruco:/opt/ros/humble /usr/bin/cmake --install /home/j/e2e_ws/build/yolo_msgs
[0.562s] Level 1:colcon.colcon_core.environment:create_environment_scripts_only(turtlebot3_gazebo)
[0.562s] Level 1:colcon.colcon_core.environment:checking '/home/j/e2e_ws/install/turtlebot3_gazebo' for CMake module files
[0.563s] Level 1:colcon.colcon_core.environment:checking '/home/j/e2e_ws/install/turtlebot3_gazebo' for CMake config files
[0.563s] Level 1:colcon.colcon_core.shell:create_environment_hook('turtlebot3_gazebo', 'cmake_prefix_path')
[0.564s] INFO:colcon.colcon_core.shell:Creating environment hook '/home/j/e2e_ws/install/turtlebot3_gazebo/share/turtlebot3_gazebo/hook/cmake_prefix_path.ps1'
[0.565s] INFO:colcon.colcon_core.shell:Creating environment descriptor '/home/j/e2e_ws/install/turtlebot3_gazebo/share/turtlebot3_gazebo/hook/cmake_prefix_path.dsv'
[0.565s] INFO:colcon.colcon_core.shell:Creating environment hook '/home/j/e2e_ws/install/turtlebot3_gazebo/share/turtlebot3_gazebo/hook/cmake_prefix_path.sh'
[0.566s] DEBUG:colcon.colcon_core.event_handler.log_command:Invoked command in '/home/j/e2e_ws/build/turtlebot3_gazebo' returned '0': CMAKE_PREFIX_PATH=${CMAKE_PREFIX_PATH}:/home/j/e2e_ws/install/yolo_ros:/home/j/e2e_ws/install/ros2_aruco:/opt/ros/humble /usr/bin/cmake --install /home/j/e2e_ws/build/turtlebot3_gazebo
[0.569s] Level 1:colcon.colcon_core.environment:checking '/home/j/e2e_ws/install/turtlebot3_gazebo/lib'
[0.570s] Level 1:colcon.colcon_core.environment:checking '/home/j/e2e_ws/install/turtlebot3_gazebo/bin'
[0.571s] Level 1:colcon.colcon_core.environment:checking '/home/j/e2e_ws/install/turtlebot3_gazebo/lib/pkgconfig/turtlebot3_gazebo.pc'
[0.572s] Level 1:colcon.colcon_core.environment:checking '/home/j/e2e_ws/install/turtlebot3_gazebo/lib/python3.10/site-packages'
[0.572s] Level 1:colcon.colcon_core.environment:checking '/home/j/e2e_ws/install/turtlebot3_gazebo/bin'
[0.573s] INFO:colcon.colcon_core.shell:Creating package script '/home/j/e2e_ws/install/turtlebot3_gazebo/share/turtlebot3_gazebo/package.ps1'
[0.573s] INFO:colcon.colcon_core.shell:Creating package descriptor '/home/j/e2e_ws/install/turtlebot3_gazebo/share/turtlebot3_gazebo/package.dsv'
[0.574s] INFO:colcon.colcon_core.shell:Creating package script '/home/j/e2e_ws/install/turtlebot3_gazebo/share/turtlebot3_gazebo/package.sh'
[0.574s] INFO:colcon.colcon_core.shell:Creating package script '/home/j/e2e_ws/install/turtlebot3_gazebo/share/turtlebot3_gazebo/package.bash'
[0.574s] INFO:colcon.colcon_core.shell:Creating package script '/home/j/e2e_ws/install/turtlebot3_gazebo/share/turtlebot3_gazebo/package.zsh'
[0.574s] Level 1:colcon.colcon_core.environment:create_file_with_runtime_dependencies(/home/j/e2e_ws/install/turtlebot3_gazebo/share/colcon-core/packages/turtlebot3_gazebo)
[0.575s] Level 1:colcon.colcon_core.environment:create_environment_scripts_only(turtlebot3_gazebo)
[0.575s] Level 1:colcon.colcon_core.environment:checking '/home/j/e2e_ws/install/turtlebot3_gazebo' for CMake module files
[0.575s] Level 1:colcon.colcon_core.environment:checking '/home/j/e2e_ws/install/turtlebot3_gazebo' for CMake config files
[0.575s] Level 1:colcon.colcon_core.shell:create_environment_hook('turtlebot3_gazebo', 'cmake_prefix_path')
[0.576s] INFO:colcon.colcon_core.shell:Creating environment hook '/home/j/e2e_ws/install/turtlebot3_gazebo/share/turtlebot3_gazebo/hook/cmake_prefix_path.ps1'
[0.576s] INFO:colcon.colcon_core.shell:Creating environment descriptor '/home/j/e2e_ws/install/turtlebot3_gazebo/share/turtlebot3_gazebo/hook/cmake_prefix_path.dsv'
[0.576s] INFO:colcon.colcon_core.shell:Creating environment hook '/home/j/e2e_ws/install/turtlebot3_gazebo/share/turtlebot3_gazebo/hook/cmake_prefix_path.sh'
[0.576s] Level 1:colcon.colcon_core.environment:checking '/home/j/e2e_ws/install/turtlebot3_gazebo/lib'
[0.576s] Level 1:colcon.colcon_core.environment:checking '/home/j/e2e_ws/install/turtlebot3_gazebo/bin'
[0.577s] Level 1:colcon.colcon_core.environment:checking '/home/j/e2e_ws/install/turtlebot3_gazebo/lib/pkgconfig/turtlebot3_gazebo.pc'
[0.577s] Level 1:colcon.colcon_core.environment:checking '/home/j/e2e_ws/install/turtlebot3_gazebo/lib/python3.10/site-packages'
[0.577s] Level 1:colcon.colcon_core.environment:checking '/home/j/e2e_ws/install/turtlebot3_gazebo/bin'
[0.577s] INFO:colcon.colcon_core.shell:Creating package script '/home/j/e2e_ws/install/turtlebot3_gazebo/share/turtlebot3_gazebo/package.ps1'
[0.577s] INFO:colcon.colcon_core.shell:Creating package descriptor '/home/j/e2e_ws/install/turtlebot3_gazebo/share/turtlebot3_gazebo/package.dsv'
[0.578s] INFO:colcon.colcon_core.shell:Creating package script '/home/j/e2e_ws/install/turtlebot3_gazebo/share/turtlebot3_gazebo/package.sh'
[0.578s] INFO:colcon.colcon_core.shell:Creating package script '/home/j/e2e_ws/install/turtlebot3_gazebo/share/turtlebot3_gazebo/package.bash'
[0.578s] INFO:colcon.colcon_core.shell:Creating package script '/home/j/e2e_ws/install/turtlebot3_gazebo/share/turtlebot3_gazebo/package.zsh'
[0.578s] Level 1:colcon.colcon_core.environment:create_file_with_runtime_dependencies(/home/j/e2e_ws/install/turtlebot3_gazebo/share/colcon-core/packages/turtlebot3_gazebo)
[0.579s] INFO:colcon.colcon_ros.task.ament_cmake.build:Building ROS package in '/home/j/e2e_ws/src/turtlebot3_simulations-humble/turtlebot3_simulations' with build type 'ament_cmake'
[0.579s] INFO:colcon.colcon_cmake.task.cmake.build:Building CMake package in '/home/j/e2e_ws/src/turtlebot3_simulations-humble/turtlebot3_simulations'
[0.579s] INFO:colcon.colcon_core.shell:Skip shell extension 'powershell' for command environment: Not usable outside of PowerShell
[0.579s] DEBUG:colcon.colcon_core.shell:Skip shell extension 'dsv' for command environment
[0.582s] Level 1:colcon.colcon_core.environment:create_environment_scripts_only(yolo_msgs)
[0.583s] Level 1:colcon.colcon_core.environment:checking '/home/j/e2e_ws/install/yolo_msgs' for CMake module files
[0.583s] DEBUG:colcon.colcon_core.event_handler.log_command:Invoked command in '/home/j/e2e_ws/build/yolo_msgs' returned '0': CMAKE_PREFIX_PATH=${CMAKE_PREFIX_PATH}:/home/j/e2e_ws/install/yolo_ros:/home/j/e2e_ws/install/ros2_aruco:/opt/ros/humble /usr/bin/cmake --install /home/j/e2e_ws/build/yolo_msgs
[0.583s] Level 1:colcon.colcon_core.environment:checking '/home/j/e2e_ws/install/yolo_msgs' for CMake config files
[0.584s] Level 1:colcon.colcon_core.shell:create_environment_hook('yolo_msgs', 'cmake_prefix_path')
[0.585s] INFO:colcon.colcon_core.shell:Creating environment hook '/home/j/e2e_ws/install/yolo_msgs/share/yolo_msgs/hook/cmake_prefix_path.ps1'
[0.585s] INFO:colcon.colcon_core.shell:Creating environment descriptor '/home/j/e2e_ws/install/yolo_msgs/share/yolo_msgs/hook/cmake_prefix_path.dsv'
[0.585s] INFO:colcon.colcon_core.shell:Creating environment hook '/home/j/e2e_ws/install/yolo_msgs/share/yolo_msgs/hook/cmake_prefix_path.sh'
[0.586s] Level 1:colcon.colcon_core.environment:checking '/home/j/e2e_ws/install/yolo_msgs/lib'
[0.586s] Level 1:colcon.colcon_core.shell:create_environment_hook('yolo_msgs', 'ld_library_path_lib')
[0.586s] INFO:colcon.colcon_core.shell:Creating environment hook '/home/j/e2e_ws/install/yolo_msgs/share/yolo_msgs/hook/ld_library_path_lib.ps1'
[0.587s] INFO:colcon.colcon_core.shell:Creating environment descriptor '/home/j/e2e_ws/install/yolo_msgs/share/yolo_msgs/hook/ld_library_path_lib.dsv'
[0.587s] INFO:colcon.colcon_core.shell:Creating environment hook '/home/j/e2e_ws/install/yolo_msgs/share/yolo_msgs/hook/ld_library_path_lib.sh'
[0.587s] Level 1:colcon.colcon_core.environment:checking '/home/j/e2e_ws/install/yolo_msgs/bin'
[0.588s] Level 1:colcon.colcon_core.environment:checking '/home/j/e2e_ws/install/yolo_msgs/lib/pkgconfig/yolo_msgs.pc'
[0.588s] Level 1:colcon.colcon_core.environment:checking '/home/j/e2e_ws/install/yolo_msgs/lib/python3.10/site-packages'
[0.588s] Level 1:colcon.colcon_core.environment:checking '/home/j/e2e_ws/install/yolo_msgs/bin'
[0.588s] INFO:colcon.colcon_core.shell:Creating package script '/home/j/e2e_ws/install/yolo_msgs/share/yolo_msgs/package.ps1'
[0.589s] INFO:colcon.colcon_core.shell:Creating package descriptor '/home/j/e2e_ws/install/yolo_msgs/share/yolo_msgs/package.dsv'
[0.589s] INFO:colcon.colcon_core.shell:Creating package script '/home/j/e2e_ws/install/yolo_msgs/share/yolo_msgs/package.sh'
[0.590s] INFO:colcon.colcon_core.shell:Creating package script '/home/j/e2e_ws/install/yolo_msgs/share/yolo_msgs/package.bash'
[0.590s] INFO:colcon.colcon_core.shell:Creating package script '/home/j/e2e_ws/install/yolo_msgs/share/yolo_msgs/package.zsh'
[0.591s] Level 1:colcon.colcon_core.environment:create_file_with_runtime_dependencies(/home/j/e2e_ws/install/yolo_msgs/share/colcon-core/packages/yolo_msgs)
[0.591s] Level 1:colcon.colcon_core.environment:create_environment_scripts_only(yolo_msgs)
[0.592s] Level 1:colcon.colcon_core.environment:checking '/home/j/e2e_ws/install/yolo_msgs' for CMake module files
[0.593s] Level 1:colcon.colcon_core.environment:checking '/home/j/e2e_ws/install/yolo_msgs' for CMake config files
[0.594s] Level 1:colcon.colcon_core.shell:create_environment_hook('yolo_msgs', 'cmake_prefix_path')
[0.594s] INFO:colcon.colcon_core.shell:Creating environment hook '/home/j/e2e_ws/install/yolo_msgs/share/yolo_msgs/hook/cmake_prefix_path.ps1'
[0.594s] INFO:colcon.colcon_core.shell:Creating environment descriptor '/home/j/e2e_ws/install/yolo_msgs/share/yolo_msgs/hook/cmake_prefix_path.dsv'
[0.595s] INFO:colcon.colcon_core.shell:Creating environment hook '/home/j/e2e_ws/install/yolo_msgs/share/yolo_msgs/hook/cmake_prefix_path.sh'
[0.598s] Level 1:colcon.colcon_core.environment:checking '/home/j/e2e_ws/install/yolo_msgs/lib'
[0.599s] Level 1:colcon.colcon_core.shell:create_environment_hook('yolo_msgs', 'ld_library_path_lib')
[0.599s] INFO:colcon.colcon_core.shell:Creating environment hook '/home/j/e2e_ws/install/yolo_msgs/share/yolo_msgs/hook/ld_library_path_lib.ps1'
[0.599s] INFO:colcon.colcon_core.shell:Creating environment descriptor '/home/j/e2e_ws/install/yolo_msgs/share/yolo_msgs/hook/ld_library_path_lib.dsv'
[0.600s] INFO:colcon.colcon_core.shell:Creating environment hook '/home/j/e2e_ws/install/yolo_msgs/share/yolo_msgs/hook/ld_library_path_lib.sh'
[0.600s] Level 1:colcon.colcon_core.environment:checking '/home/j/e2e_ws/install/yolo_msgs/bin'
[0.600s] Level 1:colcon.colcon_core.environment:checking '/home/j/e2e_ws/install/yolo_msgs/lib/pkgconfig/yolo_msgs.pc'
[0.601s] Level 1:colcon.colcon_core.environment:checking '/home/j/e2e_ws/install/yolo_msgs/lib/python3.10/site-packages'
[0.601s] Level 1:colcon.colcon_core.environment:checking '/home/j/e2e_ws/install/yolo_msgs/bin'
[0.602s] INFO:colcon.colcon_core.shell:Creating package script '/home/j/e2e_ws/install/yolo_msgs/share/yolo_msgs/package.ps1'
[0.602s] INFO:colcon.colcon_core.shell:Creating package descriptor '/home/j/e2e_ws/install/yolo_msgs/share/yolo_msgs/package.dsv'
[0.603s] INFO:colcon.colcon_core.shell:Creating package script '/home/j/e2e_ws/install/yolo_msgs/share/yolo_msgs/package.sh'
[0.604s] INFO:colcon.colcon_core.shell:Creating package script '/home/j/e2e_ws/install/yolo_msgs/share/yolo_msgs/package.bash'
[0.604s] INFO:colcon.colcon_core.shell:Creating package script '/home/j/e2e_ws/install/yolo_msgs/share/yolo_msgs/package.zsh'
[0.605s] Level 1:colcon.colcon_core.environment:create_file_with_runtime_dependencies(/home/j/e2e_ws/install/yolo_msgs/share/colcon-core/packages/yolo_msgs)
[0.605s] INFO:colcon.colcon_ros.task.ament_python.build:Building ROS package in '/home/j/e2e_ws/src/yolo_ros/yolo_ros' with build type 'ament_python'
[0.605s] Level 1:colcon.colcon_core.shell:create_environment_hook('yolo_ros', 'ament_prefix_path')
[0.606s] INFO:colcon.colcon_core.shell:Creating environment hook '/home/j/e2e_ws/install/yolo_ros/share/yolo_ros/hook/ament_prefix_path.ps1'
[0.606s] INFO:colcon.colcon_core.shell:Creating environment descriptor '/home/j/e2e_ws/install/yolo_ros/share/yolo_ros/hook/ament_prefix_path.dsv'
[0.606s] INFO:colcon.colcon_core.shell:Creating environment hook '/home/j/e2e_ws/install/yolo_ros/share/yolo_ros/hook/ament_prefix_path.sh'
[0.607s] INFO:colcon.colcon_core.shell:Skip shell extension 'powershell' for command environment: Not usable outside of PowerShell
[0.607s] DEBUG:colcon.colcon_core.shell:Skip shell extension 'dsv' for command environment
[0.611s] INFO:colcon.colcon_ros.task.ament_python.build:Building ROS package in '/home/j/e2e_ws/src/image_fusion' with build type 'ament_python'
[0.612s] Level 1:colcon.colcon_core.shell:create_environment_hook('image_fusion', 'ament_prefix_path')
[0.612s] INFO:colcon.colcon_core.shell:Creating environment hook '/home/j/e2e_ws/install/image_fusion/share/image_fusion/hook/ament_prefix_path.ps1'
[0.612s] INFO:colcon.colcon_core.shell:Creating environment descriptor '/home/j/e2e_ws/install/image_fusion/share/image_fusion/hook/ament_prefix_path.dsv'
[0.613s] INFO:colcon.colcon_core.shell:Creating environment hook '/home/j/e2e_ws/install/image_fusion/share/image_fusion/hook/ament_prefix_path.sh'
[0.613s] INFO:colcon.colcon_core.shell:Skip shell extension 'powershell' for command environment: Not usable outside of PowerShell
[0.613s] DEBUG:colcon.colcon_core.shell:Skip shell extension 'dsv' for command environment
[0.620s] DEBUG:colcon.colcon_core.event_handler.log_command:Invoking command in '/home/j/e2e_ws/build/turtlebot3_simulations': CMAKE_PREFIX_PATH=/home/j/e2e_ws/install/turtlebot3_gazebo:/home/j/e2e_ws/install/turtlebot3_fake_node:/home/j/e2e_ws/install/image_fusion:/home/j/e2e_ws/install/yolo_bringup:/home/j/e2e_ws/install/image_fusion_node:/home/j/e2e_ws/install/yolo_msgs:/home/j/e2e_ws/install/turtlebot3_simulations:/home/j/e2e_ws/install/ros2_aruco_interfaces:/home/j/e2e_ws/install/e2e_meta:/home/j/e2e_ws/install/delbot:/home/j/e2e_ws/install/yolo_ros:/home/j/e2e_ws/install/ros2_aruco:/opt/ros/humble /usr/bin/cmake /home/j/e2e_ws/src/turtlebot3_simulations-humble/turtlebot3_simulations -DCMAKE_INSTALL_PREFIX=/home/j/e2e_ws/install/turtlebot3_simulations
[0.805s] INFO:colcon.colcon_core.task.python.build:Building Python package in '/home/j/e2e_ws/src/yolo_ros/yolo_ros'
[0.805s] INFO:colcon.colcon_core.shell:Skip shell extension 'powershell' for command environment: Not usable outside of PowerShell
[0.805s] DEBUG:colcon.colcon_core.shell:Skip shell extension 'dsv' for command environment
[0.993s] INFO:colcon.colcon_core.task.python.build:Building Python package in '/home/j/e2e_ws/src/image_fusion'
[0.993s] INFO:colcon.colcon_core.shell:Skip shell extension 'powershell' for command environment: Not usable outside of PowerShell
[0.993s] DEBUG:colcon.colcon_core.shell:Skip shell extension 'dsv' for command environment
[1.000s] DEBUG:colcon.colcon_core.event_handler.log_command:Invoking command in '/home/j/e2e_ws/src/ros2_aruco/ros2_aruco': PYTHONPATH=/home/j/e2e_ws/build/ros2_aruco/prefix_override:/usr/lib/python3/dist-packages/colcon_core/task/python/colcon_distutils_commands:/home/j/e2e_ws/install/ros2_aruco/lib/python3.10/site-packages:${PYTHONPATH} /usr/bin/python3 -W ignore:setup.py install is deprecated -W ignore:easy_install command is deprecated setup.py egg_info --egg-base ../../../build/ros2_aruco build --build-base /home/j/e2e_ws/build/ros2_aruco/build install --record /home/j/e2e_ws/build/ros2_aruco/install.log --single-version-externally-managed install_data
[1.000s] DEBUG:colcon.colcon_core.event_handler.log_command:Invoked command in '/home/j/e2e_ws/build/ros2_aruco_interfaces' returned '0': CMAKE_PREFIX_PATH=${CMAKE_PREFIX_PATH}:/home/j/e2e_ws/install/yolo_ros:/home/j/e2e_ws/install/ros2_aruco:/opt/ros/humble /usr/bin/cmake --build /home/j/e2e_ws/build/ros2_aruco_interfaces -- -j22 -l22
[1.001s] DEBUG:colcon.colcon_core.event_handler.log_command:Invoking command in '/home/j/e2e_ws/build/ros2_aruco_interfaces': CMAKE_PREFIX_PATH=${CMAKE_PREFIX_PATH}:/home/j/e2e_ws/install/yolo_ros:/home/j/e2e_ws/install/ros2_aruco:/opt/ros/humble /usr/bin/cmake --install /home/j/e2e_ws/build/ros2_aruco_interfaces
[1.036s] Level 1:colcon.colcon_core.environment:create_environment_scripts_only(ros2_aruco_interfaces)
[1.037s] Level 1:colcon.colcon_core.environment:checking '/home/j/e2e_ws/install/ros2_aruco_interfaces' for CMake module files
[1.037s] DEBUG:colcon.colcon_core.event_handler.log_command:Invoked command in '/home/j/e2e_ws/build/ros2_aruco_interfaces' returned '0': CMAKE_PREFIX_PATH=${CMAKE_PREFIX_PATH}:/home/j/e2e_ws/install/yolo_ros:/home/j/e2e_ws/install/ros2_aruco:/opt/ros/humble /usr/bin/cmake --install /home/j/e2e_ws/build/ros2_aruco_interfaces
[1.037s] Level 1:colcon.colcon_core.environment:checking '/home/j/e2e_ws/install/ros2_aruco_interfaces' for CMake config files
[1.038s] Level 1:colcon.colcon_core.shell:create_environment_hook('ros2_aruco_interfaces', 'cmake_prefix_path')
[1.038s] INFO:colcon.colcon_core.shell:Creating environment hook '/home/j/e2e_ws/install/ros2_aruco_interfaces/share/ros2_aruco_interfaces/hook/cmake_prefix_path.ps1'
[1.039s] INFO:colcon.colcon_core.shell:Creating environment descriptor '/home/j/e2e_ws/install/ros2_aruco_interfaces/share/ros2_aruco_interfaces/hook/cmake_prefix_path.dsv'
[1.039s] INFO:colcon.colcon_core.shell:Creating environment hook '/home/j/e2e_ws/install/ros2_aruco_interfaces/share/ros2_aruco_interfaces/hook/cmake_prefix_path.sh'
[1.040s] Level 1:colcon.colcon_core.environment:checking '/home/j/e2e_ws/install/ros2_aruco_interfaces/lib'
[1.040s] Level 1:colcon.colcon_core.shell:create_environment_hook('ros2_aruco_interfaces', 'ld_library_path_lib')
[1.040s] INFO:colcon.colcon_core.shell:Creating environment hook '/home/j/e2e_ws/install/ros2_aruco_interfaces/share/ros2_aruco_interfaces/hook/ld_library_path_lib.ps1'
[1.041s] INFO:colcon.colcon_core.shell:Creating environment descriptor '/home/j/e2e_ws/install/ros2_aruco_interfaces/share/ros2_aruco_interfaces/hook/ld_library_path_lib.dsv'
[1.041s] INFO:colcon.colcon_core.shell:Creating environment hook '/home/j/e2e_ws/install/ros2_aruco_interfaces/share/ros2_aruco_interfaces/hook/ld_library_path_lib.sh'
[1.041s] Level 1:colcon.colcon_core.environment:checking '/home/j/e2e_ws/install/ros2_aruco_interfaces/bin'
[1.041s] Level 1:colcon.colcon_core.environment:checking '/home/j/e2e_ws/install/ros2_aruco_interfaces/lib/pkgconfig/ros2_aruco_interfaces.pc'
[1.042s] Level 1:colcon.colcon_core.environment:checking '/home/j/e2e_ws/install/ros2_aruco_interfaces/lib/python3.10/site-packages'
[1.042s] Level 1:colcon.colcon_core.environment:checking '/home/j/e2e_ws/install/ros2_aruco_interfaces/bin'
[1.042s] INFO:colcon.colcon_core.shell:Creating package script '/home/j/e2e_ws/install/ros2_aruco_interfaces/share/ros2_aruco_interfaces/package.ps1'
[1.042s] INFO:colcon.colcon_core.shell:Creating package descriptor '/home/j/e2e_ws/install/ros2_aruco_interfaces/share/ros2_aruco_interfaces/package.dsv'
[1.043s] INFO:colcon.colcon_core.shell:Creating package script '/home/j/e2e_ws/install/ros2_aruco_interfaces/share/ros2_aruco_interfaces/package.sh'
[1.043s] INFO:colcon.colcon_core.shell:Creating package script '/home/j/e2e_ws/install/ros2_aruco_interfaces/share/ros2_aruco_interfaces/package.bash'
[1.043s] INFO:colcon.colcon_core.shell:Creating package script '/home/j/e2e_ws/install/ros2_aruco_interfaces/share/ros2_aruco_interfaces/package.zsh'
[1.043s] Level 1:colcon.colcon_core.environment:create_file_with_runtime_dependencies(/home/j/e2e_ws/install/ros2_aruco_interfaces/share/colcon-core/packages/ros2_aruco_interfaces)
[1.044s] Level 1:colcon.colcon_core.environment:create_environment_scripts_only(ros2_aruco_interfaces)
[1.044s] Level 1:colcon.colcon_core.environment:checking '/home/j/e2e_ws/install/ros2_aruco_interfaces' for CMake module files
[1.044s] Level 1:colcon.colcon_core.environment:checking '/home/j/e2e_ws/install/ros2_aruco_interfaces' for CMake config files
[1.045s] Level 1:colcon.colcon_core.shell:create_environment_hook('ros2_aruco_interfaces', 'cmake_prefix_path')
[1.045s] INFO:colcon.colcon_core.shell:Creating environment hook '/home/j/e2e_ws/install/ros2_aruco_interfaces/share/ros2_aruco_interfaces/hook/cmake_prefix_path.ps1'
[1.045s] INFO:colcon.colcon_core.shell:Creating environment descriptor '/home/j/e2e_ws/install/ros2_aruco_interfaces/share/ros2_aruco_interfaces/hook/cmake_prefix_path.dsv'
[1.045s] INFO:colcon.colcon_core.shell:Creating environment hook '/home/j/e2e_ws/install/ros2_aruco_interfaces/share/ros2_aruco_interfaces/hook/cmake_prefix_path.sh'
[1.046s] Level 1:colcon.colcon_core.environment:checking '/home/j/e2e_ws/install/ros2_aruco_interfaces/lib'
[1.046s] Level 1:colcon.colcon_core.shell:create_environment_hook('ros2_aruco_interfaces', 'ld_library_path_lib')
[1.046s] INFO:colcon.colcon_core.shell:Creating environment hook '/home/j/e2e_ws/install/ros2_aruco_interfaces/share/ros2_aruco_interfaces/hook/ld_library_path_lib.ps1'
[1.046s] INFO:colcon.colcon_core.shell:Creating environment descriptor '/home/j/e2e_ws/install/ros2_aruco_interfaces/share/ros2_aruco_interfaces/hook/ld_library_path_lib.dsv'
[1.046s] INFO:colcon.colcon_core.shell:Creating environment hook '/home/j/e2e_ws/install/ros2_aruco_interfaces/share/ros2_aruco_interfaces/hook/ld_library_path_lib.sh'
[1.047s] Level 1:colcon.colcon_core.environment:checking '/home/j/e2e_ws/install/ros2_aruco_interfaces/bin'
[1.047s] Level 1:colcon.colcon_core.environment:checking '/home/j/e2e_ws/install/ros2_aruco_interfaces/lib/pkgconfig/ros2_aruco_interfaces.pc'
[1.047s] Level 1:colcon.colcon_core.environment:checking '/home/j/e2e_ws/install/ros2_aruco_interfaces/lib/python3.10/site-packages'
[1.047s] Level 1:colcon.colcon_core.environment:checking '/home/j/e2e_ws/install/ros2_aruco_interfaces/bin'
[1.047s] INFO:colcon.colcon_core.shell:Creating package script '/home/j/e2e_ws/install/ros2_aruco_interfaces/share/ros2_aruco_interfaces/package.ps1'
[1.048s] INFO:colcon.colcon_core.shell:Creating package descriptor '/home/j/e2e_ws/install/ros2_aruco_interfaces/share/ros2_aruco_interfaces/package.dsv'
[1.048s] INFO:colcon.colcon_core.shell:Creating package script '/home/j/e2e_ws/install/ros2_aruco_interfaces/share/ros2_aruco_interfaces/package.sh'
[1.048s] INFO:colcon.colcon_core.shell:Creating package script '/home/j/e2e_ws/install/ros2_aruco_interfaces/share/ros2_aruco_interfaces/package.bash'
[1.048s] INFO:colcon.colcon_core.shell:Creating package script '/home/j/e2e_ws/install/ros2_aruco_interfaces/share/ros2_aruco_interfaces/package.zsh'
[1.049s] Level 1:colcon.colcon_core.environment:create_file_with_runtime_dependencies(/home/j/e2e_ws/install/ros2_aruco_interfaces/share/colcon-core/packages/ros2_aruco_interfaces)
[1.116s] DEBUG:colcon.colcon_core.event_handler.log_command:Invoked command in '/home/j/e2e_ws/build/turtlebot3_simulations' returned '0': CMAKE_PREFIX_PATH=/home/j/e2e_ws/install/turtlebot3_gazebo:/home/j/e2e_ws/install/turtlebot3_fake_node:/home/j/e2e_ws/install/image_fusion:/home/j/e2e_ws/install/yolo_bringup:/home/j/e2e_ws/install/image_fusion_node:/home/j/e2e_ws/install/yolo_msgs:/home/j/e2e_ws/install/turtlebot3_simulations:/home/j/e2e_ws/install/ros2_aruco_interfaces:/home/j/e2e_ws/install/e2e_meta:/home/j/e2e_ws/install/delbot:/home/j/e2e_ws/install/yolo_ros:/home/j/e2e_ws/install/ros2_aruco:/opt/ros/humble /usr/bin/cmake /home/j/e2e_ws/src/turtlebot3_simulations-humble/turtlebot3_simulations -DCMAKE_INSTALL_PREFIX=/home/j/e2e_ws/install/turtlebot3_simulations
[1.117s] DEBUG:colcon.colcon_core.event_handler.log_command:Invoking command in '/home/j/e2e_ws/build/turtlebot3_simulations': CMAKE_PREFIX_PATH=/home/j/e2e_ws/install/turtlebot3_gazebo:/home/j/e2e_ws/install/turtlebot3_fake_node:/home/j/e2e_ws/install/image_fusion:/home/j/e2e_ws/install/yolo_bringup:/home/j/e2e_ws/install/image_fusion_node:/home/j/e2e_ws/install/yolo_msgs:/home/j/e2e_ws/install/turtlebot3_simulations:/home/j/e2e_ws/install/ros2_aruco_interfaces:/home/j/e2e_ws/install/e2e_meta:/home/j/e2e_ws/install/delbot:/home/j/e2e_ws/install/yolo_ros:/home/j/e2e_ws/install/ros2_aruco:/opt/ros/humble /usr/bin/cmake --build /home/j/e2e_ws/build/turtlebot3_simulations -- -j22 -l22
[1.146s] DEBUG:colcon.colcon_core.event_handler.log_command:Invoked command in '/home/j/e2e_ws/build/turtlebot3_simulations' returned '0': CMAKE_PREFIX_PATH=/home/j/e2e_ws/install/turtlebot3_gazebo:/home/j/e2e_ws/install/turtlebot3_fake_node:/home/j/e2e_ws/install/image_fusion:/home/j/e2e_ws/install/yolo_bringup:/home/j/e2e_ws/install/image_fusion_node:/home/j/e2e_ws/install/yolo_msgs:/home/j/e2e_ws/install/turtlebot3_simulations:/home/j/e2e_ws/install/ros2_aruco_interfaces:/home/j/e2e_ws/install/e2e_meta:/home/j/e2e_ws/install/delbot:/home/j/e2e_ws/install/yolo_ros:/home/j/e2e_ws/install/ros2_aruco:/opt/ros/humble /usr/bin/cmake --build /home/j/e2e_ws/build/turtlebot3_simulations -- -j22 -l22
[1.150s] DEBUG:colcon.colcon_core.event_handler.log_command:Invoking command in '/home/j/e2e_ws/build/turtlebot3_simulations': CMAKE_PREFIX_PATH=/home/j/e2e_ws/install/turtlebot3_gazebo:/home/j/e2e_ws/install/turtlebot3_fake_node:/home/j/e2e_ws/install/image_fusion:/home/j/e2e_ws/install/yolo_bringup:/home/j/e2e_ws/install/image_fusion_node:/home/j/e2e_ws/install/yolo_msgs:/home/j/e2e_ws/install/turtlebot3_simulations:/home/j/e2e_ws/install/ros2_aruco_interfaces:/home/j/e2e_ws/install/e2e_meta:/home/j/e2e_ws/install/delbot:/home/j/e2e_ws/install/yolo_ros:/home/j/e2e_ws/install/ros2_aruco:/opt/ros/humble /usr/bin/cmake --install /home/j/e2e_ws/build/turtlebot3_simulations
[1.157s] Level 1:colcon.colcon_core.environment:create_environment_scripts_only(turtlebot3_simulations)
[1.157s] Level 1:colcon.colcon_core.environment:checking '/home/j/e2e_ws/install/turtlebot3_simulations' for CMake module files
[1.158s] DEBUG:colcon.colcon_core.event_handler.log_command:Invoked command in '/home/j/e2e_ws/build/turtlebot3_simulations' returned '0': CMAKE_PREFIX_PATH=/home/j/e2e_ws/install/turtlebot3_gazebo:/home/j/e2e_ws/install/turtlebot3_fake_node:/home/j/e2e_ws/install/image_fusion:/home/j/e2e_ws/install/yolo_bringup:/home/j/e2e_ws/install/image_fusion_node:/home/j/e2e_ws/install/yolo_msgs:/home/j/e2e_ws/install/turtlebot3_simulations:/home/j/e2e_ws/install/ros2_aruco_interfaces:/home/j/e2e_ws/install/e2e_meta:/home/j/e2e_ws/install/delbot:/home/j/e2e_ws/install/yolo_ros:/home/j/e2e_ws/install/ros2_aruco:/opt/ros/humble /usr/bin/cmake --install /home/j/e2e_ws/build/turtlebot3_simulations
[1.158s] Level 1:colcon.colcon_core.environment:checking '/home/j/e2e_ws/install/turtlebot3_simulations' for CMake config files
[1.158s] Level 1:colcon.colcon_core.shell:create_environment_hook('turtlebot3_simulations', 'cmake_prefix_path')
[1.158s] INFO:colcon.colcon_core.shell:Creating environment hook '/home/j/e2e_ws/install/turtlebot3_simulations/share/turtlebot3_simulations/hook/cmake_prefix_path.ps1'
[1.159s] INFO:colcon.colcon_core.shell:Creating environment descriptor '/home/j/e2e_ws/install/turtlebot3_simulations/share/turtlebot3_simulations/hook/cmake_prefix_path.dsv'
[1.159s] INFO:colcon.colcon_core.shell:Creating environment hook '/home/j/e2e_ws/install/turtlebot3_simulations/share/turtlebot3_simulations/hook/cmake_prefix_path.sh'
[1.159s] Level 1:colcon.colcon_core.environment:checking '/home/j/e2e_ws/install/turtlebot3_simulations/bin'
[1.159s] Level 1:colcon.colcon_core.environment:checking '/home/j/e2e_ws/install/turtlebot3_simulations/lib/pkgconfig/turtlebot3_simulations.pc'
[1.160s] Level 1:colcon.colcon_core.environment:checking '/home/j/e2e_ws/install/turtlebot3_simulations/lib/python3.10/site-packages'
[1.160s] Level 1:colcon.colcon_core.environment:checking '/home/j/e2e_ws/install/turtlebot3_simulations/bin'
[1.160s] INFO:colcon.colcon_core.shell:Creating package script '/home/j/e2e_ws/install/turtlebot3_simulations/share/turtlebot3_simulations/package.ps1'
[1.160s] INFO:colcon.colcon_core.shell:Creating package descriptor '/home/j/e2e_ws/install/turtlebot3_simulations/share/turtlebot3_simulations/package.dsv'
[1.161s] INFO:colcon.colcon_core.shell:Creating package script '/home/j/e2e_ws/install/turtlebot3_simulations/share/turtlebot3_simulations/package.sh'
[1.161s] INFO:colcon.colcon_core.shell:Creating package script '/home/j/e2e_ws/install/turtlebot3_simulations/share/turtlebot3_simulations/package.bash'
[1.161s] INFO:colcon.colcon_core.shell:Creating package script '/home/j/e2e_ws/install/turtlebot3_simulations/share/turtlebot3_simulations/package.zsh'
[1.161s] Level 1:colcon.colcon_core.environment:create_file_with_runtime_dependencies(/home/j/e2e_ws/install/turtlebot3_simulations/share/colcon-core/packages/turtlebot3_simulations)
[1.162s] Level 1:colcon.colcon_core.environment:create_environment_scripts_only(turtlebot3_simulations)
[1.162s] Level 1:colcon.colcon_core.environment:checking '/home/j/e2e_ws/install/turtlebot3_simulations' for CMake module files
[1.162s] Level 1:colcon.colcon_core.environment:checking '/home/j/e2e_ws/install/turtlebot3_simulations' for CMake config files
[1.162s] Level 1:colcon.colcon_core.shell:create_environment_hook('turtlebot3_simulations', 'cmake_prefix_path')
[1.162s] INFO:colcon.colcon_core.shell:Creating environment hook '/home/j/e2e_ws/install/turtlebot3_simulations/share/turtlebot3_simulations/hook/cmake_prefix_path.ps1'
[1.163s] INFO:colcon.colcon_core.shell:Creating environment descriptor '/home/j/e2e_ws/install/turtlebot3_simulations/share/turtlebot3_simulations/hook/cmake_prefix_path.dsv'
[1.163s] INFO:colcon.colcon_core.shell:Creating environment hook '/home/j/e2e_ws/install/turtlebot3_simulations/share/turtlebot3_simulations/hook/cmake_prefix_path.sh'
[1.163s] Level 1:colcon.colcon_core.environment:checking '/home/j/e2e_ws/install/turtlebot3_simulations/bin'
[1.163s] Level 1:colcon.colcon_core.environment:checking '/home/j/e2e_ws/install/turtlebot3_simulations/lib/pkgconfig/turtlebot3_simulations.pc'
[1.164s] Level 1:colcon.colcon_core.environment:checking '/home/j/e2e_ws/install/turtlebot3_simulations/lib/python3.10/site-packages'
[1.164s] Level 1:colcon.colcon_core.environment:checking '/home/j/e2e_ws/install/turtlebot3_simulations/bin'
[1.164s] INFO:colcon.colcon_core.shell:Creating package script '/home/j/e2e_ws/install/turtlebot3_simulations/share/turtlebot3_simulations/package.ps1'
[1.164s] INFO:colcon.colcon_core.shell:Creating package descriptor '/home/j/e2e_ws/install/turtlebot3_simulations/share/turtlebot3_simulations/package.dsv'
[1.165s] INFO:colcon.colcon_core.shell:Creating package script '/home/j/e2e_ws/install/turtlebot3_simulations/share/turtlebot3_simulations/package.sh'
[1.165s] INFO:colcon.colcon_core.shell:Creating package script '/home/j/e2e_ws/install/turtlebot3_simulations/share/turtlebot3_simulations/package.bash'
[1.165s] INFO:colcon.colcon_core.shell:Creating package script '/home/j/e2e_ws/install/turtlebot3_simulations/share/turtlebot3_simulations/package.zsh'
[1.166s] Level 1:colcon.colcon_core.environment:create_file_with_runtime_dependencies(/home/j/e2e_ws/install/turtlebot3_simulations/share/colcon-core/packages/turtlebot3_simulations)
[1.209s] Level 1:colcon.colcon_core.environment:checking '/home/j/e2e_ws/install/ros2_aruco' for CMake module files
[1.209s] DEBUG:colcon.colcon_core.event_handler.log_command:Invoked command in '/home/j/e2e_ws/src/ros2_aruco/ros2_aruco' returned '0': PYTHONPATH=/home/j/e2e_ws/build/ros2_aruco/prefix_override:/usr/lib/python3/dist-packages/colcon_core/task/python/colcon_distutils_commands:/home/j/e2e_ws/install/ros2_aruco/lib/python3.10/site-packages:${PYTHONPATH} /usr/bin/python3 -W ignore:setup.py install is deprecated -W ignore:easy_install command is deprecated setup.py egg_info --egg-base ../../../build/ros2_aruco build --build-base /home/j/e2e_ws/build/ros2_aruco/build install --record /home/j/e2e_ws/build/ros2_aruco/install.log --single-version-externally-managed install_data
[1.210s] Level 1:colcon.colcon_core.environment:checking '/home/j/e2e_ws/install/ros2_aruco' for CMake config files
[1.211s] Level 1:colcon.colcon_core.environment:checking '/home/j/e2e_ws/install/ros2_aruco/lib'
[1.211s] Level 1:colcon.colcon_core.environment:checking '/home/j/e2e_ws/install/ros2_aruco/bin'
[1.211s] Level 1:colcon.colcon_core.environment:checking '/home/j/e2e_ws/install/ros2_aruco/lib/pkgconfig/ros2_aruco.pc'
[1.211s] Level 1:colcon.colcon_core.environment:checking '/home/j/e2e_ws/install/ros2_aruco/lib/python3.10/site-packages'
[1.211s] Level 1:colcon.colcon_core.shell:create_environment_hook('ros2_aruco', 'pythonpath')
[1.211s] INFO:colcon.colcon_core.shell:Creating environment hook '/home/j/e2e_ws/install/ros2_aruco/share/ros2_aruco/hook/pythonpath.ps1'
[1.212s] INFO:colcon.colcon_core.shell:Creating environment descriptor '/home/j/e2e_ws/install/ros2_aruco/share/ros2_aruco/hook/pythonpath.dsv'
[1.212s] INFO:colcon.colcon_core.shell:Creating environment hook '/home/j/e2e_ws/install/ros2_aruco/share/ros2_aruco/hook/pythonpath.sh'
[1.212s] Level 1:colcon.colcon_core.environment:checking '/home/j/e2e_ws/install/ros2_aruco/bin'
[1.212s] Level 1:colcon.colcon_core.environment:create_environment_scripts_only(ros2_aruco)
[1.213s] INFO:colcon.colcon_core.shell:Creating package script '/home/j/e2e_ws/install/ros2_aruco/share/ros2_aruco/package.ps1'
[1.213s] INFO:colcon.colcon_core.shell:Creating package descriptor '/home/j/e2e_ws/install/ros2_aruco/share/ros2_aruco/package.dsv'
[1.213s] INFO:colcon.colcon_core.shell:Creating package script '/home/j/e2e_ws/install/ros2_aruco/share/ros2_aruco/package.sh'
[1.214s] INFO:colcon.colcon_core.shell:Creating package script '/home/j/e2e_ws/install/ros2_aruco/share/ros2_aruco/package.bash'
[1.214s] INFO:colcon.colcon_core.shell:Creating package script '/home/j/e2e_ws/install/ros2_aruco/share/ros2_aruco/package.zsh'
[1.214s] Level 1:colcon.colcon_core.environment:create_file_with_runtime_dependencies(/home/j/e2e_ws/install/ros2_aruco/share/colcon-core/packages/ros2_aruco)
[1.230s] DEBUG:colcon.colcon_core.event_handler.log_command:Invoking command in '/home/j/e2e_ws/src/image_fusion': CMAKE_PREFIX_PATH=/home/j/e2e_ws/install/yolo_msgs:/home/j/e2e_ws/install/image_fusion:/home/j/e2e_ws/install/yolo_bringup:/home/j/e2e_ws/install/image_fusion_node:/home/j/e2e_ws/install/turtlebot3_simulations:/home/j/e2e_ws/install/turtlebot3_gazebo:/home/j/e2e_ws/install/turtlebot3_fake_node:/home/j/e2e_ws/install/ros2_aruco_interfaces:/home/j/e2e_ws/install/e2e_meta:/home/j/e2e_ws/install/delbot PYTHONPATH=/home/j/e2e_ws/build/image_fusion/prefix_override:/usr/lib/python3/dist-packages/colcon_core/task/python/colcon_distutils_commands:/home/j/e2e_ws/install/image_fusion/lib/python3.10/site-packages:${PYTHONPATH} /usr/bin/python3 -W ignore:setup.py install is deprecated -W ignore:easy_install command is deprecated setup.py egg_info --egg-base ../../build/image_fusion build --build-base /home/j/e2e_ws/build/image_fusion/build install --record /home/j/e2e_ws/build/image_fusion/install.log --single-version-externally-managed install_data
[1.238s] DEBUG:colcon.colcon_core.event_handler.log_command:Invoking command in '/home/j/e2e_ws/src/yolo_ros/yolo_ros': CMAKE_PREFIX_PATH=/home/j/e2e_ws/install/yolo_msgs:/home/j/e2e_ws/install/image_fusion:/home/j/e2e_ws/install/yolo_bringup:/home/j/e2e_ws/install/image_fusion_node:/home/j/e2e_ws/install/turtlebot3_simulations:/home/j/e2e_ws/install/turtlebot3_gazebo:/home/j/e2e_ws/install/turtlebot3_fake_node:/home/j/e2e_ws/install/ros2_aruco_interfaces:/home/j/e2e_ws/install/e2e_meta:/home/j/e2e_ws/install/delbot PYTHONPATH=/home/j/e2e_ws/build/yolo_ros/prefix_override:/usr/lib/python3/dist-packages/colcon_core/task/python/colcon_distutils_commands:/home/j/e2e_ws/install/yolo_ros/lib/python3.10/site-packages:${PYTHONPATH} /usr/bin/python3 -W ignore:setup.py install is deprecated -W ignore:easy_install command is deprecated setup.py egg_info --egg-base ../../../build/yolo_ros build --build-base /home/j/e2e_ws/build/yolo_ros/build install --record /home/j/e2e_ws/build/yolo_ros/install.log --single-version-externally-managed install_data
[1.431s] Level 1:colcon.colcon_core.environment:checking '/home/j/e2e_ws/install/image_fusion' for CMake module files
[1.431s] DEBUG:colcon.colcon_core.event_handler.log_command:Invoked command in '/home/j/e2e_ws/src/image_fusion' returned '0': CMAKE_PREFIX_PATH=/home/j/e2e_ws/install/yolo_msgs:/home/j/e2e_ws/install/image_fusion:/home/j/e2e_ws/install/yolo_bringup:/home/j/e2e_ws/install/image_fusion_node:/home/j/e2e_ws/install/turtlebot3_simulations:/home/j/e2e_ws/install/turtlebot3_gazebo:/home/j/e2e_ws/install/turtlebot3_fake_node:/home/j/e2e_ws/install/ros2_aruco_interfaces:/home/j/e2e_ws/install/e2e_meta:/home/j/e2e_ws/install/delbot PYTHONPATH=/home/j/e2e_ws/build/image_fusion/prefix_override:/usr/lib/python3/dist-packages/colcon_core/task/python/colcon_distutils_commands:/home/j/e2e_ws/install/image_fusion/lib/python3.10/site-packages:${PYTHONPATH} /usr/bin/python3 -W ignore:setup.py install is deprecated -W ignore:easy_install command is deprecated setup.py egg_info --egg-base ../../build/image_fusion build --build-base /home/j/e2e_ws/build/image_fusion/build install --record /home/j/e2e_ws/build/image_fusion/install.log --single-version-externally-managed install_data
[1.432s] Level 1:colcon.colcon_core.environment:checking '/home/j/e2e_ws/install/image_fusion' for CMake config files
[1.432s] Level 1:colcon.colcon_core.environment:checking '/home/j/e2e_ws/install/image_fusion/lib'
[1.433s] Level 1:colcon.colcon_core.environment:checking '/home/j/e2e_ws/install/image_fusion/bin'
[1.433s] Level 1:colcon.colcon_core.shell:create_environment_hook('image_fusion', 'path')
[1.433s] INFO:colcon.colcon_core.shell:Creating environment hook '/home/j/e2e_ws/install/image_fusion/share/image_fusion/hook/path.ps1'
[1.433s] INFO:colcon.colcon_core.shell:Creating environment descriptor '/home/j/e2e_ws/install/image_fusion/share/image_fusion/hook/path.dsv'
[1.433s] INFO:colcon.colcon_core.shell:Creating environment hook '/home/j/e2e_ws/install/image_fusion/share/image_fusion/hook/path.sh'
[1.433s] Level 1:colcon.colcon_core.environment:checking '/home/j/e2e_ws/install/image_fusion/lib/pkgconfig/image_fusion.pc'
[1.434s] Level 1:colcon.colcon_core.environment:checking '/home/j/e2e_ws/install/image_fusion/lib/python3.10/site-packages'
[1.434s] Level 1:colcon.colcon_core.shell:create_environment_hook('image_fusion', 'pythonpath')
[1.434s] INFO:colcon.colcon_core.shell:Creating environment hook '/home/j/e2e_ws/install/image_fusion/share/image_fusion/hook/pythonpath.ps1'
[1.434s] INFO:colcon.colcon_core.shell:Creating environment descriptor '/home/j/e2e_ws/install/image_fusion/share/image_fusion/hook/pythonpath.dsv'
[1.434s] INFO:colcon.colcon_core.shell:Creating environment hook '/home/j/e2e_ws/install/image_fusion/share/image_fusion/hook/pythonpath.sh'
[1.435s] Level 1:colcon.colcon_core.environment:checking '/home/j/e2e_ws/install/image_fusion/bin'
[1.435s] Level 1:colcon.colcon_core.shell:create_environment_hook('image_fusion', 'pythonscriptspath')
[1.435s] INFO:colcon.colcon_core.shell:Creating environment hook '/home/j/e2e_ws/install/image_fusion/share/image_fusion/hook/pythonscriptspath.ps1'
[1.435s] INFO:colcon.colcon_core.shell:Creating environment descriptor '/home/j/e2e_ws/install/image_fusion/share/image_fusion/hook/pythonscriptspath.dsv'
[1.435s] INFO:colcon.colcon_core.shell:Creating environment hook '/home/j/e2e_ws/install/image_fusion/share/image_fusion/hook/pythonscriptspath.sh'
[1.435s] Level 1:colcon.colcon_core.environment:create_environment_scripts_only(image_fusion)
[1.436s] INFO:colcon.colcon_core.shell:Creating package script '/home/j/e2e_ws/install/image_fusion/share/image_fusion/package.ps1'
[1.436s] INFO:colcon.colcon_core.shell:Creating package descriptor '/home/j/e2e_ws/install/image_fusion/share/image_fusion/package.dsv'
[1.436s] INFO:colcon.colcon_core.shell:Creating package script '/home/j/e2e_ws/install/image_fusion/share/image_fusion/package.sh'
[1.437s] INFO:colcon.colcon_core.shell:Creating package script '/home/j/e2e_ws/install/image_fusion/share/image_fusion/package.bash'
[1.437s] INFO:colcon.colcon_core.shell:Creating package script '/home/j/e2e_ws/install/image_fusion/share/image_fusion/package.zsh'
[1.437s] Level 1:colcon.colcon_core.environment:create_file_with_runtime_dependencies(/home/j/e2e_ws/install/image_fusion/share/colcon-core/packages/image_fusion)
[1.438s] Level 1:colcon.colcon_core.environment:checking '/home/j/e2e_ws/install/yolo_ros' for CMake module files
[1.439s] DEBUG:colcon.colcon_core.event_handler.log_command:Invoked command in '/home/j/e2e_ws/src/yolo_ros/yolo_ros' returned '0': CMAKE_PREFIX_PATH=/home/j/e2e_ws/install/yolo_msgs:/home/j/e2e_ws/install/image_fusion:/home/j/e2e_ws/install/yolo_bringup:/home/j/e2e_ws/install/image_fusion_node:/home/j/e2e_ws/install/turtlebot3_simulations:/home/j/e2e_ws/install/turtlebot3_gazebo:/home/j/e2e_ws/install/turtlebot3_fake_node:/home/j/e2e_ws/install/ros2_aruco_interfaces:/home/j/e2e_ws/install/e2e_meta:/home/j/e2e_ws/install/delbot PYTHONPATH=/home/j/e2e_ws/build/yolo_ros/prefix_override:/usr/lib/python3/dist-packages/colcon_core/task/python/colcon_distutils_commands:/home/j/e2e_ws/install/yolo_ros/lib/python3.10/site-packages:${PYTHONPATH} /usr/bin/python3 -W ignore:setup.py install is deprecated -W ignore:easy_install command is deprecated setup.py egg_info --egg-base ../../../build/yolo_ros build --build-base /home/j/e2e_ws/build/yolo_ros/build install --record /home/j/e2e_ws/build/yolo_ros/install.log --single-version-externally-managed install_data
[1.439s] Level 1:colcon.colcon_core.environment:checking '/home/j/e2e_ws/install/yolo_ros' for CMake config files
[1.439s] Level 1:colcon.colcon_core.environment:checking '/home/j/e2e_ws/install/yolo_ros/lib'
[1.439s] Level 1:colcon.colcon_core.environment:checking '/home/j/e2e_ws/install/yolo_ros/bin'
[1.439s] Level 1:colcon.colcon_core.environment:checking '/home/j/e2e_ws/install/yolo_ros/lib/pkgconfig/yolo_ros.pc'
[1.439s] Level 1:colcon.colcon_core.environment:checking '/home/j/e2e_ws/install/yolo_ros/lib/python3.10/site-packages'
[1.439s] Level 1:colcon.colcon_core.shell:create_environment_hook('yolo_ros', 'pythonpath')
[1.439s] INFO:colcon.colcon_core.shell:Creating environment hook '/home/j/e2e_ws/install/yolo_ros/share/yolo_ros/hook/pythonpath.ps1'
[1.440s] INFO:colcon.colcon_core.shell:Creating environment descriptor '/home/j/e2e_ws/install/yolo_ros/share/yolo_ros/hook/pythonpath.dsv'
[1.440s] INFO:colcon.colcon_core.shell:Creating environment hook '/home/j/e2e_ws/install/yolo_ros/share/yolo_ros/hook/pythonpath.sh'
[1.440s] Level 1:colcon.colcon_core.environment:checking '/home/j/e2e_ws/install/yolo_ros/bin'
[1.440s] Level 1:colcon.colcon_core.environment:create_environment_scripts_only(yolo_ros)
[1.440s] INFO:colcon.colcon_core.shell:Creating package script '/home/j/e2e_ws/install/yolo_ros/share/yolo_ros/package.ps1'
[1.441s] INFO:colcon.colcon_core.shell:Creating package descriptor '/home/j/e2e_ws/install/yolo_ros/share/yolo_ros/package.dsv'
[1.441s] INFO:colcon.colcon_core.shell:Creating package script '/home/j/e2e_ws/install/yolo_ros/share/yolo_ros/package.sh'
[1.441s] INFO:colcon.colcon_core.shell:Creating package script '/home/j/e2e_ws/install/yolo_ros/share/yolo_ros/package.bash'
[1.441s] INFO:colcon.colcon_core.shell:Creating package script '/home/j/e2e_ws/install/yolo_ros/share/yolo_ros/package.zsh'
[1.442s] Level 1:colcon.colcon_core.environment:create_file_with_runtime_dependencies(/home/j/e2e_ws/install/yolo_ros/share/colcon-core/packages/yolo_ros)
[1.442s] INFO:colcon.colcon_ros.task.ament_cmake.build:Building ROS package in '/home/j/e2e_ws/src/yolo_ros/yolo_bringup' with build type 'ament_cmake'
[1.442s] INFO:colcon.colcon_cmake.task.cmake.build:Building CMake package in '/home/j/e2e_ws/src/yolo_ros/yolo_bringup'
[1.442s] INFO:colcon.colcon_core.shell:Skip shell extension 'powershell' for command environment: Not usable outside of PowerShell
[1.442s] DEBUG:colcon.colcon_core.shell:Skip shell extension 'dsv' for command environment
[1.451s] DEBUG:colcon.colcon_core.event_handler.log_command:Invoking command in '/home/j/e2e_ws/build/yolo_bringup': AMENT_PREFIX_PATH=/home/j/e2e_ws/install/yolo_ros:/home/j/e2e_ws/install/image_fusion:/home/j/e2e_ws/install/yolo_bringup:/home/j/e2e_ws/install/yolo_msgs:/home/j/e2e_ws/install/turtlebot3_simulations:/home/j/e2e_ws/install/turtlebot3_gazebo:/home/j/e2e_ws/install/turtlebot3_fake_node:/home/j/e2e_ws/install/ros2_aruco_interfaces:/home/j/e2e_ws/install/ros2_aruco:/home/j/e2e_ws/install/e2e_meta:/home/j/e2e_ws/install/delbot:/opt/ros/humble CMAKE_PREFIX_PATH=/home/j/e2e_ws/install/yolo_msgs:/home/j/e2e_ws/install/image_fusion:/home/j/e2e_ws/install/yolo_bringup:/home/j/e2e_ws/install/image_fusion_node:/home/j/e2e_ws/install/turtlebot3_simulations:/home/j/e2e_ws/install/turtlebot3_gazebo:/home/j/e2e_ws/install/turtlebot3_fake_node:/home/j/e2e_ws/install/ros2_aruco_interfaces:/home/j/e2e_ws/install/e2e_meta:/home/j/e2e_ws/install/delbot:/home/j/e2e_ws/install/yolo_ros:/home/j/e2e_ws/install/ros2_aruco:/opt/ros/humble PYTHONPATH=/home/j/e2e_ws/install/yolo_ros/lib/python3.10/site-packages:/home/j/e2e_ws/install/image_fusion/local/lib/python3.10/dist-packages:/home/j/e2e_ws/build/yolo_ros:/home/j/e2e_ws/build/image_fusion:/home/j/e2e_ws/install/image_fusion/lib/python3.10/site-packages:/home/j/e2e_ws/build/ros2_aruco:/home/j/e2e_ws/install/image_fusion_node/local/lib/python3.10/dist-packages:/home/j/e2e_ws/install/yolo_msgs/local/lib/python3.10/dist-packages:/home/j/e2e_ws/install/ros2_aruco_interfaces/local/lib/python3.10/dist-packages:/home/j/e2e_ws/install/ros2_aruco/lib/python3.10/site-packages:/opt/ros/humble/lib/python3.10/site-packages:/opt/ros/humble/local/lib/python3.10/dist-packages /usr/bin/cmake /home/j/e2e_ws/src/yolo_ros/yolo_bringup -DCMAKE_INSTALL_PREFIX=/home/j/e2e_ws/install/yolo_bringup
[1.925s] DEBUG:colcon.colcon_core.event_handler.log_command:Invoked command in '/home/j/e2e_ws/build/yolo_bringup' returned '0': AMENT_PREFIX_PATH=/home/j/e2e_ws/install/yolo_ros:/home/j/e2e_ws/install/image_fusion:/home/j/e2e_ws/install/yolo_bringup:/home/j/e2e_ws/install/yolo_msgs:/home/j/e2e_ws/install/turtlebot3_simulations:/home/j/e2e_ws/install/turtlebot3_gazebo:/home/j/e2e_ws/install/turtlebot3_fake_node:/home/j/e2e_ws/install/ros2_aruco_interfaces:/home/j/e2e_ws/install/ros2_aruco:/home/j/e2e_ws/install/e2e_meta:/home/j/e2e_ws/install/delbot:/opt/ros/humble CMAKE_PREFIX_PATH=/home/j/e2e_ws/install/yolo_msgs:/home/j/e2e_ws/install/image_fusion:/home/j/e2e_ws/install/yolo_bringup:/home/j/e2e_ws/install/image_fusion_node:/home/j/e2e_ws/install/turtlebot3_simulations:/home/j/e2e_ws/install/turtlebot3_gazebo:/home/j/e2e_ws/install/turtlebot3_fake_node:/home/j/e2e_ws/install/ros2_aruco_interfaces:/home/j/e2e_ws/install/e2e_meta:/home/j/e2e_ws/install/delbot:/home/j/e2e_ws/install/yolo_ros:/home/j/e2e_ws/install/ros2_aruco:/opt/ros/humble PYTHONPATH=/home/j/e2e_ws/install/yolo_ros/lib/python3.10/site-packages:/home/j/e2e_ws/install/image_fusion/local/lib/python3.10/dist-packages:/home/j/e2e_ws/build/yolo_ros:/home/j/e2e_ws/build/image_fusion:/home/j/e2e_ws/install/image_fusion/lib/python3.10/site-packages:/home/j/e2e_ws/build/ros2_aruco:/home/j/e2e_ws/install/image_fusion_node/local/lib/python3.10/dist-packages:/home/j/e2e_ws/install/yolo_msgs/local/lib/python3.10/dist-packages:/home/j/e2e_ws/install/ros2_aruco_interfaces/local/lib/python3.10/dist-packages:/home/j/e2e_ws/install/ros2_aruco/lib/python3.10/site-packages:/opt/ros/humble/lib/python3.10/site-packages:/opt/ros/humble/local/lib/python3.10/dist-packages /usr/bin/cmake /home/j/e2e_ws/src/yolo_ros/yolo_bringup -DCMAKE_INSTALL_PREFIX=/home/j/e2e_ws/install/yolo_bringup
[1.925s] DEBUG:colcon.colcon_core.event_handler.log_command:Invoking command in '/home/j/e2e_ws/build/yolo_bringup': AMENT_PREFIX_PATH=/home/j/e2e_ws/install/yolo_ros:/home/j/e2e_ws/install/image_fusion:/home/j/e2e_ws/install/yolo_bringup:/home/j/e2e_ws/install/yolo_msgs:/home/j/e2e_ws/install/turtlebot3_simulations:/home/j/e2e_ws/install/turtlebot3_gazebo:/home/j/e2e_ws/install/turtlebot3_fake_node:/home/j/e2e_ws/install/ros2_aruco_interfaces:/home/j/e2e_ws/install/ros2_aruco:/home/j/e2e_ws/install/e2e_meta:/home/j/e2e_ws/install/delbot:/opt/ros/humble CMAKE_PREFIX_PATH=/home/j/e2e_ws/install/yolo_msgs:/home/j/e2e_ws/install/image_fusion:/home/j/e2e_ws/install/yolo_bringup:/home/j/e2e_ws/install/image_fusion_node:/home/j/e2e_ws/install/turtlebot3_simulations:/home/j/e2e_ws/install/turtlebot3_gazebo:/home/j/e2e_ws/install/turtlebot3_fake_node:/home/j/e2e_ws/install/ros2_aruco_interfaces:/home/j/e2e_ws/install/e2e_meta:/home/j/e2e_ws/install/delbot:/home/j/e2e_ws/install/yolo_ros:/home/j/e2e_ws/install/ros2_aruco:/opt/ros/humble PYTHONPATH=/home/j/e2e_ws/install/yolo_ros/lib/python3.10/site-packages:/home/j/e2e_ws/install/image_fusion/local/lib/python3.10/dist-packages:/home/j/e2e_ws/build/yolo_ros:/home/j/e2e_ws/build/image_fusion:/home/j/e2e_ws/install/image_fusion/lib/python3.10/site-packages:/home/j/e2e_ws/build/ros2_aruco:/home/j/e2e_ws/install/image_fusion_node/local/lib/python3.10/dist-packages:/home/j/e2e_ws/install/yolo_msgs/local/lib/python3.10/dist-packages:/home/j/e2e_ws/install/ros2_aruco_interfaces/local/lib/python3.10/dist-packages:/home/j/e2e_ws/install/ros2_aruco/lib/python3.10/site-packages:/opt/ros/humble/lib/python3.10/site-packages:/opt/ros/humble/local/lib/python3.10/dist-packages /usr/bin/cmake --build /home/j/e2e_ws/build/yolo_bringup -- -j22 -l22
[1.953s] DEBUG:colcon.colcon_core.event_handler.log_command:Invoked command in '/home/j/e2e_ws/build/yolo_bringup' returned '0': AMENT_PREFIX_PATH=/home/j/e2e_ws/install/yolo_ros:/home/j/e2e_ws/install/image_fusion:/home/j/e2e_ws/install/yolo_bringup:/home/j/e2e_ws/install/yolo_msgs:/home/j/e2e_ws/install/turtlebot3_simulations:/home/j/e2e_ws/install/turtlebot3_gazebo:/home/j/e2e_ws/install/turtlebot3_fake_node:/home/j/e2e_ws/install/ros2_aruco_interfaces:/home/j/e2e_ws/install/ros2_aruco:/home/j/e2e_ws/install/e2e_meta:/home/j/e2e_ws/install/delbot:/opt/ros/humble CMAKE_PREFIX_PATH=/home/j/e2e_ws/install/yolo_msgs:/home/j/e2e_ws/install/image_fusion:/home/j/e2e_ws/install/yolo_bringup:/home/j/e2e_ws/install/image_fusion_node:/home/j/e2e_ws/install/turtlebot3_simulations:/home/j/e2e_ws/install/turtlebot3_gazebo:/home/j/e2e_ws/install/turtlebot3_fake_node:/home/j/e2e_ws/install/ros2_aruco_interfaces:/home/j/e2e_ws/install/e2e_meta:/home/j/e2e_ws/install/delbot:/home/j/e2e_ws/install/yolo_ros:/home/j/e2e_ws/install/ros2_aruco:/opt/ros/humble PYTHONPATH=/home/j/e2e_ws/install/yolo_ros/lib/python3.10/site-packages:/home/j/e2e_ws/install/image_fusion/local/lib/python3.10/dist-packages:/home/j/e2e_ws/build/yolo_ros:/home/j/e2e_ws/build/image_fusion:/home/j/e2e_ws/install/image_fusion/lib/python3.10/site-packages:/home/j/e2e_ws/build/ros2_aruco:/home/j/e2e_ws/install/image_fusion_node/local/lib/python3.10/dist-packages:/home/j/e2e_ws/install/yolo_msgs/local/lib/python3.10/dist-packages:/home/j/e2e_ws/install/ros2_aruco_interfaces/local/lib/python3.10/dist-packages:/home/j/e2e_ws/install/ros2_aruco/lib/python3.10/site-packages:/opt/ros/humble/lib/python3.10/site-packages:/opt/ros/humble/local/lib/python3.10/dist-packages /usr/bin/cmake --build /home/j/e2e_ws/build/yolo_bringup -- -j22 -l22
[1.955s] DEBUG:colcon.colcon_core.event_handler.log_command:Invoking command in '/home/j/e2e_ws/build/yolo_bringup': AMENT_PREFIX_PATH=/home/j/e2e_ws/install/yolo_ros:/home/j/e2e_ws/install/image_fusion:/home/j/e2e_ws/install/yolo_bringup:/home/j/e2e_ws/install/yolo_msgs:/home/j/e2e_ws/install/turtlebot3_simulations:/home/j/e2e_ws/install/turtlebot3_gazebo:/home/j/e2e_ws/install/turtlebot3_fake_node:/home/j/e2e_ws/install/ros2_aruco_interfaces:/home/j/e2e_ws/install/ros2_aruco:/home/j/e2e_ws/install/e2e_meta:/home/j/e2e_ws/install/delbot:/opt/ros/humble CMAKE_PREFIX_PATH=/home/j/e2e_ws/install/yolo_msgs:/home/j/e2e_ws/install/image_fusion:/home/j/e2e_ws/install/yolo_bringup:/home/j/e2e_ws/install/image_fusion_node:/home/j/e2e_ws/install/turtlebot3_simulations:/home/j/e2e_ws/install/turtlebot3_gazebo:/home/j/e2e_ws/install/turtlebot3_fake_node:/home/j/e2e_ws/install/ros2_aruco_interfaces:/home/j/e2e_ws/install/e2e_meta:/home/j/e2e_ws/install/delbot:/home/j/e2e_ws/install/yolo_ros:/home/j/e2e_ws/install/ros2_aruco:/opt/ros/humble PYTHONPATH=/home/j/e2e_ws/install/yolo_ros/lib/python3.10/site-packages:/home/j/e2e_ws/install/image_fusion/local/lib/python3.10/dist-packages:/home/j/e2e_ws/build/yolo_ros:/home/j/e2e_ws/build/image_fusion:/home/j/e2e_ws/install/image_fusion/lib/python3.10/site-packages:/home/j/e2e_ws/build/ros2_aruco:/home/j/e2e_ws/install/image_fusion_node/local/lib/python3.10/dist-packages:/home/j/e2e_ws/install/yolo_msgs/local/lib/python3.10/dist-packages:/home/j/e2e_ws/install/ros2_aruco_interfaces/local/lib/python3.10/dist-packages:/home/j/e2e_ws/install/ros2_aruco/lib/python3.10/site-packages:/opt/ros/humble/lib/python3.10/site-packages:/opt/ros/humble/local/lib/python3.10/dist-packages /usr/bin/cmake --install /home/j/e2e_ws/build/yolo_bringup
[1.963s] Level 1:colcon.colcon_core.environment:create_environment_scripts_only(yolo_bringup)
[1.963s] DEBUG:colcon.colcon_core.event_handler.log_command:Invoked command in '/home/j/e2e_ws/build/yolo_bringup' returned '0': AMENT_PREFIX_PATH=/home/j/e2e_ws/install/yolo_ros:/home/j/e2e_ws/install/image_fusion:/home/j/e2e_ws/install/yolo_bringup:/home/j/e2e_ws/install/yolo_msgs:/home/j/e2e_ws/install/turtlebot3_simulations:/home/j/e2e_ws/install/turtlebot3_gazebo:/home/j/e2e_ws/install/turtlebot3_fake_node:/home/j/e2e_ws/install/ros2_aruco_interfaces:/home/j/e2e_ws/install/ros2_aruco:/home/j/e2e_ws/install/e2e_meta:/home/j/e2e_ws/install/delbot:/opt/ros/humble CMAKE_PREFIX_PATH=/home/j/e2e_ws/install/yolo_msgs:/home/j/e2e_ws/install/image_fusion:/home/j/e2e_ws/install/yolo_bringup:/home/j/e2e_ws/install/image_fusion_node:/home/j/e2e_ws/install/turtlebot3_simulations:/home/j/e2e_ws/install/turtlebot3_gazebo:/home/j/e2e_ws/install/turtlebot3_fake_node:/home/j/e2e_ws/install/ros2_aruco_interfaces:/home/j/e2e_ws/install/e2e_meta:/home/j/e2e_ws/install/delbot:/home/j/e2e_ws/install/yolo_ros:/home/j/e2e_ws/install/ros2_aruco:/opt/ros/humble PYTHONPATH=/home/j/e2e_ws/install/yolo_ros/lib/python3.10/site-packages:/home/j/e2e_ws/install/image_fusion/local/lib/python3.10/dist-packages:/home/j/e2e_ws/build/yolo_ros:/home/j/e2e_ws/build/image_fusion:/home/j/e2e_ws/install/image_fusion/lib/python3.10/site-packages:/home/j/e2e_ws/build/ros2_aruco:/home/j/e2e_ws/install/image_fusion_node/local/lib/python3.10/dist-packages:/home/j/e2e_ws/install/yolo_msgs/local/lib/python3.10/dist-packages:/home/j/e2e_ws/install/ros2_aruco_interfaces/local/lib/python3.10/dist-packages:/home/j/e2e_ws/install/ros2_aruco/lib/python3.10/site-packages:/opt/ros/humble/lib/python3.10/site-packages:/opt/ros/humble/local/lib/python3.10/dist-packages /usr/bin/cmake --install /home/j/e2e_ws/build/yolo_bringup
[1.963s] Level 1:colcon.colcon_core.environment:checking '/home/j/e2e_ws/install/yolo_bringup' for CMake module files
[1.963s] Level 1:colcon.colcon_core.environment:checking '/home/j/e2e_ws/install/yolo_bringup' for CMake config files
[1.964s] Level 1:colcon.colcon_core.shell:create_environment_hook('yolo_bringup', 'cmake_prefix_path')
[1.964s] INFO:colcon.colcon_core.shell:Creating environment hook '/home/j/e2e_ws/install/yolo_bringup/share/yolo_bringup/hook/cmake_prefix_path.ps1'
[1.964s] INFO:colcon.colcon_core.shell:Creating environment descriptor '/home/j/e2e_ws/install/yolo_bringup/share/yolo_bringup/hook/cmake_prefix_path.dsv'
[1.964s] INFO:colcon.colcon_core.shell:Creating environment hook '/home/j/e2e_ws/install/yolo_bringup/share/yolo_bringup/hook/cmake_prefix_path.sh'
[1.965s] Level 1:colcon.colcon_core.environment:checking '/home/j/e2e_ws/install/yolo_bringup/bin'
[1.965s] Level 1:colcon.colcon_core.environment:checking '/home/j/e2e_ws/install/yolo_bringup/lib/pkgconfig/yolo_bringup.pc'
[1.965s] Level 1:colcon.colcon_core.environment:checking '/home/j/e2e_ws/install/yolo_bringup/lib/python3.10/site-packages'
[1.965s] Level 1:colcon.colcon_core.environment:checking '/home/j/e2e_ws/install/yolo_bringup/bin'
[1.965s] INFO:colcon.colcon_core.shell:Creating package script '/home/j/e2e_ws/install/yolo_bringup/share/yolo_bringup/package.ps1'
[1.965s] INFO:colcon.colcon_core.shell:Creating package descriptor '/home/j/e2e_ws/install/yolo_bringup/share/yolo_bringup/package.dsv'
[1.966s] INFO:colcon.colcon_core.shell:Creating package script '/home/j/e2e_ws/install/yolo_bringup/share/yolo_bringup/package.sh'
[1.966s] INFO:colcon.colcon_core.shell:Creating package script '/home/j/e2e_ws/install/yolo_bringup/share/yolo_bringup/package.bash'
[1.966s] INFO:colcon.colcon_core.shell:Creating package script '/home/j/e2e_ws/install/yolo_bringup/share/yolo_bringup/package.zsh'
[1.966s] Level 1:colcon.colcon_core.environment:create_file_with_runtime_dependencies(/home/j/e2e_ws/install/yolo_bringup/share/colcon-core/packages/yolo_bringup)
[1.967s] Level 1:colcon.colcon_core.environment:create_environment_scripts_only(yolo_bringup)
[1.967s] Level 1:colcon.colcon_core.environment:checking '/home/j/e2e_ws/install/yolo_bringup' for CMake module files
[1.967s] Level 1:colcon.colcon_core.environment:checking '/home/j/e2e_ws/install/yolo_bringup' for CMake config files
[1.968s] Level 1:colcon.colcon_core.shell:create_environment_hook('yolo_bringup', 'cmake_prefix_path')
[1.968s] INFO:colcon.colcon_core.shell:Creating environment hook '/home/j/e2e_ws/install/yolo_bringup/share/yolo_bringup/hook/cmake_prefix_path.ps1'
[1.968s] INFO:colcon.colcon_core.shell:Creating environment descriptor '/home/j/e2e_ws/install/yolo_bringup/share/yolo_bringup/hook/cmake_prefix_path.dsv'
[1.968s] INFO:colcon.colcon_core.shell:Creating environment hook '/home/j/e2e_ws/install/yolo_bringup/share/yolo_bringup/hook/cmake_prefix_path.sh'
[1.968s] Level 1:colcon.colcon_core.environment:checking '/home/j/e2e_ws/install/yolo_bringup/bin'
[1.969s] Level 1:colcon.colcon_core.environment:checking '/home/j/e2e_ws/install/yolo_bringup/lib/pkgconfig/yolo_bringup.pc'
[1.969s] Level 1:colcon.colcon_core.environment:checking '/home/j/e2e_ws/install/yolo_bringup/lib/python3.10/site-packages'
[1.969s] Level 1:colcon.colcon_core.environment:checking '/home/j/e2e_ws/install/yolo_bringup/bin'
[1.969s] INFO:colcon.colcon_core.shell:Creating package script '/home/j/e2e_ws/install/yolo_bringup/share/yolo_bringup/package.ps1'
[1.969s] INFO:colcon.colcon_core.shell:Creating package descriptor '/home/j/e2e_ws/install/yolo_bringup/share/yolo_bringup/package.dsv'
[1.970s] INFO:colcon.colcon_core.shell:Creating package script '/home/j/e2e_ws/install/yolo_bringup/share/yolo_bringup/package.sh'
[1.970s] INFO:colcon.colcon_core.shell:Creating package script '/home/j/e2e_ws/install/yolo_bringup/share/yolo_bringup/package.bash'
[1.970s] INFO:colcon.colcon_core.shell:Creating package script '/home/j/e2e_ws/install/yolo_bringup/share/yolo_bringup/package.zsh'
[1.970s] Level 1:colcon.colcon_core.environment:create_file_with_runtime_dependencies(/home/j/e2e_ws/install/yolo_bringup/share/colcon-core/packages/yolo_bringup)
[1.970s] DEBUG:colcon.colcon_parallel_executor.executor.parallel:closing loop
[1.971s] DEBUG:colcon.colcon_parallel_executor.executor.parallel:loop closed
[1.971s] DEBUG:colcon.colcon_parallel_executor.executor.parallel:run_until_complete finished with '0'
[1.971s] DEBUG:colcon.colcon_core.event_reactor:joining thread
[1.974s] INFO:colcon.colcon_core.plugin_system:Skipping extension 'colcon_notification.desktop_notification.terminal_notifier': Not used on non-Darwin systems
[1.975s] INFO:colcon.colcon_core.plugin_system:Skipping extension 'colcon_notification.desktop_notification.win32': Not used on non-Windows systems
[1.975s] INFO:colcon.colcon_notification.desktop_notification:Sending desktop notification using 'notify2'
[1.982s] DEBUG:colcon.colcon_core.event_reactor:joined thread
[1.982s] INFO:colcon.colcon_core.shell:Creating prefix script '/home/j/e2e_ws/install/local_setup.ps1'
[1.983s] INFO:colcon.colcon_core.shell:Creating prefix util module '/home/j/e2e_ws/install/_local_setup_util_ps1.py'
[1.984s] INFO:colcon.colcon_core.shell:Creating prefix chain script '/home/j/e2e_ws/install/setup.ps1'
[1.985s] INFO:colcon.colcon_core.shell:Creating prefix script '/home/j/e2e_ws/install/local_setup.sh'
[1.986s] INFO:colcon.colcon_core.shell:Creating prefix util module '/home/j/e2e_ws/install/_local_setup_util_sh.py'
[1.986s] INFO:colcon.colcon_core.shell:Creating prefix chain script '/home/j/e2e_ws/install/setup.sh'
[1.988s] INFO:colcon.colcon_core.shell:Creating prefix script '/home/j/e2e_ws/install/local_setup.bash'
[1.988s] INFO:colcon.colcon_core.shell:Creating prefix chain script '/home/j/e2e_ws/install/setup.bash'
[1.989s] INFO:colcon.colcon_core.shell:Creating prefix script '/home/j/e2e_ws/install/local_setup.zsh'
[1.990s] INFO:colcon.colcon_core.shell:Creating prefix chain script '/home/j/e2e_ws/install/setup.zsh'
