[0.058s] DEBUG:colcon:Command line arguments: ['/usr/bin/colcon', 'build']
[0.058s] DEBUG:colcon:Parsed command line arguments: Namespace(log_base=None, log_level=None, verb_name='build', build_base='build', install_base='install', merge_install=False, symlink_install=False, test_result_base=None, continue_on_error=False, executor='parallel', parallel_workers=22, event_handlers=None, ignore_user_meta=False, metas=['./colcon.meta'], base_paths=['.'], packages_ignore=None, packages_ignore_regex=None, paths=None, packages_up_to=None, packages_up_to_regex=None, packages_above=None, packages_above_and_dependencies=None, packages_above_depth=None, packages_select_by_dep=None, packages_skip_by_dep=None, packages_skip_up_to=None, packages_select_build_failed=False, packages_skip_build_finished=False, packages_select_test_failures=False, packages_skip_test_passed=False, packages_select=None, packages_skip=None, packages_select_regex=None, packages_skip_regex=None, packages_start=None, packages_end=None, allow_overriding=[], cmake_args=None, cmake_target=None, cmake_target_skip_unavailable=False, cmake_clean_cache=False, cmake_clean_first=False, cmake_force_configure=False, ament_cmake_args=None, catkin_cmake_args=None, catkin_skip_building_tests=False, verb_parser=<colcon_defaults.argument_parser.defaults.DefaultArgumentsDecorator object at 0x7631d86f6b60>, verb_extension=<colcon_core.verb.build.BuildVerb object at 0x7631d88c7940>, main=<bound method BuildVerb.main of <colcon_core.verb.build.BuildVerb object at 0x7631d88c7940>>)
[0.150s] Level 1:colcon.colcon_core.package_discovery:discover_packages(colcon_meta) check parameters
[0.150s] Level 1:colcon.colcon_core.package_discovery:discover_packages(recursive) check parameters
[0.150s] Level 1:colcon.colcon_core.package_discovery:discover_packages(ignore) check parameters
[0.150s] Level 1:colcon.colcon_core.package_discovery:discover_packages(path) check parameters
[0.150s] Level 1:colcon.colcon_core.package_discovery:discover_packages(colcon_meta) discover
[0.150s] Level 1:colcon.colcon_core.package_discovery:discover_packages(recursive) discover
[0.150s] INFO:colcon.colcon_core.package_discovery:Crawling recursively for packages in '/home/j/e2e_ws'
[0.150s] Level 1:colcon.colcon_core.package_identification:_identify(.) by extensions ['ignore', 'ignore_ament_install']
[0.150s] Level 1:colcon.colcon_core.package_identification:_identify(.) by extension 'ignore'
[0.150s] Level 1:colcon.colcon_core.package_identification:_identify(.) by extension 'ignore_ament_install'
[0.150s] Level 1:colcon.colcon_core.package_identification:_identify(.) by extensions ['colcon_pkg']
[0.150s] Level 1:colcon.colcon_core.package_identification:_identify(.) by extension 'colcon_pkg'
[0.150s] Level 1:colcon.colcon_core.package_identification:_identify(.) by extensions ['colcon_meta']
[0.150s] Level 1:colcon.colcon_core.package_identification:_identify(.) by extension 'colcon_meta'
[0.150s] Level 1:colcon.colcon_core.package_identification:_identify(.) by extensions ['ros']
[0.150s] Level 1:colcon.colcon_core.package_identification:_identify(.) by extension 'ros'
[0.156s] Level 1:colcon.colcon_core.package_identification:_identify(.) by extensions ['cmake', 'python']
[0.156s] Level 1:colcon.colcon_core.package_identification:_identify(.) by extension 'cmake'
[0.156s] Level 1:colcon.colcon_core.package_identification:_identify(.) by extension 'python'
[0.156s] Level 1:colcon.colcon_core.package_identification:_identify(.) by extensions ['python_setup_py']
[0.156s] Level 1:colcon.colcon_core.package_identification:_identify(.) by extension 'python_setup_py'
[0.156s] Level 1:colcon.colcon_core.package_identification:_identify(build) by extensions ['ignore', 'ignore_ament_install']
[0.156s] Level 1:colcon.colcon_core.package_identification:_identify(build) by extension 'ignore'
[0.156s] Level 1:colcon.colcon_core.package_identification:_identify(build) ignored
[0.156s] Level 1:colcon.colcon_core.package_identification:_identify(install) by extensions ['ignore', 'ignore_ament_install']
[0.156s] Level 1:colcon.colcon_core.package_identification:_identify(install) by extension 'ignore'
[0.156s] Level 1:colcon.colcon_core.package_identification:_identify(install) ignored
[0.156s] Level 1:colcon.colcon_core.package_identification:_identify(log) by extensions ['ignore', 'ignore_ament_install']
[0.157s] Level 1:colcon.colcon_core.package_identification:_identify(log) by extension 'ignore'
[0.157s] Level 1:colcon.colcon_core.package_identification:_identify(log) ignored
[0.157s] Level 1:colcon.colcon_core.package_identification:_identify(resource) by extensions ['ignore', 'ignore_ament_install']
[0.157s] Level 1:colcon.colcon_core.package_identification:_identify(resource) by extension 'ignore'
[0.157s] Level 1:colcon.colcon_core.package_identification:_identify(resource) by extension 'ignore_ament_install'
[0.157s] Level 1:colcon.colcon_core.package_identification:_identify(resource) by extensions ['colcon_pkg']
[0.157s] Level 1:colcon.colcon_core.package_identification:_identify(resource) by extension 'colcon_pkg'
[0.157s] Level 1:colcon.colcon_core.package_identification:_identify(resource) by extensions ['colcon_meta']
[0.157s] Level 1:colcon.colcon_core.package_identification:_identify(resource) by extension 'colcon_meta'
[0.157s] Level 1:colcon.colcon_core.package_identification:_identify(resource) by extensions ['ros']
[0.157s] Level 1:colcon.colcon_core.package_identification:_identify(resource) by extension 'ros'
[0.157s] Level 1:colcon.colcon_core.package_identification:_identify(resource) by extensions ['cmake', 'python']
[0.157s] Level 1:colcon.colcon_core.package_identification:_identify(resource) by extension 'cmake'
[0.157s] Level 1:colcon.colcon_core.package_identification:_identify(resource) by extension 'python'
[0.157s] Level 1:colcon.colcon_core.package_identification:_identify(resource) by extensions ['python_setup_py']
[0.157s] Level 1:colcon.colcon_core.package_identification:_identify(resource) by extension 'python_setup_py'
[0.157s] Level 1:colcon.colcon_core.package_identification:_identify(rosbag2_2025_05_26-14_36_35) by extensions ['ignore', 'ignore_ament_install']
[0.157s] Level 1:colcon.colcon_core.package_identification:_identify(rosbag2_2025_05_26-14_36_35) by extension 'ignore'
[0.157s] Level 1:colcon.colcon_core.package_identification:_identify(rosbag2_2025_05_26-14_36_35) by extension 'ignore_ament_install'
[0.157s] Level 1:colcon.colcon_core.package_identification:_identify(rosbag2_2025_05_26-14_36_35) by extensions ['colcon_pkg']
[0.157s] Level 1:colcon.colcon_core.package_identification:_identify(rosbag2_2025_05_26-14_36_35) by extension 'colcon_pkg'
[0.157s] Level 1:colcon.colcon_core.package_identification:_identify(rosbag2_2025_05_26-14_36_35) by extensions ['colcon_meta']
[0.157s] Level 1:colcon.colcon_core.package_identification:_identify(rosbag2_2025_05_26-14_36_35) by extension 'colcon_meta'
[0.157s] Level 1:colcon.colcon_core.package_identification:_identify(rosbag2_2025_05_26-14_36_35) by extensions ['ros']
[0.157s] Level 1:colcon.colcon_core.package_identification:_identify(rosbag2_2025_05_26-14_36_35) by extension 'ros'
[0.157s] Level 1:colcon.colcon_core.package_identification:_identify(rosbag2_2025_05_26-14_36_35) by extensions ['cmake', 'python']
[0.157s] Level 1:colcon.colcon_core.package_identification:_identify(rosbag2_2025_05_26-14_36_35) by extension 'cmake'
[0.157s] Level 1:colcon.colcon_core.package_identification:_identify(rosbag2_2025_05_26-14_36_35) by extension 'python'
[0.157s] Level 1:colcon.colcon_core.package_identification:_identify(rosbag2_2025_05_26-14_36_35) by extensions ['python_setup_py']
[0.157s] Level 1:colcon.colcon_core.package_identification:_identify(rosbag2_2025_05_26-14_36_35) by extension 'python_setup_py'
[0.157s] Level 1:colcon.colcon_core.package_identification:_identify(rosbag2_2025_05_26-14_39_32) by extensions ['ignore', 'ignore_ament_install']
[0.157s] Level 1:colcon.colcon_core.package_identification:_identify(rosbag2_2025_05_26-14_39_32) by extension 'ignore'
[0.157s] Level 1:colcon.colcon_core.package_identification:_identify(rosbag2_2025_05_26-14_39_32) by extension 'ignore_ament_install'
[0.157s] Level 1:colcon.colcon_core.package_identification:_identify(rosbag2_2025_05_26-14_39_32) by extensions ['colcon_pkg']
[0.157s] Level 1:colcon.colcon_core.package_identification:_identify(rosbag2_2025_05_26-14_39_32) by extension 'colcon_pkg'
[0.157s] Level 1:colcon.colcon_core.package_identification:_identify(rosbag2_2025_05_26-14_39_32) by extensions ['colcon_meta']
[0.157s] Level 1:colcon.colcon_core.package_identification:_identify(rosbag2_2025_05_26-14_39_32) by extension 'colcon_meta'
[0.157s] Level 1:colcon.colcon_core.package_identification:_identify(rosbag2_2025_05_26-14_39_32) by extensions ['ros']
[0.157s] Level 1:colcon.colcon_core.package_identification:_identify(rosbag2_2025_05_26-14_39_32) by extension 'ros'
[0.157s] Level 1:colcon.colcon_core.package_identification:_identify(rosbag2_2025_05_26-14_39_32) by extensions ['cmake', 'python']
[0.157s] Level 1:colcon.colcon_core.package_identification:_identify(rosbag2_2025_05_26-14_39_32) by extension 'cmake'
[0.157s] Level 1:colcon.colcon_core.package_identification:_identify(rosbag2_2025_05_26-14_39_32) by extension 'python'
[0.157s] Level 1:colcon.colcon_core.package_identification:_identify(rosbag2_2025_05_26-14_39_32) by extensions ['python_setup_py']
[0.157s] Level 1:colcon.colcon_core.package_identification:_identify(rosbag2_2025_05_26-14_39_32) by extension 'python_setup_py'
[0.157s] Level 1:colcon.colcon_core.package_identification:_identify(src) by extensions ['ignore', 'ignore_ament_install']
[0.158s] Level 1:colcon.colcon_core.package_identification:_identify(src) by extension 'ignore'
[0.158s] Level 1:colcon.colcon_core.package_identification:_identify(src) by extension 'ignore_ament_install'
[0.158s] Level 1:colcon.colcon_core.package_identification:_identify(src) by extensions ['colcon_pkg']
[0.158s] Level 1:colcon.colcon_core.package_identification:_identify(src) by extension 'colcon_pkg'
[0.158s] Level 1:colcon.colcon_core.package_identification:_identify(src) by extensions ['colcon_meta']
[0.158s] Level 1:colcon.colcon_core.package_identification:_identify(src) by extension 'colcon_meta'
[0.158s] Level 1:colcon.colcon_core.package_identification:_identify(src) by extensions ['ros']
[0.158s] Level 1:colcon.colcon_core.package_identification:_identify(src) by extension 'ros'
[0.158s] Level 1:colcon.colcon_core.package_identification:_identify(src) by extensions ['cmake', 'python']
[0.158s] Level 1:colcon.colcon_core.package_identification:_identify(src) by extension 'cmake'
[0.158s] Level 1:colcon.colcon_core.package_identification:_identify(src) by extension 'python'
[0.158s] Level 1:colcon.colcon_core.package_identification:_identify(src) by extensions ['python_setup_py']
[0.158s] Level 1:colcon.colcon_core.package_identification:_identify(src) by extension 'python_setup_py'
[0.158s] Level 1:colcon.colcon_core.package_identification:_identify(src/e2e_meta) by extensions ['ignore', 'ignore_ament_install']
[0.158s] Level 1:colcon.colcon_core.package_identification:_identify(src/e2e_meta) by extension 'ignore'
[0.158s] Level 1:colcon.colcon_core.package_identification:_identify(src/e2e_meta) by extension 'ignore_ament_install'
[0.158s] Level 1:colcon.colcon_core.package_identification:_identify(src/e2e_meta) by extensions ['colcon_pkg']
[0.158s] Level 1:colcon.colcon_core.package_identification:_identify(src/e2e_meta) by extension 'colcon_pkg'
[0.158s] Level 1:colcon.colcon_core.package_identification:_identify(src/e2e_meta) by extensions ['colcon_meta']
[0.158s] Level 1:colcon.colcon_core.package_identification:_identify(src/e2e_meta) by extension 'colcon_meta'
[0.158s] Level 1:colcon.colcon_core.package_identification:_identify(src/e2e_meta) by extensions ['ros']
[0.158s] Level 1:colcon.colcon_core.package_identification:_identify(src/e2e_meta) by extension 'ros'
[0.159s] DEBUG:colcon.colcon_core.package_identification:Package 'src/e2e_meta' with type 'ros.ament_cmake' and name 'e2e_meta'
[0.159s] Level 1:colcon.colcon_core.package_identification:_identify(src/image_fusion) by extensions ['ignore', 'ignore_ament_install']
[0.160s] Level 1:colcon.colcon_core.package_identification:_identify(src/image_fusion) by extension 'ignore'
[0.160s] Level 1:colcon.colcon_core.package_identification:_identify(src/image_fusion) by extension 'ignore_ament_install'
[0.160s] Level 1:colcon.colcon_core.package_identification:_identify(src/image_fusion) by extensions ['colcon_pkg']
[0.160s] Level 1:colcon.colcon_core.package_identification:_identify(src/image_fusion) by extension 'colcon_pkg'
[0.160s] Level 1:colcon.colcon_core.package_identification:_identify(src/image_fusion) by extensions ['colcon_meta']
[0.160s] Level 1:colcon.colcon_core.package_identification:_identify(src/image_fusion) by extension 'colcon_meta'
[0.160s] Level 1:colcon.colcon_core.package_identification:_identify(src/image_fusion) by extensions ['ros']
[0.160s] Level 1:colcon.colcon_core.package_identification:_identify(src/image_fusion) by extension 'ros'
[0.160s] DEBUG:colcon.colcon_core.package_identification:Package 'src/image_fusion' with type 'ros.ament_python' and name 'image_fusion'
[0.160s] Level 1:colcon.colcon_core.package_identification:_identify(src/ros2_aruco) by extensions ['ignore', 'ignore_ament_install']
[0.160s] Level 1:colcon.colcon_core.package_identification:_identify(src/ros2_aruco) by extension 'ignore'
[0.160s] Level 1:colcon.colcon_core.package_identification:_identify(src/ros2_aruco) by extension 'ignore_ament_install'
[0.160s] Level 1:colcon.colcon_core.package_identification:_identify(src/ros2_aruco) by extensions ['colcon_pkg']
[0.160s] Level 1:colcon.colcon_core.package_identification:_identify(src/ros2_aruco) by extension 'colcon_pkg'
[0.160s] Level 1:colcon.colcon_core.package_identification:_identify(src/ros2_aruco) by extensions ['colcon_meta']
[0.160s] Level 1:colcon.colcon_core.package_identification:_identify(src/ros2_aruco) by extension 'colcon_meta'
[0.160s] Level 1:colcon.colcon_core.package_identification:_identify(src/ros2_aruco) by extensions ['ros']
[0.160s] Level 1:colcon.colcon_core.package_identification:_identify(src/ros2_aruco) by extension 'ros'
[0.160s] Level 1:colcon.colcon_core.package_identification:_identify(src/ros2_aruco) by extensions ['cmake', 'python']
[0.161s] Level 1:colcon.colcon_core.package_identification:_identify(src/ros2_aruco) by extension 'cmake'
[0.161s] Level 1:colcon.colcon_core.package_identification:_identify(src/ros2_aruco) by extension 'python'
[0.161s] Level 1:colcon.colcon_core.package_identification:_identify(src/ros2_aruco) by extensions ['python_setup_py']
[0.161s] Level 1:colcon.colcon_core.package_identification:_identify(src/ros2_aruco) by extension 'python_setup_py'
[0.161s] Level 1:colcon.colcon_core.package_identification:_identify(src/ros2_aruco/ros2_aruco) by extensions ['ignore', 'ignore_ament_install']
[0.161s] Level 1:colcon.colcon_core.package_identification:_identify(src/ros2_aruco/ros2_aruco) by extension 'ignore'
[0.161s] Level 1:colcon.colcon_core.package_identification:_identify(src/ros2_aruco/ros2_aruco) by extension 'ignore_ament_install'
[0.161s] Level 1:colcon.colcon_core.package_identification:_identify(src/ros2_aruco/ros2_aruco) by extensions ['colcon_pkg']
[0.161s] Level 1:colcon.colcon_core.package_identification:_identify(src/ros2_aruco/ros2_aruco) by extension 'colcon_pkg'
[0.161s] Level 1:colcon.colcon_core.package_identification:_identify(src/ros2_aruco/ros2_aruco) by extensions ['colcon_meta']
[0.161s] Level 1:colcon.colcon_core.package_identification:_identify(src/ros2_aruco/ros2_aruco) by extension 'colcon_meta'
[0.161s] Level 1:colcon.colcon_core.package_identification:_identify(src/ros2_aruco/ros2_aruco) by extensions ['ros']
[0.161s] Level 1:colcon.colcon_core.package_identification:_identify(src/ros2_aruco/ros2_aruco) by extension 'ros'
[0.161s] DEBUG:colcon.colcon_core.package_identification:Package 'src/ros2_aruco/ros2_aruco' with type 'ros.ament_python' and name 'ros2_aruco'
[0.161s] Level 1:colcon.colcon_core.package_identification:_identify(src/ros2_aruco/ros2_aruco_interfaces) by extensions ['ignore', 'ignore_ament_install']
[0.161s] Level 1:colcon.colcon_core.package_identification:_identify(src/ros2_aruco/ros2_aruco_interfaces) by extension 'ignore'
[0.161s] Level 1:colcon.colcon_core.package_identification:_identify(src/ros2_aruco/ros2_aruco_interfaces) by extension 'ignore_ament_install'
[0.161s] Level 1:colcon.colcon_core.package_identification:_identify(src/ros2_aruco/ros2_aruco_interfaces) by extensions ['colcon_pkg']
[0.161s] Level 1:colcon.colcon_core.package_identification:_identify(src/ros2_aruco/ros2_aruco_interfaces) by extension 'colcon_pkg'
[0.161s] Level 1:colcon.colcon_core.package_identification:_identify(src/ros2_aruco/ros2_aruco_interfaces) by extensions ['colcon_meta']
[0.161s] Level 1:colcon.colcon_core.package_identification:_identify(src/ros2_aruco/ros2_aruco_interfaces) by extension 'colcon_meta'
[0.161s] Level 1:colcon.colcon_core.package_identification:_identify(src/ros2_aruco/ros2_aruco_interfaces) by extensions ['ros']
[0.161s] Level 1:colcon.colcon_core.package_identification:_identify(src/ros2_aruco/ros2_aruco_interfaces) by extension 'ros'
[0.162s] DEBUG:colcon.colcon_core.package_identification:Package 'src/ros2_aruco/ros2_aruco_interfaces' with type 'ros.ament_cmake' and name 'ros2_aruco_interfaces'
[0.162s] Level 1:colcon.colcon_core.package_identification:_identify(src/turtlebot3_simulations-humble) by extensions ['ignore', 'ignore_ament_install']
[0.162s] Level 1:colcon.colcon_core.package_identification:_identify(src/turtlebot3_simulations-humble) by extension 'ignore'
[0.162s] Level 1:colcon.colcon_core.package_identification:_identify(src/turtlebot3_simulations-humble) by extension 'ignore_ament_install'
[0.162s] Level 1:colcon.colcon_core.package_identification:_identify(src/turtlebot3_simulations-humble) by extensions ['colcon_pkg']
[0.162s] Level 1:colcon.colcon_core.package_identification:_identify(src/turtlebot3_simulations-humble) by extension 'colcon_pkg'
[0.162s] Level 1:colcon.colcon_core.package_identification:_identify(src/turtlebot3_simulations-humble) by extensions ['colcon_meta']
[0.162s] Level 1:colcon.colcon_core.package_identification:_identify(src/turtlebot3_simulations-humble) by extension 'colcon_meta'
[0.162s] Level 1:colcon.colcon_core.package_identification:_identify(src/turtlebot3_simulations-humble) by extensions ['ros']
[0.162s] Level 1:colcon.colcon_core.package_identification:_identify(src/turtlebot3_simulations-humble) by extension 'ros'
[0.162s] Level 1:colcon.colcon_core.package_identification:_identify(src/turtlebot3_simulations-humble) by extensions ['cmake', 'python']
[0.162s] Level 1:colcon.colcon_core.package_identification:_identify(src/turtlebot3_simulations-humble) by extension 'cmake'
[0.162s] Level 1:colcon.colcon_core.package_identification:_identify(src/turtlebot3_simulations-humble) by extension 'python'
[0.162s] Level 1:colcon.colcon_core.package_identification:_identify(src/turtlebot3_simulations-humble) by extensions ['python_setup_py']
[0.162s] Level 1:colcon.colcon_core.package_identification:_identify(src/turtlebot3_simulations-humble) by extension 'python_setup_py'
[0.162s] Level 1:colcon.colcon_core.package_identification:_identify(src/turtlebot3_simulations-humble/turtlebot3_fake_node) by extensions ['ignore', 'ignore_ament_install']
[0.162s] Level 1:colcon.colcon_core.package_identification:_identify(src/turtlebot3_simulations-humble/turtlebot3_fake_node) by extension 'ignore'
[0.162s] Level 1:colcon.colcon_core.package_identification:_identify(src/turtlebot3_simulations-humble/turtlebot3_fake_node) by extension 'ignore_ament_install'
[0.162s] Level 1:colcon.colcon_core.package_identification:_identify(src/turtlebot3_simulations-humble/turtlebot3_fake_node) by extensions ['colcon_pkg']
[0.162s] Level 1:colcon.colcon_core.package_identification:_identify(src/turtlebot3_simulations-humble/turtlebot3_fake_node) by extension 'colcon_pkg'
[0.162s] Level 1:colcon.colcon_core.package_identification:_identify(src/turtlebot3_simulations-humble/turtlebot3_fake_node) by extensions ['colcon_meta']
[0.162s] Level 1:colcon.colcon_core.package_identification:_identify(src/turtlebot3_simulations-humble/turtlebot3_fake_node) by extension 'colcon_meta'
[0.162s] Level 1:colcon.colcon_core.package_identification:_identify(src/turtlebot3_simulations-humble/turtlebot3_fake_node) by extensions ['ros']
[0.162s] Level 1:colcon.colcon_core.package_identification:_identify(src/turtlebot3_simulations-humble/turtlebot3_fake_node) by extension 'ros'
[0.163s] DEBUG:colcon.colcon_core.package_identification:Package 'src/turtlebot3_simulations-humble/turtlebot3_fake_node' with type 'ros.ament_cmake' and name 'turtlebot3_fake_node'
[0.163s] Level 1:colcon.colcon_core.package_identification:_identify(src/turtlebot3_simulations-humble/turtlebot3_gazebo) by extensions ['ignore', 'ignore_ament_install']
[0.163s] Level 1:colcon.colcon_core.package_identification:_identify(src/turtlebot3_simulations-humble/turtlebot3_gazebo) by extension 'ignore'
[0.163s] Level 1:colcon.colcon_core.package_identification:_identify(src/turtlebot3_simulations-humble/turtlebot3_gazebo) by extension 'ignore_ament_install'
[0.163s] Level 1:colcon.colcon_core.package_identification:_identify(src/turtlebot3_simulations-humble/turtlebot3_gazebo) by extensions ['colcon_pkg']
[0.163s] Level 1:colcon.colcon_core.package_identification:_identify(src/turtlebot3_simulations-humble/turtlebot3_gazebo) by extension 'colcon_pkg'
[0.163s] Level 1:colcon.colcon_core.package_identification:_identify(src/turtlebot3_simulations-humble/turtlebot3_gazebo) by extensions ['colcon_meta']
[0.163s] Level 1:colcon.colcon_core.package_identification:_identify(src/turtlebot3_simulations-humble/turtlebot3_gazebo) by extension 'colcon_meta'
[0.163s] Level 1:colcon.colcon_core.package_identification:_identify(src/turtlebot3_simulations-humble/turtlebot3_gazebo) by extensions ['ros']
[0.163s] Level 1:colcon.colcon_core.package_identification:_identify(src/turtlebot3_simulations-humble/turtlebot3_gazebo) by extension 'ros'
[0.164s] DEBUG:colcon.colcon_core.package_identification:Package 'src/turtlebot3_simulations-humble/turtlebot3_gazebo' with type 'ros.ament_cmake' and name 'turtlebot3_gazebo'
[0.164s] Level 1:colcon.colcon_core.package_identification:_identify(src/turtlebot3_simulations-humble/turtlebot3_simulations) by extensions ['ignore', 'ignore_ament_install']
[0.164s] Level 1:colcon.colcon_core.package_identification:_identify(src/turtlebot3_simulations-humble/turtlebot3_simulations) by extension 'ignore'
[0.164s] Level 1:colcon.colcon_core.package_identification:_identify(src/turtlebot3_simulations-humble/turtlebot3_simulations) by extension 'ignore_ament_install'
[0.164s] Level 1:colcon.colcon_core.package_identification:_identify(src/turtlebot3_simulations-humble/turtlebot3_simulations) by extensions ['colcon_pkg']
[0.164s] Level 1:colcon.colcon_core.package_identification:_identify(src/turtlebot3_simulations-humble/turtlebot3_simulations) by extension 'colcon_pkg'
[0.164s] Level 1:colcon.colcon_core.package_identification:_identify(src/turtlebot3_simulations-humble/turtlebot3_simulations) by extensions ['colcon_meta']
[0.164s] Level 1:colcon.colcon_core.package_identification:_identify(src/turtlebot3_simulations-humble/turtlebot3_simulations) by extension 'colcon_meta'
[0.164s] Level 1:colcon.colcon_core.package_identification:_identify(src/turtlebot3_simulations-humble/turtlebot3_simulations) by extensions ['ros']
[0.164s] Level 1:colcon.colcon_core.package_identification:_identify(src/turtlebot3_simulations-humble/turtlebot3_simulations) by extension 'ros'
[0.164s] DEBUG:colcon.colcon_core.package_identification:Package 'src/turtlebot3_simulations-humble/turtlebot3_simulations' with type 'ros.ament_cmake' and name 'turtlebot3_simulations'
[0.165s] Level 1:colcon.colcon_core.package_identification:_identify(src/yolo_ros) by extensions ['ignore', 'ignore_ament_install']
[0.165s] Level 1:colcon.colcon_core.package_identification:_identify(src/yolo_ros) by extension 'ignore'
[0.165s] Level 1:colcon.colcon_core.package_identification:_identify(src/yolo_ros) by extension 'ignore_ament_install'
[0.165s] Level 1:colcon.colcon_core.package_identification:_identify(src/yolo_ros) by extensions ['colcon_pkg']
[0.165s] Level 1:colcon.colcon_core.package_identification:_identify(src/yolo_ros) by extension 'colcon_pkg'
[0.165s] Level 1:colcon.colcon_core.package_identification:_identify(src/yolo_ros) by extensions ['colcon_meta']
[0.165s] Level 1:colcon.colcon_core.package_identification:_identify(src/yolo_ros) by extension 'colcon_meta'
[0.165s] Level 1:colcon.colcon_core.package_identification:_identify(src/yolo_ros) by extensions ['ros']
[0.165s] Level 1:colcon.colcon_core.package_identification:_identify(src/yolo_ros) by extension 'ros'
[0.165s] Level 1:colcon.colcon_core.package_identification:_identify(src/yolo_ros) by extensions ['cmake', 'python']
[0.165s] Level 1:colcon.colcon_core.package_identification:_identify(src/yolo_ros) by extension 'cmake'
[0.165s] Level 1:colcon.colcon_core.package_identification:_identify(src/yolo_ros) by extension 'python'
[0.165s] Level 1:colcon.colcon_core.package_identification:_identify(src/yolo_ros) by extensions ['python_setup_py']
[0.165s] Level 1:colcon.colcon_core.package_identification:_identify(src/yolo_ros) by extension 'python_setup_py'
[0.165s] Level 1:colcon.colcon_core.package_identification:_identify(src/yolo_ros/docs) by extensions ['ignore', 'ignore_ament_install']
[0.165s] Level 1:colcon.colcon_core.package_identification:_identify(src/yolo_ros/docs) by extension 'ignore'
[0.165s] Level 1:colcon.colcon_core.package_identification:_identify(src/yolo_ros/docs) by extension 'ignore_ament_install'
[0.165s] Level 1:colcon.colcon_core.package_identification:_identify(src/yolo_ros/docs) by extensions ['colcon_pkg']
[0.165s] Level 1:colcon.colcon_core.package_identification:_identify(src/yolo_ros/docs) by extension 'colcon_pkg'
[0.165s] Level 1:colcon.colcon_core.package_identification:_identify(src/yolo_ros/docs) by extensions ['colcon_meta']
[0.165s] Level 1:colcon.colcon_core.package_identification:_identify(src/yolo_ros/docs) by extension 'colcon_meta'
[0.165s] Level 1:colcon.colcon_core.package_identification:_identify(src/yolo_ros/docs) by extensions ['ros']
[0.165s] Level 1:colcon.colcon_core.package_identification:_identify(src/yolo_ros/docs) by extension 'ros'
[0.165s] Level 1:colcon.colcon_core.package_identification:_identify(src/yolo_ros/docs) by extensions ['cmake', 'python']
[0.165s] Level 1:colcon.colcon_core.package_identification:_identify(src/yolo_ros/docs) by extension 'cmake'
[0.165s] Level 1:colcon.colcon_core.package_identification:_identify(src/yolo_ros/docs) by extension 'python'
[0.165s] Level 1:colcon.colcon_core.package_identification:_identify(src/yolo_ros/docs) by extensions ['python_setup_py']
[0.165s] Level 1:colcon.colcon_core.package_identification:_identify(src/yolo_ros/docs) by extension 'python_setup_py'
[0.165s] Level 1:colcon.colcon_core.package_identification:_identify(src/yolo_ros/yolo_bringup) by extensions ['ignore', 'ignore_ament_install']
[0.165s] Level 1:colcon.colcon_core.package_identification:_identify(src/yolo_ros/yolo_bringup) by extension 'ignore'
[0.165s] Level 1:colcon.colcon_core.package_identification:_identify(src/yolo_ros/yolo_bringup) by extension 'ignore_ament_install'
[0.165s] Level 1:colcon.colcon_core.package_identification:_identify(src/yolo_ros/yolo_bringup) by extensions ['colcon_pkg']
[0.165s] Level 1:colcon.colcon_core.package_identification:_identify(src/yolo_ros/yolo_bringup) by extension 'colcon_pkg'
[0.165s] Level 1:colcon.colcon_core.package_identification:_identify(src/yolo_ros/yolo_bringup) by extensions ['colcon_meta']
[0.165s] Level 1:colcon.colcon_core.package_identification:_identify(src/yolo_ros/yolo_bringup) by extension 'colcon_meta'
[0.165s] Level 1:colcon.colcon_core.package_identification:_identify(src/yolo_ros/yolo_bringup) by extensions ['ros']
[0.165s] Level 1:colcon.colcon_core.package_identification:_identify(src/yolo_ros/yolo_bringup) by extension 'ros'
[0.166s] DEBUG:colcon.colcon_core.package_identification:Package 'src/yolo_ros/yolo_bringup' with type 'ros.ament_cmake' and name 'yolo_bringup'
[0.166s] Level 1:colcon.colcon_core.package_identification:_identify(src/yolo_ros/yolo_msgs) by extensions ['ignore', 'ignore_ament_install']
[0.166s] Level 1:colcon.colcon_core.package_identification:_identify(src/yolo_ros/yolo_msgs) by extension 'ignore'
[0.166s] Level 1:colcon.colcon_core.package_identification:_identify(src/yolo_ros/yolo_msgs) by extension 'ignore_ament_install'
[0.166s] Level 1:colcon.colcon_core.package_identification:_identify(src/yolo_ros/yolo_msgs) by extensions ['colcon_pkg']
[0.166s] Level 1:colcon.colcon_core.package_identification:_identify(src/yolo_ros/yolo_msgs) by extension 'colcon_pkg'
[0.166s] Level 1:colcon.colcon_core.package_identification:_identify(src/yolo_ros/yolo_msgs) by extensions ['colcon_meta']
[0.166s] Level 1:colcon.colcon_core.package_identification:_identify(src/yolo_ros/yolo_msgs) by extension 'colcon_meta'
[0.166s] Level 1:colcon.colcon_core.package_identification:_identify(src/yolo_ros/yolo_msgs) by extensions ['ros']
[0.166s] Level 1:colcon.colcon_core.package_identification:_identify(src/yolo_ros/yolo_msgs) by extension 'ros'
[0.166s] DEBUG:colcon.colcon_core.package_identification:Package 'src/yolo_ros/yolo_msgs' with type 'ros.ament_cmake' and name 'yolo_msgs'
[0.166s] Level 1:colcon.colcon_core.package_identification:_identify(src/yolo_ros/yolo_ros) by extensions ['ignore', 'ignore_ament_install']
[0.166s] Level 1:colcon.colcon_core.package_identification:_identify(src/yolo_ros/yolo_ros) by extension 'ignore'
[0.166s] Level 1:colcon.colcon_core.package_identification:_identify(src/yolo_ros/yolo_ros) by extension 'ignore_ament_install'
[0.166s] Level 1:colcon.colcon_core.package_identification:_identify(src/yolo_ros/yolo_ros) by extensions ['colcon_pkg']
[0.166s] Level 1:colcon.colcon_core.package_identification:_identify(src/yolo_ros/yolo_ros) by extension 'colcon_pkg'
[0.167s] Level 1:colcon.colcon_core.package_identification:_identify(src/yolo_ros/yolo_ros) by extensions ['colcon_meta']
[0.167s] Level 1:colcon.colcon_core.package_identification:_identify(src/yolo_ros/yolo_ros) by extension 'colcon_meta'
[0.167s] Level 1:colcon.colcon_core.package_identification:_identify(src/yolo_ros/yolo_ros) by extensions ['ros']
[0.167s] Level 1:colcon.colcon_core.package_identification:_identify(src/yolo_ros/yolo_ros) by extension 'ros'
[0.167s] DEBUG:colcon.colcon_core.package_identification:Package 'src/yolo_ros/yolo_ros' with type 'ros.ament_python' and name 'yolo_ros'
[0.167s] Level 1:colcon.colcon_core.package_discovery:discover_packages(recursive) using defaults
[0.167s] Level 1:colcon.colcon_core.package_discovery:discover_packages(ignore) discover
[0.167s] Level 1:colcon.colcon_core.package_discovery:discover_packages(ignore) using defaults
[0.167s] Level 1:colcon.colcon_core.package_discovery:discover_packages(path) discover
[0.167s] Level 1:colcon.colcon_core.package_discovery:discover_packages(path) using defaults
[0.185s] Level 1:colcon.colcon_core.package_discovery:discover_packages(prefix_path) check parameters
[0.185s] Level 1:colcon.colcon_core.package_discovery:discover_packages(prefix_path) discover
[0.186s] WARNING:colcon.colcon_ros.prefix_path.ament:The path '/home/j/e2e_ws/install/delbot' in the environment variable AMENT_PREFIX_PATH doesn't exist
[0.186s] WARNING:colcon.colcon_ros.prefix_path.catkin:The path '/home/j/e2e_ws/install/image_fusion_node' in the environment variable CMAKE_PREFIX_PATH doesn't exist
[0.186s] WARNING:colcon.colcon_ros.prefix_path.catkin:The path '/home/j/e2e_ws/install/delbot' in the environment variable CMAKE_PREFIX_PATH doesn't exist
[0.186s] DEBUG:colcon.colcon_installed_package_information.package_discovery:Found 10 installed packages in /home/j/e2e_ws/install
[0.187s] DEBUG:colcon.colcon_installed_package_information.package_discovery:Found 318 installed packages in /opt/ros/humble
[0.188s] Level 1:colcon.colcon_core.package_discovery:discover_packages(prefix_path) using defaults
[0.210s] Level 5:colcon.colcon_core.verb:set package 'e2e_meta' build argument 'cmake_args' from command line to 'None'
[0.210s] Level 5:colcon.colcon_core.verb:set package 'e2e_meta' build argument 'cmake_target' from command line to 'None'
[0.210s] Level 5:colcon.colcon_core.verb:set package 'e2e_meta' build argument 'cmake_target_skip_unavailable' from command line to 'False'
[0.210s] Level 5:colcon.colcon_core.verb:set package 'e2e_meta' build argument 'cmake_clean_cache' from command line to 'False'
[0.210s] Level 5:colcon.colcon_core.verb:set package 'e2e_meta' build argument 'cmake_clean_first' from command line to 'False'
[0.210s] Level 5:colcon.colcon_core.verb:set package 'e2e_meta' build argument 'cmake_force_configure' from command line to 'False'
[0.210s] Level 5:colcon.colcon_core.verb:set package 'e2e_meta' build argument 'ament_cmake_args' from command line to 'None'
[0.210s] Level 5:colcon.colcon_core.verb:set package 'e2e_meta' build argument 'catkin_cmake_args' from command line to 'None'
[0.210s] Level 5:colcon.colcon_core.verb:set package 'e2e_meta' build argument 'catkin_skip_building_tests' from command line to 'False'
[0.210s] DEBUG:colcon.colcon_core.verb:Building package 'e2e_meta' with the following arguments: {'ament_cmake_args': None, 'build_base': '/home/j/e2e_ws/build/e2e_meta', 'catkin_cmake_args': None, 'catkin_skip_building_tests': False, 'cmake_args': None, 'cmake_clean_cache': False, 'cmake_clean_first': False, 'cmake_force_configure': False, 'cmake_target': None, 'cmake_target_skip_unavailable': False, 'install_base': '/home/j/e2e_ws/install/e2e_meta', 'merge_install': False, 'path': '/home/j/e2e_ws/src/e2e_meta', 'symlink_install': False, 'test_result_base': None}
[0.210s] Level 5:colcon.colcon_core.verb:set package 'ros2_aruco' build argument 'cmake_args' from command line to 'None'
[0.210s] Level 5:colcon.colcon_core.verb:set package 'ros2_aruco' build argument 'cmake_target' from command line to 'None'
[0.210s] Level 5:colcon.colcon_core.verb:set package 'ros2_aruco' build argument 'cmake_target_skip_unavailable' from command line to 'False'
[0.210s] Level 5:colcon.colcon_core.verb:set package 'ros2_aruco' build argument 'cmake_clean_cache' from command line to 'False'
[0.210s] Level 5:colcon.colcon_core.verb:set package 'ros2_aruco' build argument 'cmake_clean_first' from command line to 'False'
[0.210s] Level 5:colcon.colcon_core.verb:set package 'ros2_aruco' build argument 'cmake_force_configure' from command line to 'False'
[0.210s] Level 5:colcon.colcon_core.verb:set package 'ros2_aruco' build argument 'ament_cmake_args' from command line to 'None'
[0.210s] Level 5:colcon.colcon_core.verb:set package 'ros2_aruco' build argument 'catkin_cmake_args' from command line to 'None'
[0.210s] Level 5:colcon.colcon_core.verb:set package 'ros2_aruco' build argument 'catkin_skip_building_tests' from command line to 'False'
[0.210s] DEBUG:colcon.colcon_core.verb:Building package 'ros2_aruco' with the following arguments: {'ament_cmake_args': None, 'build_base': '/home/j/e2e_ws/build/ros2_aruco', 'catkin_cmake_args': None, 'catkin_skip_building_tests': False, 'cmake_args': None, 'cmake_clean_cache': False, 'cmake_clean_first': False, 'cmake_force_configure': False, 'cmake_target': None, 'cmake_target_skip_unavailable': False, 'install_base': '/home/j/e2e_ws/install/ros2_aruco', 'merge_install': False, 'path': '/home/j/e2e_ws/src/ros2_aruco/ros2_aruco', 'symlink_install': False, 'test_result_base': None}
[0.210s] Level 5:colcon.colcon_core.verb:set package 'ros2_aruco_interfaces' build argument 'cmake_args' from command line to 'None'
[0.210s] Level 5:colcon.colcon_core.verb:set package 'ros2_aruco_interfaces' build argument 'cmake_target' from command line to 'None'
[0.210s] Level 5:colcon.colcon_core.verb:set package 'ros2_aruco_interfaces' build argument 'cmake_target_skip_unavailable' from command line to 'False'
[0.210s] Level 5:colcon.colcon_core.verb:set package 'ros2_aruco_interfaces' build argument 'cmake_clean_cache' from command line to 'False'
[0.210s] Level 5:colcon.colcon_core.verb:set package 'ros2_aruco_interfaces' build argument 'cmake_clean_first' from command line to 'False'
[0.210s] Level 5:colcon.colcon_core.verb:set package 'ros2_aruco_interfaces' build argument 'cmake_force_configure' from command line to 'False'
[0.210s] Level 5:colcon.colcon_core.verb:set package 'ros2_aruco_interfaces' build argument 'ament_cmake_args' from command line to 'None'
[0.210s] Level 5:colcon.colcon_core.verb:set package 'ros2_aruco_interfaces' build argument 'catkin_cmake_args' from command line to 'None'
[0.210s] Level 5:colcon.colcon_core.verb:set package 'ros2_aruco_interfaces' build argument 'catkin_skip_building_tests' from command line to 'False'
[0.210s] DEBUG:colcon.colcon_core.verb:Building package 'ros2_aruco_interfaces' with the following arguments: {'ament_cmake_args': None, 'build_base': '/home/j/e2e_ws/build/ros2_aruco_interfaces', 'catkin_cmake_args': None, 'catkin_skip_building_tests': False, 'cmake_args': None, 'cmake_clean_cache': False, 'cmake_clean_first': False, 'cmake_force_configure': False, 'cmake_target': None, 'cmake_target_skip_unavailable': False, 'install_base': '/home/j/e2e_ws/install/ros2_aruco_interfaces', 'merge_install': False, 'path': '/home/j/e2e_ws/src/ros2_aruco/ros2_aruco_interfaces', 'symlink_install': False, 'test_result_base': None}
[0.211s] Level 5:colcon.colcon_core.verb:set package 'turtlebot3_fake_node' build argument 'cmake_args' from command line to 'None'
[0.211s] Level 5:colcon.colcon_core.verb:set package 'turtlebot3_fake_node' build argument 'cmake_target' from command line to 'None'
[0.211s] Level 5:colcon.colcon_core.verb:set package 'turtlebot3_fake_node' build argument 'cmake_target_skip_unavailable' from command line to 'False'
[0.211s] Level 5:colcon.colcon_core.verb:set package 'turtlebot3_fake_node' build argument 'cmake_clean_cache' from command line to 'False'
[0.211s] Level 5:colcon.colcon_core.verb:set package 'turtlebot3_fake_node' build argument 'cmake_clean_first' from command line to 'False'
[0.211s] Level 5:colcon.colcon_core.verb:set package 'turtlebot3_fake_node' build argument 'cmake_force_configure' from command line to 'False'
[0.211s] Level 5:colcon.colcon_core.verb:set package 'turtlebot3_fake_node' build argument 'ament_cmake_args' from command line to 'None'
[0.211s] Level 5:colcon.colcon_core.verb:set package 'turtlebot3_fake_node' build argument 'catkin_cmake_args' from command line to 'None'
[0.211s] Level 5:colcon.colcon_core.verb:set package 'turtlebot3_fake_node' build argument 'catkin_skip_building_tests' from command line to 'False'
[0.211s] DEBUG:colcon.colcon_core.verb:Building package 'turtlebot3_fake_node' with the following arguments: {'ament_cmake_args': None, 'build_base': '/home/j/e2e_ws/build/turtlebot3_fake_node', 'catkin_cmake_args': None, 'catkin_skip_building_tests': False, 'cmake_args': None, 'cmake_clean_cache': False, 'cmake_clean_first': False, 'cmake_force_configure': False, 'cmake_target': None, 'cmake_target_skip_unavailable': False, 'install_base': '/home/j/e2e_ws/install/turtlebot3_fake_node', 'merge_install': False, 'path': '/home/j/e2e_ws/src/turtlebot3_simulations-humble/turtlebot3_fake_node', 'symlink_install': False, 'test_result_base': None}
[0.211s] Level 5:colcon.colcon_core.verb:set package 'turtlebot3_gazebo' build argument 'cmake_args' from command line to 'None'
[0.211s] Level 5:colcon.colcon_core.verb:set package 'turtlebot3_gazebo' build argument 'cmake_target' from command line to 'None'
[0.211s] Level 5:colcon.colcon_core.verb:set package 'turtlebot3_gazebo' build argument 'cmake_target_skip_unavailable' from command line to 'False'
[0.211s] Level 5:colcon.colcon_core.verb:set package 'turtlebot3_gazebo' build argument 'cmake_clean_cache' from command line to 'False'
[0.211s] Level 5:colcon.colcon_core.verb:set package 'turtlebot3_gazebo' build argument 'cmake_clean_first' from command line to 'False'
[0.211s] Level 5:colcon.colcon_core.verb:set package 'turtlebot3_gazebo' build argument 'cmake_force_configure' from command line to 'False'
[0.211s] Level 5:colcon.colcon_core.verb:set package 'turtlebot3_gazebo' build argument 'ament_cmake_args' from command line to 'None'
[0.211s] Level 5:colcon.colcon_core.verb:set package 'turtlebot3_gazebo' build argument 'catkin_cmake_args' from command line to 'None'
[0.211s] Level 5:colcon.colcon_core.verb:set package 'turtlebot3_gazebo' build argument 'catkin_skip_building_tests' from command line to 'False'
[0.211s] DEBUG:colcon.colcon_core.verb:Building package 'turtlebot3_gazebo' with the following arguments: {'ament_cmake_args': None, 'build_base': '/home/j/e2e_ws/build/turtlebot3_gazebo', 'catkin_cmake_args': None, 'catkin_skip_building_tests': False, 'cmake_args': None, 'cmake_clean_cache': False, 'cmake_clean_first': False, 'cmake_force_configure': False, 'cmake_target': None, 'cmake_target_skip_unavailable': False, 'install_base': '/home/j/e2e_ws/install/turtlebot3_gazebo', 'merge_install': False, 'path': '/home/j/e2e_ws/src/turtlebot3_simulations-humble/turtlebot3_gazebo', 'symlink_install': False, 'test_result_base': None}
[0.211s] Level 5:colcon.colcon_core.verb:set package 'yolo_msgs' build argument 'cmake_args' from command line to 'None'
[0.211s] Level 5:colcon.colcon_core.verb:set package 'yolo_msgs' build argument 'cmake_target' from command line to 'None'
[0.211s] Level 5:colcon.colcon_core.verb:set package 'yolo_msgs' build argument 'cmake_target_skip_unavailable' from command line to 'False'
[0.211s] Level 5:colcon.colcon_core.verb:set package 'yolo_msgs' build argument 'cmake_clean_cache' from command line to 'False'
[0.211s] Level 5:colcon.colcon_core.verb:set package 'yolo_msgs' build argument 'cmake_clean_first' from command line to 'False'
[0.211s] Level 5:colcon.colcon_core.verb:set package 'yolo_msgs' build argument 'cmake_force_configure' from command line to 'False'
[0.211s] Level 5:colcon.colcon_core.verb:set package 'yolo_msgs' build argument 'ament_cmake_args' from command line to 'None'
[0.211s] Level 5:colcon.colcon_core.verb:set package 'yolo_msgs' build argument 'catkin_cmake_args' from command line to 'None'
[0.211s] Level 5:colcon.colcon_core.verb:set package 'yolo_msgs' build argument 'catkin_skip_building_tests' from command line to 'False'
[0.211s] DEBUG:colcon.colcon_core.verb:Building package 'yolo_msgs' with the following arguments: {'ament_cmake_args': None, 'build_base': '/home/j/e2e_ws/build/yolo_msgs', 'catkin_cmake_args': None, 'catkin_skip_building_tests': False, 'cmake_args': None, 'cmake_clean_cache': False, 'cmake_clean_first': False, 'cmake_force_configure': False, 'cmake_target': None, 'cmake_target_skip_unavailable': False, 'install_base': '/home/j/e2e_ws/install/yolo_msgs', 'merge_install': False, 'path': '/home/j/e2e_ws/src/yolo_ros/yolo_msgs', 'symlink_install': False, 'test_result_base': None}
[0.211s] Level 5:colcon.colcon_core.verb:set package 'image_fusion' build argument 'cmake_args' from command line to 'None'
[0.211s] Level 5:colcon.colcon_core.verb:set package 'image_fusion' build argument 'cmake_target' from command line to 'None'
[0.211s] Level 5:colcon.colcon_core.verb:set package 'image_fusion' build argument 'cmake_target_skip_unavailable' from command line to 'False'
[0.211s] Level 5:colcon.colcon_core.verb:set package 'image_fusion' build argument 'cmake_clean_cache' from command line to 'False'
[0.211s] Level 5:colcon.colcon_core.verb:set package 'image_fusion' build argument 'cmake_clean_first' from command line to 'False'
[0.211s] Level 5:colcon.colcon_core.verb:set package 'image_fusion' build argument 'cmake_force_configure' from command line to 'False'
[0.211s] Level 5:colcon.colcon_core.verb:set package 'image_fusion' build argument 'ament_cmake_args' from command line to 'None'
[0.211s] Level 5:colcon.colcon_core.verb:set package 'image_fusion' build argument 'catkin_cmake_args' from command line to 'None'
[0.212s] Level 5:colcon.colcon_core.verb:set package 'image_fusion' build argument 'catkin_skip_building_tests' from command line to 'False'
[0.212s] DEBUG:colcon.colcon_core.verb:Building package 'image_fusion' with the following arguments: {'ament_cmake_args': None, 'build_base': '/home/j/e2e_ws/build/image_fusion', 'catkin_cmake_args': None, 'catkin_skip_building_tests': False, 'cmake_args': None, 'cmake_clean_cache': False, 'cmake_clean_first': False, 'cmake_force_configure': False, 'cmake_target': None, 'cmake_target_skip_unavailable': False, 'install_base': '/home/j/e2e_ws/install/image_fusion', 'merge_install': False, 'path': '/home/j/e2e_ws/src/image_fusion', 'symlink_install': False, 'test_result_base': None}
[0.212s] Level 5:colcon.colcon_core.verb:set package 'turtlebot3_simulations' build argument 'cmake_args' from command line to 'None'
[0.212s] Level 5:colcon.colcon_core.verb:set package 'turtlebot3_simulations' build argument 'cmake_target' from command line to 'None'
[0.212s] Level 5:colcon.colcon_core.verb:set package 'turtlebot3_simulations' build argument 'cmake_target_skip_unavailable' from command line to 'False'
[0.212s] Level 5:colcon.colcon_core.verb:set package 'turtlebot3_simulations' build argument 'cmake_clean_cache' from command line to 'False'
[0.212s] Level 5:colcon.colcon_core.verb:set package 'turtlebot3_simulations' build argument 'cmake_clean_first' from command line to 'False'
[0.212s] Level 5:colcon.colcon_core.verb:set package 'turtlebot3_simulations' build argument 'cmake_force_configure' from command line to 'False'
[0.212s] Level 5:colcon.colcon_core.verb:set package 'turtlebot3_simulations' build argument 'ament_cmake_args' from command line to 'None'
[0.212s] Level 5:colcon.colcon_core.verb:set package 'turtlebot3_simulations' build argument 'catkin_cmake_args' from command line to 'None'
[0.212s] Level 5:colcon.colcon_core.verb:set package 'turtlebot3_simulations' build argument 'catkin_skip_building_tests' from command line to 'False'
[0.212s] DEBUG:colcon.colcon_core.verb:Building package 'turtlebot3_simulations' with the following arguments: {'ament_cmake_args': None, 'build_base': '/home/j/e2e_ws/build/turtlebot3_simulations', 'catkin_cmake_args': None, 'catkin_skip_building_tests': False, 'cmake_args': None, 'cmake_clean_cache': False, 'cmake_clean_first': False, 'cmake_force_configure': False, 'cmake_target': None, 'cmake_target_skip_unavailable': False, 'install_base': '/home/j/e2e_ws/install/turtlebot3_simulations', 'merge_install': False, 'path': '/home/j/e2e_ws/src/turtlebot3_simulations-humble/turtlebot3_simulations', 'symlink_install': False, 'test_result_base': None}
[0.212s] Level 5:colcon.colcon_core.verb:set package 'yolo_ros' build argument 'cmake_args' from command line to 'None'
[0.212s] Level 5:colcon.colcon_core.verb:set package 'yolo_ros' build argument 'cmake_target' from command line to 'None'
[0.212s] Level 5:colcon.colcon_core.verb:set package 'yolo_ros' build argument 'cmake_target_skip_unavailable' from command line to 'False'
[0.212s] Level 5:colcon.colcon_core.verb:set package 'yolo_ros' build argument 'cmake_clean_cache' from command line to 'False'
[0.212s] Level 5:colcon.colcon_core.verb:set package 'yolo_ros' build argument 'cmake_clean_first' from command line to 'False'
[0.212s] Level 5:colcon.colcon_core.verb:set package 'yolo_ros' build argument 'cmake_force_configure' from command line to 'False'
[0.212s] Level 5:colcon.colcon_core.verb:set package 'yolo_ros' build argument 'ament_cmake_args' from command line to 'None'
[0.212s] Level 5:colcon.colcon_core.verb:set package 'yolo_ros' build argument 'catkin_cmake_args' from command line to 'None'
[0.212s] Level 5:colcon.colcon_core.verb:set package 'yolo_ros' build argument 'catkin_skip_building_tests' from command line to 'False'
[0.212s] DEBUG:colcon.colcon_core.verb:Building package 'yolo_ros' with the following arguments: {'ament_cmake_args': None, 'build_base': '/home/j/e2e_ws/build/yolo_ros', 'catkin_cmake_args': None, 'catkin_skip_building_tests': False, 'cmake_args': None, 'cmake_clean_cache': False, 'cmake_clean_first': False, 'cmake_force_configure': False, 'cmake_target': None, 'cmake_target_skip_unavailable': False, 'install_base': '/home/j/e2e_ws/install/yolo_ros', 'merge_install': False, 'path': '/home/j/e2e_ws/src/yolo_ros/yolo_ros', 'symlink_install': False, 'test_result_base': None}
[0.212s] Level 5:colcon.colcon_core.verb:set package 'yolo_bringup' build argument 'cmake_args' from command line to 'None'
[0.212s] Level 5:colcon.colcon_core.verb:set package 'yolo_bringup' build argument 'cmake_target' from command line to 'None'
[0.212s] Level 5:colcon.colcon_core.verb:set package 'yolo_bringup' build argument 'cmake_target_skip_unavailable' from command line to 'False'
[0.212s] Level 5:colcon.colcon_core.verb:set package 'yolo_bringup' build argument 'cmake_clean_cache' from command line to 'False'
[0.212s] Level 5:colcon.colcon_core.verb:set package 'yolo_bringup' build argument 'cmake_clean_first' from command line to 'False'
[0.212s] Level 5:colcon.colcon_core.verb:set package 'yolo_bringup' build argument 'cmake_force_configure' from command line to 'False'
[0.212s] Level 5:colcon.colcon_core.verb:set package 'yolo_bringup' build argument 'ament_cmake_args' from command line to 'None'
[0.212s] Level 5:colcon.colcon_core.verb:set package 'yolo_bringup' build argument 'catkin_cmake_args' from command line to 'None'
[0.212s] Level 5:colcon.colcon_core.verb:set package 'yolo_bringup' build argument 'catkin_skip_building_tests' from command line to 'False'
[0.212s] DEBUG:colcon.colcon_core.verb:Building package 'yolo_bringup' with the following arguments: {'ament_cmake_args': None, 'build_base': '/home/j/e2e_ws/build/yolo_bringup', 'catkin_cmake_args': None, 'catkin_skip_building_tests': False, 'cmake_args': None, 'cmake_clean_cache': False, 'cmake_clean_first': False, 'cmake_force_configure': False, 'cmake_target': None, 'cmake_target_skip_unavailable': False, 'install_base': '/home/j/e2e_ws/install/yolo_bringup', 'merge_install': False, 'path': '/home/j/e2e_ws/src/yolo_ros/yolo_bringup', 'symlink_install': False, 'test_result_base': None}
[0.212s] INFO:colcon.colcon_core.executor:Executing jobs using 'parallel' executor
[0.214s] DEBUG:colcon.colcon_parallel_executor.executor.parallel:run_until_complete
[0.214s] INFO:colcon.colcon_ros.task.ament_cmake.build:Building ROS package in '/home/j/e2e_ws/src/yolo_ros/yolo_msgs' with build type 'ament_cmake'
[0.214s] INFO:colcon.colcon_cmake.task.cmake.build:Building CMake package in '/home/j/e2e_ws/src/yolo_ros/yolo_msgs'
[0.216s] INFO:colcon.colcon_core.plugin_system:Skipping extension 'colcon_core.shell.bat': Not used on non-Windows systems
[0.216s] INFO:colcon.colcon_core.shell:Skip shell extension 'powershell' for command environment: Not usable outside of PowerShell
[0.216s] DEBUG:colcon.colcon_core.shell:Skip shell extension 'dsv' for command environment
[0.219s] INFO:colcon.colcon_ros.task.ament_cmake.build:Building ROS package in '/home/j/e2e_ws/src/turtlebot3_simulations-humble/turtlebot3_fake_node' with build type 'ament_cmake'
[0.219s] INFO:colcon.colcon_cmake.task.cmake.build:Building CMake package in '/home/j/e2e_ws/src/turtlebot3_simulations-humble/turtlebot3_fake_node'
[0.219s] INFO:colcon.colcon_core.shell:Skip shell extension 'powershell' for command environment: Not usable outside of PowerShell
[0.219s] DEBUG:colcon.colcon_core.shell:Skip shell extension 'dsv' for command environment
[0.221s] INFO:colcon.colcon_ros.task.ament_cmake.build:Building ROS package in '/home/j/e2e_ws/src/turtlebot3_simulations-humble/turtlebot3_gazebo' with build type 'ament_cmake'
[0.221s] INFO:colcon.colcon_cmake.task.cmake.build:Building CMake package in '/home/j/e2e_ws/src/turtlebot3_simulations-humble/turtlebot3_gazebo'
[0.221s] INFO:colcon.colcon_core.shell:Skip shell extension 'powershell' for command environment: Not usable outside of PowerShell
[0.221s] DEBUG:colcon.colcon_core.shell:Skip shell extension 'dsv' for command environment
[0.223s] INFO:colcon.colcon_ros.task.ament_cmake.build:Building ROS package in '/home/j/e2e_ws/src/e2e_meta' with build type 'ament_cmake'
[0.229s] INFO:colcon.colcon_cmake.task.cmake.build:Building CMake package in '/home/j/e2e_ws/src/e2e_meta'
[0.229s] INFO:colcon.colcon_core.shell:Skip shell extension 'powershell' for command environment: Not usable outside of PowerShell
[0.229s] DEBUG:colcon.colcon_core.shell:Skip shell extension 'dsv' for command environment
[0.231s] INFO:colcon.colcon_ros.task.ament_python.build:Building ROS package in '/home/j/e2e_ws/src/ros2_aruco/ros2_aruco' with build type 'ament_python'
[0.231s] Level 1:colcon.colcon_core.shell:create_environment_hook('ros2_aruco', 'ament_prefix_path')
[0.231s] INFO:colcon.colcon_core.shell:Creating environment hook '/home/j/e2e_ws/install/ros2_aruco/share/ros2_aruco/hook/ament_prefix_path.ps1'
[0.231s] INFO:colcon.colcon_core.shell:Creating environment descriptor '/home/j/e2e_ws/install/ros2_aruco/share/ros2_aruco/hook/ament_prefix_path.dsv'
[0.232s] INFO:colcon.colcon_core.shell:Creating environment hook '/home/j/e2e_ws/install/ros2_aruco/share/ros2_aruco/hook/ament_prefix_path.sh'
[0.232s] INFO:colcon.colcon_core.shell:Skip shell extension 'powershell' for command environment: Not usable outside of PowerShell
[0.232s] DEBUG:colcon.colcon_core.shell:Skip shell extension 'dsv' for command environment
[0.234s] INFO:colcon.colcon_ros.task.ament_cmake.build:Building ROS package in '/home/j/e2e_ws/src/ros2_aruco/ros2_aruco_interfaces' with build type 'ament_cmake'
[0.234s] INFO:colcon.colcon_cmake.task.cmake.build:Building CMake package in '/home/j/e2e_ws/src/ros2_aruco/ros2_aruco_interfaces'
[0.234s] INFO:colcon.colcon_core.shell:Skip shell extension 'powershell' for command environment: Not usable outside of PowerShell
[0.234s] DEBUG:colcon.colcon_core.shell:Skip shell extension 'dsv' for command environment
[0.239s] DEBUG:colcon.colcon_core.event_handler.log_command:Invoking command in '/home/j/e2e_ws/build/yolo_msgs': CMAKE_PREFIX_PATH=${CMAKE_PREFIX_PATH}:/home/j/e2e_ws/install/yolo_ros:/home/j/e2e_ws/install/ros2_aruco:/opt/ros/humble /usr/bin/cmake --build /home/j/e2e_ws/build/yolo_msgs -- -j22 -l22
[0.240s] DEBUG:colcon.colcon_core.event_handler.log_command:Invoking command in '/home/j/e2e_ws/build/turtlebot3_fake_node': CMAKE_PREFIX_PATH=${CMAKE_PREFIX_PATH}:/home/j/e2e_ws/install/yolo_ros:/home/j/e2e_ws/install/ros2_aruco:/opt/ros/humble /usr/bin/cmake --build /home/j/e2e_ws/build/turtlebot3_fake_node -- -j22 -l22
[0.242s] DEBUG:colcon.colcon_core.event_handler.log_command:Invoking command in '/home/j/e2e_ws/build/turtlebot3_gazebo': CMAKE_PREFIX_PATH=${CMAKE_PREFIX_PATH}:/home/j/e2e_ws/install/yolo_ros:/home/j/e2e_ws/install/ros2_aruco:/opt/ros/humble /usr/bin/cmake --build /home/j/e2e_ws/build/turtlebot3_gazebo -- -j22 -l22
[0.243s] DEBUG:colcon.colcon_core.event_handler.log_command:Invoking command in '/home/j/e2e_ws/build/e2e_meta': CMAKE_PREFIX_PATH=${CMAKE_PREFIX_PATH}:/home/j/e2e_ws/install/yolo_ros:/home/j/e2e_ws/install/ros2_aruco:/opt/ros/humble /usr/bin/cmake --build /home/j/e2e_ws/build/e2e_meta -- -j22 -l22
[0.427s] INFO:colcon.colcon_core.task.python.build:Building Python package in '/home/j/e2e_ws/src/ros2_aruco/ros2_aruco'
[0.427s] INFO:colcon.colcon_core.shell:Skip shell extension 'powershell' for command environment: Not usable outside of PowerShell
[0.427s] DEBUG:colcon.colcon_core.shell:Skip shell extension 'dsv' for command environment
[0.436s] DEBUG:colcon.colcon_core.event_handler.log_command:Invoking command in '/home/j/e2e_ws/build/ros2_aruco_interfaces': CMAKE_PREFIX_PATH=${CMAKE_PREFIX_PATH}:/home/j/e2e_ws/install/yolo_ros:/home/j/e2e_ws/install/ros2_aruco:/opt/ros/humble /usr/bin/cmake --build /home/j/e2e_ws/build/ros2_aruco_interfaces -- -j22 -l22
[0.436s] DEBUG:colcon.colcon_core.event_handler.log_command:Invoked command in '/home/j/e2e_ws/build/e2e_meta' returned '0': CMAKE_PREFIX_PATH=${CMAKE_PREFIX_PATH}:/home/j/e2e_ws/install/yolo_ros:/home/j/e2e_ws/install/ros2_aruco:/opt/ros/humble /usr/bin/cmake --build /home/j/e2e_ws/build/e2e_meta -- -j22 -l22
[0.446s] DEBUG:colcon.colcon_core.event_handler.log_command:Invoking command in '/home/j/e2e_ws/build/e2e_meta': CMAKE_PREFIX_PATH=${CMAKE_PREFIX_PATH}:/home/j/e2e_ws/install/yolo_ros:/home/j/e2e_ws/install/ros2_aruco:/opt/ros/humble /usr/bin/cmake --install /home/j/e2e_ws/build/e2e_meta
[0.447s] DEBUG:colcon.colcon_core.event_handler.log_command:Invoked command in '/home/j/e2e_ws/build/turtlebot3_fake_node' returned '0': CMAKE_PREFIX_PATH=${CMAKE_PREFIX_PATH}:/home/j/e2e_ws/install/yolo_ros:/home/j/e2e_ws/install/ros2_aruco:/opt/ros/humble /usr/bin/cmake --build /home/j/e2e_ws/build/turtlebot3_fake_node -- -j22 -l22
[0.448s] DEBUG:colcon.colcon_core.event_handler.log_command:Invoking command in '/home/j/e2e_ws/build/turtlebot3_fake_node': CMAKE_PREFIX_PATH=${CMAKE_PREFIX_PATH}:/home/j/e2e_ws/install/yolo_ros:/home/j/e2e_ws/install/ros2_aruco:/opt/ros/humble /usr/bin/cmake --install /home/j/e2e_ws/build/turtlebot3_fake_node
[0.451s] DEBUG:colcon.colcon_core.event_handler.log_command:Invoked command in '/home/j/e2e_ws/build/turtlebot3_gazebo' returned '0': CMAKE_PREFIX_PATH=${CMAKE_PREFIX_PATH}:/home/j/e2e_ws/install/yolo_ros:/home/j/e2e_ws/install/ros2_aruco:/opt/ros/humble /usr/bin/cmake --build /home/j/e2e_ws/build/turtlebot3_gazebo -- -j22 -l22
[0.452s] DEBUG:colcon.colcon_core.event_handler.log_command:Invoking command in '/home/j/e2e_ws/build/turtlebot3_gazebo': CMAKE_PREFIX_PATH=${CMAKE_PREFIX_PATH}:/home/j/e2e_ws/install/yolo_ros:/home/j/e2e_ws/install/ros2_aruco:/opt/ros/humble /usr/bin/cmake --install /home/j/e2e_ws/build/turtlebot3_gazebo
[0.456s] Level 1:colcon.colcon_core.environment:create_environment_scripts_only(e2e_meta)
[0.460s] DEBUG:colcon.colcon_core.event_handler.log_command:Invoked command in '/home/j/e2e_ws/build/e2e_meta' returned '0': CMAKE_PREFIX_PATH=${CMAKE_PREFIX_PATH}:/home/j/e2e_ws/install/yolo_ros:/home/j/e2e_ws/install/ros2_aruco:/opt/ros/humble /usr/bin/cmake --install /home/j/e2e_ws/build/e2e_meta
[0.471s] Level 1:colcon.colcon_core.environment:checking '/home/j/e2e_ws/install/e2e_meta' for CMake module files
[0.474s] Level 1:colcon.colcon_core.environment:checking '/home/j/e2e_ws/install/e2e_meta' for CMake config files
[0.479s] Level 1:colcon.colcon_core.shell:create_environment_hook('e2e_meta', 'cmake_prefix_path')
[0.479s] INFO:colcon.colcon_core.shell:Creating environment hook '/home/j/e2e_ws/install/e2e_meta/share/e2e_meta/hook/cmake_prefix_path.ps1'
[0.481s] INFO:colcon.colcon_core.shell:Creating environment descriptor '/home/j/e2e_ws/install/e2e_meta/share/e2e_meta/hook/cmake_prefix_path.dsv'
[0.482s] INFO:colcon.colcon_core.shell:Creating environment hook '/home/j/e2e_ws/install/e2e_meta/share/e2e_meta/hook/cmake_prefix_path.sh'
[0.483s] Level 1:colcon.colcon_core.environment:checking '/home/j/e2e_ws/install/e2e_meta/bin'
[0.483s] Level 1:colcon.colcon_core.environment:checking '/home/j/e2e_ws/install/e2e_meta/lib/pkgconfig/e2e_meta.pc'
[0.483s] Level 1:colcon.colcon_core.environment:checking '/home/j/e2e_ws/install/e2e_meta/lib/python3.10/site-packages'
[0.484s] Level 1:colcon.colcon_core.environment:checking '/home/j/e2e_ws/install/e2e_meta/bin'
[0.484s] INFO:colcon.colcon_core.shell:Creating package script '/home/j/e2e_ws/install/e2e_meta/share/e2e_meta/package.ps1'
[0.485s] INFO:colcon.colcon_core.shell:Creating package descriptor '/home/j/e2e_ws/install/e2e_meta/share/e2e_meta/package.dsv'
[0.486s] INFO:colcon.colcon_core.shell:Creating package script '/home/j/e2e_ws/install/e2e_meta/share/e2e_meta/package.sh'
[0.486s] INFO:colcon.colcon_core.shell:Creating package script '/home/j/e2e_ws/install/e2e_meta/share/e2e_meta/package.bash'
[0.487s] INFO:colcon.colcon_core.shell:Creating package script '/home/j/e2e_ws/install/e2e_meta/share/e2e_meta/package.zsh'
[0.488s] Level 1:colcon.colcon_core.environment:create_file_with_runtime_dependencies(/home/j/e2e_ws/install/e2e_meta/share/colcon-core/packages/e2e_meta)
[0.489s] Level 1:colcon.colcon_core.environment:create_environment_scripts_only(e2e_meta)
[0.489s] Level 1:colcon.colcon_core.environment:checking '/home/j/e2e_ws/install/e2e_meta' for CMake module files
[0.490s] Level 1:colcon.colcon_core.environment:checking '/home/j/e2e_ws/install/e2e_meta' for CMake config files
[0.490s] Level 1:colcon.colcon_core.shell:create_environment_hook('e2e_meta', 'cmake_prefix_path')
[0.490s] INFO:colcon.colcon_core.shell:Creating environment hook '/home/j/e2e_ws/install/e2e_meta/share/e2e_meta/hook/cmake_prefix_path.ps1'
[0.491s] INFO:colcon.colcon_core.shell:Creating environment descriptor '/home/j/e2e_ws/install/e2e_meta/share/e2e_meta/hook/cmake_prefix_path.dsv'
[0.492s] INFO:colcon.colcon_core.shell:Creating environment hook '/home/j/e2e_ws/install/e2e_meta/share/e2e_meta/hook/cmake_prefix_path.sh'
[0.492s] Level 1:colcon.colcon_core.environment:checking '/home/j/e2e_ws/install/e2e_meta/bin'
[0.493s] Level 1:colcon.colcon_core.environment:checking '/home/j/e2e_ws/install/e2e_meta/lib/pkgconfig/e2e_meta.pc'
[0.493s] Level 1:colcon.colcon_core.environment:checking '/home/j/e2e_ws/install/e2e_meta/lib/python3.10/site-packages'
[0.493s] Level 1:colcon.colcon_core.environment:checking '/home/j/e2e_ws/install/e2e_meta/bin'
[0.494s] INFO:colcon.colcon_core.shell:Creating package script '/home/j/e2e_ws/install/e2e_meta/share/e2e_meta/package.ps1'
[0.495s] INFO:colcon.colcon_core.shell:Creating package descriptor '/home/j/e2e_ws/install/e2e_meta/share/e2e_meta/package.dsv'
[0.495s] INFO:colcon.colcon_core.shell:Creating package script '/home/j/e2e_ws/install/e2e_meta/share/e2e_meta/package.sh'
[0.495s] INFO:colcon.colcon_core.shell:Creating package script '/home/j/e2e_ws/install/e2e_meta/share/e2e_meta/package.bash'
[0.496s] INFO:colcon.colcon_core.shell:Creating package script '/home/j/e2e_ws/install/e2e_meta/share/e2e_meta/package.zsh'
[0.496s] Level 1:colcon.colcon_core.environment:create_file_with_runtime_dependencies(/home/j/e2e_ws/install/e2e_meta/share/colcon-core/packages/e2e_meta)
[0.496s] Level 1:colcon.colcon_core.environment:create_environment_scripts_only(turtlebot3_fake_node)
[0.497s] Level 1:colcon.colcon_core.environment:checking '/home/j/e2e_ws/install/turtlebot3_fake_node' for CMake module files
[0.497s] Level 1:colcon.colcon_core.environment:checking '/home/j/e2e_ws/install/turtlebot3_fake_node' for CMake config files
[0.497s] DEBUG:colcon.colcon_core.event_handler.log_command:Invoked command in '/home/j/e2e_ws/build/turtlebot3_fake_node' returned '0': CMAKE_PREFIX_PATH=${CMAKE_PREFIX_PATH}:/home/j/e2e_ws/install/yolo_ros:/home/j/e2e_ws/install/ros2_aruco:/opt/ros/humble /usr/bin/cmake --install /home/j/e2e_ws/build/turtlebot3_fake_node
[0.497s] Level 1:colcon.colcon_core.shell:create_environment_hook('turtlebot3_fake_node', 'cmake_prefix_path')
[0.498s] INFO:colcon.colcon_core.shell:Creating environment hook '/home/j/e2e_ws/install/turtlebot3_fake_node/share/turtlebot3_fake_node/hook/cmake_prefix_path.ps1'
[0.498s] INFO:colcon.colcon_core.shell:Creating environment descriptor '/home/j/e2e_ws/install/turtlebot3_fake_node/share/turtlebot3_fake_node/hook/cmake_prefix_path.dsv'
[0.498s] INFO:colcon.colcon_core.shell:Creating environment hook '/home/j/e2e_ws/install/turtlebot3_fake_node/share/turtlebot3_fake_node/hook/cmake_prefix_path.sh'
[0.498s] Level 1:colcon.colcon_core.environment:checking '/home/j/e2e_ws/install/turtlebot3_fake_node/lib'
[0.499s] Level 1:colcon.colcon_core.environment:checking '/home/j/e2e_ws/install/turtlebot3_fake_node/bin'
[0.499s] Level 1:colcon.colcon_core.environment:checking '/home/j/e2e_ws/install/turtlebot3_fake_node/lib/pkgconfig/turtlebot3_fake_node.pc'
[0.499s] Level 1:colcon.colcon_core.environment:checking '/home/j/e2e_ws/install/turtlebot3_fake_node/lib/python3.10/site-packages'
[0.499s] Level 1:colcon.colcon_core.environment:checking '/home/j/e2e_ws/install/turtlebot3_fake_node/bin'
[0.499s] INFO:colcon.colcon_core.shell:Creating package script '/home/j/e2e_ws/install/turtlebot3_fake_node/share/turtlebot3_fake_node/package.ps1'
[0.499s] INFO:colcon.colcon_core.shell:Creating package descriptor '/home/j/e2e_ws/install/turtlebot3_fake_node/share/turtlebot3_fake_node/package.dsv'
[0.500s] INFO:colcon.colcon_core.shell:Creating package script '/home/j/e2e_ws/install/turtlebot3_fake_node/share/turtlebot3_fake_node/package.sh'
[0.500s] INFO:colcon.colcon_core.shell:Creating package script '/home/j/e2e_ws/install/turtlebot3_fake_node/share/turtlebot3_fake_node/package.bash'
[0.500s] INFO:colcon.colcon_core.shell:Creating package script '/home/j/e2e_ws/install/turtlebot3_fake_node/share/turtlebot3_fake_node/package.zsh'
[0.500s] Level 1:colcon.colcon_core.environment:create_file_with_runtime_dependencies(/home/j/e2e_ws/install/turtlebot3_fake_node/share/colcon-core/packages/turtlebot3_fake_node)
[0.501s] Level 1:colcon.colcon_core.environment:create_environment_scripts_only(turtlebot3_fake_node)
[0.501s] Level 1:colcon.colcon_core.environment:checking '/home/j/e2e_ws/install/turtlebot3_fake_node' for CMake module files
[0.501s] Level 1:colcon.colcon_core.environment:checking '/home/j/e2e_ws/install/turtlebot3_fake_node' for CMake config files
[0.501s] Level 1:colcon.colcon_core.shell:create_environment_hook('turtlebot3_fake_node', 'cmake_prefix_path')
[0.501s] INFO:colcon.colcon_core.shell:Creating environment hook '/home/j/e2e_ws/install/turtlebot3_fake_node/share/turtlebot3_fake_node/hook/cmake_prefix_path.ps1'
[0.502s] INFO:colcon.colcon_core.shell:Creating environment descriptor '/home/j/e2e_ws/install/turtlebot3_fake_node/share/turtlebot3_fake_node/hook/cmake_prefix_path.dsv'
[0.502s] INFO:colcon.colcon_core.shell:Creating environment hook '/home/j/e2e_ws/install/turtlebot3_fake_node/share/turtlebot3_fake_node/hook/cmake_prefix_path.sh'
[0.502s] Level 1:colcon.colcon_core.environment:checking '/home/j/e2e_ws/install/turtlebot3_fake_node/lib'
[0.502s] Level 1:colcon.colcon_core.environment:checking '/home/j/e2e_ws/install/turtlebot3_fake_node/bin'
[0.502s] Level 1:colcon.colcon_core.environment:checking '/home/j/e2e_ws/install/turtlebot3_fake_node/lib/pkgconfig/turtlebot3_fake_node.pc'
[0.502s] Level 1:colcon.colcon_core.environment:checking '/home/j/e2e_ws/install/turtlebot3_fake_node/lib/python3.10/site-packages'
[0.502s] Level 1:colcon.colcon_core.environment:checking '/home/j/e2e_ws/install/turtlebot3_fake_node/bin'
[0.503s] INFO:colcon.colcon_core.shell:Creating package script '/home/j/e2e_ws/install/turtlebot3_fake_node/share/turtlebot3_fake_node/package.ps1'
[0.503s] INFO:colcon.colcon_core.shell:Creating package descriptor '/home/j/e2e_ws/install/turtlebot3_fake_node/share/turtlebot3_fake_node/package.dsv'
[0.503s] INFO:colcon.colcon_core.shell:Creating package script '/home/j/e2e_ws/install/turtlebot3_fake_node/share/turtlebot3_fake_node/package.sh'
[0.503s] INFO:colcon.colcon_core.shell:Creating package script '/home/j/e2e_ws/install/turtlebot3_fake_node/share/turtlebot3_fake_node/package.bash'
[0.504s] INFO:colcon.colcon_core.shell:Creating package script '/home/j/e2e_ws/install/turtlebot3_fake_node/share/turtlebot3_fake_node/package.zsh'
[0.504s] Level 1:colcon.colcon_core.environment:create_file_with_runtime_dependencies(/home/j/e2e_ws/install/turtlebot3_fake_node/share/colcon-core/packages/turtlebot3_fake_node)
[0.505s] Level 1:colcon.colcon_core.environment:create_environment_scripts_only(turtlebot3_gazebo)
[0.505s] Level 1:colcon.colcon_core.environment:checking '/home/j/e2e_ws/install/turtlebot3_gazebo' for CMake module files
[0.505s] DEBUG:colcon.colcon_core.event_handler.log_command:Invoked command in '/home/j/e2e_ws/build/turtlebot3_gazebo' returned '0': CMAKE_PREFIX_PATH=${CMAKE_PREFIX_PATH}:/home/j/e2e_ws/install/yolo_ros:/home/j/e2e_ws/install/ros2_aruco:/opt/ros/humble /usr/bin/cmake --install /home/j/e2e_ws/build/turtlebot3_gazebo
[0.505s] Level 1:colcon.colcon_core.environment:checking '/home/j/e2e_ws/install/turtlebot3_gazebo' for CMake config files
[0.506s] Level 1:colcon.colcon_core.shell:create_environment_hook('turtlebot3_gazebo', 'cmake_prefix_path')
[0.506s] INFO:colcon.colcon_core.shell:Creating environment hook '/home/j/e2e_ws/install/turtlebot3_gazebo/share/turtlebot3_gazebo/hook/cmake_prefix_path.ps1'
[0.506s] INFO:colcon.colcon_core.shell:Creating environment descriptor '/home/j/e2e_ws/install/turtlebot3_gazebo/share/turtlebot3_gazebo/hook/cmake_prefix_path.dsv'
[0.506s] INFO:colcon.colcon_core.shell:Creating environment hook '/home/j/e2e_ws/install/turtlebot3_gazebo/share/turtlebot3_gazebo/hook/cmake_prefix_path.sh'
[0.507s] Level 1:colcon.colcon_core.environment:checking '/home/j/e2e_ws/install/turtlebot3_gazebo/lib'
[0.507s] Level 1:colcon.colcon_core.environment:checking '/home/j/e2e_ws/install/turtlebot3_gazebo/bin'
[0.507s] Level 1:colcon.colcon_core.environment:checking '/home/j/e2e_ws/install/turtlebot3_gazebo/lib/pkgconfig/turtlebot3_gazebo.pc'
[0.507s] Level 1:colcon.colcon_core.environment:checking '/home/j/e2e_ws/install/turtlebot3_gazebo/lib/python3.10/site-packages'
[0.507s] Level 1:colcon.colcon_core.environment:checking '/home/j/e2e_ws/install/turtlebot3_gazebo/bin'
[0.507s] INFO:colcon.colcon_core.shell:Creating package script '/home/j/e2e_ws/install/turtlebot3_gazebo/share/turtlebot3_gazebo/package.ps1'
[0.507s] INFO:colcon.colcon_core.shell:Creating package descriptor '/home/j/e2e_ws/install/turtlebot3_gazebo/share/turtlebot3_gazebo/package.dsv'
[0.508s] INFO:colcon.colcon_core.shell:Creating package script '/home/j/e2e_ws/install/turtlebot3_gazebo/share/turtlebot3_gazebo/package.sh'
[0.508s] INFO:colcon.colcon_core.shell:Creating package script '/home/j/e2e_ws/install/turtlebot3_gazebo/share/turtlebot3_gazebo/package.bash'
[0.508s] INFO:colcon.colcon_core.shell:Creating package script '/home/j/e2e_ws/install/turtlebot3_gazebo/share/turtlebot3_gazebo/package.zsh'
[0.508s] Level 1:colcon.colcon_core.environment:create_file_with_runtime_dependencies(/home/j/e2e_ws/install/turtlebot3_gazebo/share/colcon-core/packages/turtlebot3_gazebo)
[0.508s] Level 1:colcon.colcon_core.environment:create_environment_scripts_only(turtlebot3_gazebo)
[0.509s] Level 1:colcon.colcon_core.environment:checking '/home/j/e2e_ws/install/turtlebot3_gazebo' for CMake module files
[0.509s] Level 1:colcon.colcon_core.environment:checking '/home/j/e2e_ws/install/turtlebot3_gazebo' for CMake config files
[0.509s] Level 1:colcon.colcon_core.shell:create_environment_hook('turtlebot3_gazebo', 'cmake_prefix_path')
[0.509s] INFO:colcon.colcon_core.shell:Creating environment hook '/home/j/e2e_ws/install/turtlebot3_gazebo/share/turtlebot3_gazebo/hook/cmake_prefix_path.ps1'
[0.509s] INFO:colcon.colcon_core.shell:Creating environment descriptor '/home/j/e2e_ws/install/turtlebot3_gazebo/share/turtlebot3_gazebo/hook/cmake_prefix_path.dsv'
[0.510s] INFO:colcon.colcon_core.shell:Creating environment hook '/home/j/e2e_ws/install/turtlebot3_gazebo/share/turtlebot3_gazebo/hook/cmake_prefix_path.sh'
[0.510s] Level 1:colcon.colcon_core.environment:checking '/home/j/e2e_ws/install/turtlebot3_gazebo/lib'
[0.510s] Level 1:colcon.colcon_core.environment:checking '/home/j/e2e_ws/install/turtlebot3_gazebo/bin'
[0.510s] Level 1:colcon.colcon_core.environment:checking '/home/j/e2e_ws/install/turtlebot3_gazebo/lib/pkgconfig/turtlebot3_gazebo.pc'
[0.510s] Level 1:colcon.colcon_core.environment:checking '/home/j/e2e_ws/install/turtlebot3_gazebo/lib/python3.10/site-packages'
[0.510s] Level 1:colcon.colcon_core.environment:checking '/home/j/e2e_ws/install/turtlebot3_gazebo/bin'
[0.510s] INFO:colcon.colcon_core.shell:Creating package script '/home/j/e2e_ws/install/turtlebot3_gazebo/share/turtlebot3_gazebo/package.ps1'
[0.511s] INFO:colcon.colcon_core.shell:Creating package descriptor '/home/j/e2e_ws/install/turtlebot3_gazebo/share/turtlebot3_gazebo/package.dsv'
[0.511s] INFO:colcon.colcon_core.shell:Creating package script '/home/j/e2e_ws/install/turtlebot3_gazebo/share/turtlebot3_gazebo/package.sh'
[0.512s] INFO:colcon.colcon_core.shell:Creating package script '/home/j/e2e_ws/install/turtlebot3_gazebo/share/turtlebot3_gazebo/package.bash'
[0.512s] INFO:colcon.colcon_core.shell:Creating package script '/home/j/e2e_ws/install/turtlebot3_gazebo/share/turtlebot3_gazebo/package.zsh'
[0.512s] Level 1:colcon.colcon_core.environment:create_file_with_runtime_dependencies(/home/j/e2e_ws/install/turtlebot3_gazebo/share/colcon-core/packages/turtlebot3_gazebo)
[0.513s] INFO:colcon.colcon_ros.task.ament_cmake.build:Building ROS package in '/home/j/e2e_ws/src/turtlebot3_simulations-humble/turtlebot3_simulations' with build type 'ament_cmake'
[0.513s] INFO:colcon.colcon_cmake.task.cmake.build:Building CMake package in '/home/j/e2e_ws/src/turtlebot3_simulations-humble/turtlebot3_simulations'
[0.513s] INFO:colcon.colcon_core.shell:Skip shell extension 'powershell' for command environment: Not usable outside of PowerShell
[0.513s] DEBUG:colcon.colcon_core.shell:Skip shell extension 'dsv' for command environment
[0.526s] DEBUG:colcon.colcon_core.event_handler.log_command:Invoking command in '/home/j/e2e_ws/build/turtlebot3_simulations': CMAKE_PREFIX_PATH=/home/j/e2e_ws/install/turtlebot3_gazebo:/home/j/e2e_ws/install/turtlebot3_fake_node:/home/j/e2e_ws/install/image_fusion:/home/j/e2e_ws/install/yolo_bringup:/home/j/e2e_ws/install/image_fusion_node:/home/j/e2e_ws/install/yolo_msgs:/home/j/e2e_ws/install/turtlebot3_simulations:/home/j/e2e_ws/install/ros2_aruco_interfaces:/home/j/e2e_ws/install/e2e_meta:/home/j/e2e_ws/install/delbot:/home/j/e2e_ws/install/yolo_ros:/home/j/e2e_ws/install/ros2_aruco:/opt/ros/humble /usr/bin/cmake --build /home/j/e2e_ws/build/turtlebot3_simulations -- -j22 -l22
[0.526s] DEBUG:colcon.colcon_core.event_handler.log_command:Invoked command in '/home/j/e2e_ws/build/yolo_msgs' returned '0': CMAKE_PREFIX_PATH=${CMAKE_PREFIX_PATH}:/home/j/e2e_ws/install/yolo_ros:/home/j/e2e_ws/install/ros2_aruco:/opt/ros/humble /usr/bin/cmake --build /home/j/e2e_ws/build/yolo_msgs -- -j22 -l22
[0.528s] DEBUG:colcon.colcon_core.event_handler.log_command:Invoking command in '/home/j/e2e_ws/build/yolo_msgs': CMAKE_PREFIX_PATH=${CMAKE_PREFIX_PATH}:/home/j/e2e_ws/install/yolo_ros:/home/j/e2e_ws/install/ros2_aruco:/opt/ros/humble /usr/bin/cmake --install /home/j/e2e_ws/build/yolo_msgs
[0.556s] DEBUG:colcon.colcon_core.event_handler.log_command:Invoked command in '/home/j/e2e_ws/build/turtlebot3_simulations' returned '0': CMAKE_PREFIX_PATH=/home/j/e2e_ws/install/turtlebot3_gazebo:/home/j/e2e_ws/install/turtlebot3_fake_node:/home/j/e2e_ws/install/image_fusion:/home/j/e2e_ws/install/yolo_bringup:/home/j/e2e_ws/install/image_fusion_node:/home/j/e2e_ws/install/yolo_msgs:/home/j/e2e_ws/install/turtlebot3_simulations:/home/j/e2e_ws/install/ros2_aruco_interfaces:/home/j/e2e_ws/install/e2e_meta:/home/j/e2e_ws/install/delbot:/home/j/e2e_ws/install/yolo_ros:/home/j/e2e_ws/install/ros2_aruco:/opt/ros/humble /usr/bin/cmake --build /home/j/e2e_ws/build/turtlebot3_simulations -- -j22 -l22
[0.557s] DEBUG:colcon.colcon_core.event_handler.log_command:Invoking command in '/home/j/e2e_ws/build/turtlebot3_simulations': CMAKE_PREFIX_PATH=/home/j/e2e_ws/install/turtlebot3_gazebo:/home/j/e2e_ws/install/turtlebot3_fake_node:/home/j/e2e_ws/install/image_fusion:/home/j/e2e_ws/install/yolo_bringup:/home/j/e2e_ws/install/image_fusion_node:/home/j/e2e_ws/install/yolo_msgs:/home/j/e2e_ws/install/turtlebot3_simulations:/home/j/e2e_ws/install/ros2_aruco_interfaces:/home/j/e2e_ws/install/e2e_meta:/home/j/e2e_ws/install/delbot:/home/j/e2e_ws/install/yolo_ros:/home/j/e2e_ws/install/ros2_aruco:/opt/ros/humble /usr/bin/cmake --install /home/j/e2e_ws/build/turtlebot3_simulations
[0.566s] Level 1:colcon.colcon_core.environment:create_environment_scripts_only(turtlebot3_simulations)
[0.567s] Level 1:colcon.colcon_core.environment:checking '/home/j/e2e_ws/install/turtlebot3_simulations' for CMake module files
[0.569s] DEBUG:colcon.colcon_core.event_handler.log_command:Invoked command in '/home/j/e2e_ws/build/turtlebot3_simulations' returned '0': CMAKE_PREFIX_PATH=/home/j/e2e_ws/install/turtlebot3_gazebo:/home/j/e2e_ws/install/turtlebot3_fake_node:/home/j/e2e_ws/install/image_fusion:/home/j/e2e_ws/install/yolo_bringup:/home/j/e2e_ws/install/image_fusion_node:/home/j/e2e_ws/install/yolo_msgs:/home/j/e2e_ws/install/turtlebot3_simulations:/home/j/e2e_ws/install/ros2_aruco_interfaces:/home/j/e2e_ws/install/e2e_meta:/home/j/e2e_ws/install/delbot:/home/j/e2e_ws/install/yolo_ros:/home/j/e2e_ws/install/ros2_aruco:/opt/ros/humble /usr/bin/cmake --install /home/j/e2e_ws/build/turtlebot3_simulations
[0.569s] Level 1:colcon.colcon_core.environment:checking '/home/j/e2e_ws/install/turtlebot3_simulations' for CMake config files
[0.569s] Level 1:colcon.colcon_core.shell:create_environment_hook('turtlebot3_simulations', 'cmake_prefix_path')
[0.570s] INFO:colcon.colcon_core.shell:Creating environment hook '/home/j/e2e_ws/install/turtlebot3_simulations/share/turtlebot3_simulations/hook/cmake_prefix_path.ps1'
[0.571s] INFO:colcon.colcon_core.shell:Creating environment descriptor '/home/j/e2e_ws/install/turtlebot3_simulations/share/turtlebot3_simulations/hook/cmake_prefix_path.dsv'
[0.573s] INFO:colcon.colcon_core.shell:Creating environment hook '/home/j/e2e_ws/install/turtlebot3_simulations/share/turtlebot3_simulations/hook/cmake_prefix_path.sh'
[0.575s] Level 1:colcon.colcon_core.environment:checking '/home/j/e2e_ws/install/turtlebot3_simulations/bin'
[0.575s] Level 1:colcon.colcon_core.environment:checking '/home/j/e2e_ws/install/turtlebot3_simulations/lib/pkgconfig/turtlebot3_simulations.pc'
[0.575s] Level 1:colcon.colcon_core.environment:checking '/home/j/e2e_ws/install/turtlebot3_simulations/lib/python3.10/site-packages'
[0.575s] Level 1:colcon.colcon_core.environment:checking '/home/j/e2e_ws/install/turtlebot3_simulations/bin'
[0.575s] INFO:colcon.colcon_core.shell:Creating package script '/home/j/e2e_ws/install/turtlebot3_simulations/share/turtlebot3_simulations/package.ps1'
[0.576s] INFO:colcon.colcon_core.shell:Creating package descriptor '/home/j/e2e_ws/install/turtlebot3_simulations/share/turtlebot3_simulations/package.dsv'
[0.576s] INFO:colcon.colcon_core.shell:Creating package script '/home/j/e2e_ws/install/turtlebot3_simulations/share/turtlebot3_simulations/package.sh'
[0.576s] INFO:colcon.colcon_core.shell:Creating package script '/home/j/e2e_ws/install/turtlebot3_simulations/share/turtlebot3_simulations/package.bash'
[0.576s] INFO:colcon.colcon_core.shell:Creating package script '/home/j/e2e_ws/install/turtlebot3_simulations/share/turtlebot3_simulations/package.zsh'
[0.577s] Level 1:colcon.colcon_core.environment:create_file_with_runtime_dependencies(/home/j/e2e_ws/install/turtlebot3_simulations/share/colcon-core/packages/turtlebot3_simulations)
[0.577s] Level 1:colcon.colcon_core.environment:create_environment_scripts_only(turtlebot3_simulations)
[0.577s] Level 1:colcon.colcon_core.environment:checking '/home/j/e2e_ws/install/turtlebot3_simulations' for CMake module files
[0.577s] Level 1:colcon.colcon_core.environment:checking '/home/j/e2e_ws/install/turtlebot3_simulations' for CMake config files
[0.577s] Level 1:colcon.colcon_core.shell:create_environment_hook('turtlebot3_simulations', 'cmake_prefix_path')
[0.578s] INFO:colcon.colcon_core.shell:Creating environment hook '/home/j/e2e_ws/install/turtlebot3_simulations/share/turtlebot3_simulations/hook/cmake_prefix_path.ps1'
[0.578s] INFO:colcon.colcon_core.shell:Creating environment descriptor '/home/j/e2e_ws/install/turtlebot3_simulations/share/turtlebot3_simulations/hook/cmake_prefix_path.dsv'
[0.578s] INFO:colcon.colcon_core.shell:Creating environment hook '/home/j/e2e_ws/install/turtlebot3_simulations/share/turtlebot3_simulations/hook/cmake_prefix_path.sh'
[0.578s] Level 1:colcon.colcon_core.environment:checking '/home/j/e2e_ws/install/turtlebot3_simulations/bin'
[0.578s] Level 1:colcon.colcon_core.environment:checking '/home/j/e2e_ws/install/turtlebot3_simulations/lib/pkgconfig/turtlebot3_simulations.pc'
[0.578s] Level 1:colcon.colcon_core.environment:checking '/home/j/e2e_ws/install/turtlebot3_simulations/lib/python3.10/site-packages'
[0.579s] Level 1:colcon.colcon_core.environment:checking '/home/j/e2e_ws/install/turtlebot3_simulations/bin'
[0.579s] INFO:colcon.colcon_core.shell:Creating package script '/home/j/e2e_ws/install/turtlebot3_simulations/share/turtlebot3_simulations/package.ps1'
[0.579s] INFO:colcon.colcon_core.shell:Creating package descriptor '/home/j/e2e_ws/install/turtlebot3_simulations/share/turtlebot3_simulations/package.dsv'
[0.579s] INFO:colcon.colcon_core.shell:Creating package script '/home/j/e2e_ws/install/turtlebot3_simulations/share/turtlebot3_simulations/package.sh'
[0.580s] INFO:colcon.colcon_core.shell:Creating package script '/home/j/e2e_ws/install/turtlebot3_simulations/share/turtlebot3_simulations/package.bash'
[0.580s] INFO:colcon.colcon_core.shell:Creating package script '/home/j/e2e_ws/install/turtlebot3_simulations/share/turtlebot3_simulations/package.zsh'
[0.580s] Level 1:colcon.colcon_core.environment:create_file_with_runtime_dependencies(/home/j/e2e_ws/install/turtlebot3_simulations/share/colcon-core/packages/turtlebot3_simulations)
[0.581s] Level 1:colcon.colcon_core.environment:create_environment_scripts_only(yolo_msgs)
[0.581s] Level 1:colcon.colcon_core.environment:checking '/home/j/e2e_ws/install/yolo_msgs' for CMake module files
[0.582s] DEBUG:colcon.colcon_core.event_handler.log_command:Invoked command in '/home/j/e2e_ws/build/yolo_msgs' returned '0': CMAKE_PREFIX_PATH=${CMAKE_PREFIX_PATH}:/home/j/e2e_ws/install/yolo_ros:/home/j/e2e_ws/install/ros2_aruco:/opt/ros/humble /usr/bin/cmake --install /home/j/e2e_ws/build/yolo_msgs
[0.582s] Level 1:colcon.colcon_core.environment:checking '/home/j/e2e_ws/install/yolo_msgs' for CMake config files
[0.582s] Level 1:colcon.colcon_core.shell:create_environment_hook('yolo_msgs', 'cmake_prefix_path')
[0.583s] INFO:colcon.colcon_core.shell:Creating environment hook '/home/j/e2e_ws/install/yolo_msgs/share/yolo_msgs/hook/cmake_prefix_path.ps1'
[0.583s] INFO:colcon.colcon_core.shell:Creating environment descriptor '/home/j/e2e_ws/install/yolo_msgs/share/yolo_msgs/hook/cmake_prefix_path.dsv'
[0.583s] INFO:colcon.colcon_core.shell:Creating environment hook '/home/j/e2e_ws/install/yolo_msgs/share/yolo_msgs/hook/cmake_prefix_path.sh'
[0.583s] Level 1:colcon.colcon_core.environment:checking '/home/j/e2e_ws/install/yolo_msgs/lib'
[0.583s] Level 1:colcon.colcon_core.shell:create_environment_hook('yolo_msgs', 'ld_library_path_lib')
[0.583s] INFO:colcon.colcon_core.shell:Creating environment hook '/home/j/e2e_ws/install/yolo_msgs/share/yolo_msgs/hook/ld_library_path_lib.ps1'
[0.584s] INFO:colcon.colcon_core.shell:Creating environment descriptor '/home/j/e2e_ws/install/yolo_msgs/share/yolo_msgs/hook/ld_library_path_lib.dsv'
[0.584s] INFO:colcon.colcon_core.shell:Creating environment hook '/home/j/e2e_ws/install/yolo_msgs/share/yolo_msgs/hook/ld_library_path_lib.sh'
[0.584s] Level 1:colcon.colcon_core.environment:checking '/home/j/e2e_ws/install/yolo_msgs/bin'
[0.584s] Level 1:colcon.colcon_core.environment:checking '/home/j/e2e_ws/install/yolo_msgs/lib/pkgconfig/yolo_msgs.pc'
[0.584s] Level 1:colcon.colcon_core.environment:checking '/home/j/e2e_ws/install/yolo_msgs/lib/python3.10/site-packages'
[0.584s] Level 1:colcon.colcon_core.environment:checking '/home/j/e2e_ws/install/yolo_msgs/bin'
[0.585s] INFO:colcon.colcon_core.shell:Creating package script '/home/j/e2e_ws/install/yolo_msgs/share/yolo_msgs/package.ps1'
[0.585s] INFO:colcon.colcon_core.shell:Creating package descriptor '/home/j/e2e_ws/install/yolo_msgs/share/yolo_msgs/package.dsv'
[0.585s] INFO:colcon.colcon_core.shell:Creating package script '/home/j/e2e_ws/install/yolo_msgs/share/yolo_msgs/package.sh'
[0.585s] INFO:colcon.colcon_core.shell:Creating package script '/home/j/e2e_ws/install/yolo_msgs/share/yolo_msgs/package.bash'
[0.585s] INFO:colcon.colcon_core.shell:Creating package script '/home/j/e2e_ws/install/yolo_msgs/share/yolo_msgs/package.zsh'
[0.586s] Level 1:colcon.colcon_core.environment:create_file_with_runtime_dependencies(/home/j/e2e_ws/install/yolo_msgs/share/colcon-core/packages/yolo_msgs)
[0.586s] Level 1:colcon.colcon_core.environment:create_environment_scripts_only(yolo_msgs)
[0.586s] Level 1:colcon.colcon_core.environment:checking '/home/j/e2e_ws/install/yolo_msgs' for CMake module files
[0.586s] Level 1:colcon.colcon_core.environment:checking '/home/j/e2e_ws/install/yolo_msgs' for CMake config files
[0.587s] Level 1:colcon.colcon_core.shell:create_environment_hook('yolo_msgs', 'cmake_prefix_path')
[0.587s] INFO:colcon.colcon_core.shell:Creating environment hook '/home/j/e2e_ws/install/yolo_msgs/share/yolo_msgs/hook/cmake_prefix_path.ps1'
[0.587s] INFO:colcon.colcon_core.shell:Creating environment descriptor '/home/j/e2e_ws/install/yolo_msgs/share/yolo_msgs/hook/cmake_prefix_path.dsv'
[0.587s] INFO:colcon.colcon_core.shell:Creating environment hook '/home/j/e2e_ws/install/yolo_msgs/share/yolo_msgs/hook/cmake_prefix_path.sh'
[0.588s] Level 1:colcon.colcon_core.environment:checking '/home/j/e2e_ws/install/yolo_msgs/lib'
[0.588s] Level 1:colcon.colcon_core.shell:create_environment_hook('yolo_msgs', 'ld_library_path_lib')
[0.588s] INFO:colcon.colcon_core.shell:Creating environment hook '/home/j/e2e_ws/install/yolo_msgs/share/yolo_msgs/hook/ld_library_path_lib.ps1'
[0.588s] INFO:colcon.colcon_core.shell:Creating environment descriptor '/home/j/e2e_ws/install/yolo_msgs/share/yolo_msgs/hook/ld_library_path_lib.dsv'
[0.588s] INFO:colcon.colcon_core.shell:Creating environment hook '/home/j/e2e_ws/install/yolo_msgs/share/yolo_msgs/hook/ld_library_path_lib.sh'
[0.588s] Level 1:colcon.colcon_core.environment:checking '/home/j/e2e_ws/install/yolo_msgs/bin'
[0.588s] Level 1:colcon.colcon_core.environment:checking '/home/j/e2e_ws/install/yolo_msgs/lib/pkgconfig/yolo_msgs.pc'
[0.589s] Level 1:colcon.colcon_core.environment:checking '/home/j/e2e_ws/install/yolo_msgs/lib/python3.10/site-packages'
[0.589s] Level 1:colcon.colcon_core.environment:checking '/home/j/e2e_ws/install/yolo_msgs/bin'
[0.589s] INFO:colcon.colcon_core.shell:Creating package script '/home/j/e2e_ws/install/yolo_msgs/share/yolo_msgs/package.ps1'
[0.589s] INFO:colcon.colcon_core.shell:Creating package descriptor '/home/j/e2e_ws/install/yolo_msgs/share/yolo_msgs/package.dsv'
[0.589s] INFO:colcon.colcon_core.shell:Creating package script '/home/j/e2e_ws/install/yolo_msgs/share/yolo_msgs/package.sh'
[0.590s] INFO:colcon.colcon_core.shell:Creating package script '/home/j/e2e_ws/install/yolo_msgs/share/yolo_msgs/package.bash'
[0.590s] INFO:colcon.colcon_core.shell:Creating package script '/home/j/e2e_ws/install/yolo_msgs/share/yolo_msgs/package.zsh'
[0.590s] Level 1:colcon.colcon_core.environment:create_file_with_runtime_dependencies(/home/j/e2e_ws/install/yolo_msgs/share/colcon-core/packages/yolo_msgs)
[0.590s] INFO:colcon.colcon_ros.task.ament_python.build:Building ROS package in '/home/j/e2e_ws/src/yolo_ros/yolo_ros' with build type 'ament_python'
[0.591s] Level 1:colcon.colcon_core.shell:create_environment_hook('yolo_ros', 'ament_prefix_path')
[0.591s] INFO:colcon.colcon_core.shell:Creating environment hook '/home/j/e2e_ws/install/yolo_ros/share/yolo_ros/hook/ament_prefix_path.ps1'
[0.592s] INFO:colcon.colcon_core.shell:Creating environment descriptor '/home/j/e2e_ws/install/yolo_ros/share/yolo_ros/hook/ament_prefix_path.dsv'
[0.592s] INFO:colcon.colcon_core.shell:Creating environment hook '/home/j/e2e_ws/install/yolo_ros/share/yolo_ros/hook/ament_prefix_path.sh'
[0.593s] INFO:colcon.colcon_core.shell:Skip shell extension 'powershell' for command environment: Not usable outside of PowerShell
[0.593s] DEBUG:colcon.colcon_core.shell:Skip shell extension 'dsv' for command environment
[0.596s] INFO:colcon.colcon_ros.task.ament_python.build:Building ROS package in '/home/j/e2e_ws/src/image_fusion' with build type 'ament_python'
[0.596s] Level 1:colcon.colcon_core.shell:create_environment_hook('image_fusion', 'ament_prefix_path')
[0.596s] INFO:colcon.colcon_core.shell:Creating environment hook '/home/j/e2e_ws/install/image_fusion/share/image_fusion/hook/ament_prefix_path.ps1'
[0.597s] INFO:colcon.colcon_core.shell:Creating environment descriptor '/home/j/e2e_ws/install/image_fusion/share/image_fusion/hook/ament_prefix_path.dsv'
[0.597s] INFO:colcon.colcon_core.shell:Creating environment hook '/home/j/e2e_ws/install/image_fusion/share/image_fusion/hook/ament_prefix_path.sh'
[0.598s] INFO:colcon.colcon_core.shell:Skip shell extension 'powershell' for command environment: Not usable outside of PowerShell
[0.598s] DEBUG:colcon.colcon_core.shell:Skip shell extension 'dsv' for command environment
[0.787s] INFO:colcon.colcon_core.task.python.build:Building Python package in '/home/j/e2e_ws/src/yolo_ros/yolo_ros'
[0.787s] INFO:colcon.colcon_core.shell:Skip shell extension 'powershell' for command environment: Not usable outside of PowerShell
[0.787s] DEBUG:colcon.colcon_core.shell:Skip shell extension 'dsv' for command environment
[0.963s] INFO:colcon.colcon_core.task.python.build:Building Python package in '/home/j/e2e_ws/src/image_fusion'
[0.963s] INFO:colcon.colcon_core.shell:Skip shell extension 'powershell' for command environment: Not usable outside of PowerShell
[0.963s] DEBUG:colcon.colcon_core.shell:Skip shell extension 'dsv' for command environment
[0.968s] DEBUG:colcon.colcon_core.event_handler.log_command:Invoking command in '/home/j/e2e_ws/src/ros2_aruco/ros2_aruco': PYTHONPATH=/home/j/e2e_ws/build/ros2_aruco/prefix_override:/usr/lib/python3/dist-packages/colcon_core/task/python/colcon_distutils_commands:/home/j/e2e_ws/install/ros2_aruco/lib/python3.10/site-packages:${PYTHONPATH} /usr/bin/python3 -W ignore:setup.py install is deprecated -W ignore:easy_install command is deprecated setup.py egg_info --egg-base ../../../build/ros2_aruco build --build-base /home/j/e2e_ws/build/ros2_aruco/build install --record /home/j/e2e_ws/build/ros2_aruco/install.log --single-version-externally-managed install_data
[0.968s] DEBUG:colcon.colcon_core.event_handler.log_command:Invoked command in '/home/j/e2e_ws/build/ros2_aruco_interfaces' returned '0': CMAKE_PREFIX_PATH=${CMAKE_PREFIX_PATH}:/home/j/e2e_ws/install/yolo_ros:/home/j/e2e_ws/install/ros2_aruco:/opt/ros/humble /usr/bin/cmake --build /home/j/e2e_ws/build/ros2_aruco_interfaces -- -j22 -l22
[0.970s] DEBUG:colcon.colcon_core.event_handler.log_command:Invoking command in '/home/j/e2e_ws/build/ros2_aruco_interfaces': CMAKE_PREFIX_PATH=${CMAKE_PREFIX_PATH}:/home/j/e2e_ws/install/yolo_ros:/home/j/e2e_ws/install/ros2_aruco:/opt/ros/humble /usr/bin/cmake --install /home/j/e2e_ws/build/ros2_aruco_interfaces
[1.010s] Level 1:colcon.colcon_core.environment:create_environment_scripts_only(ros2_aruco_interfaces)
[1.010s] Level 1:colcon.colcon_core.environment:checking '/home/j/e2e_ws/install/ros2_aruco_interfaces' for CMake module files
[1.010s] DEBUG:colcon.colcon_core.event_handler.log_command:Invoked command in '/home/j/e2e_ws/build/ros2_aruco_interfaces' returned '0': CMAKE_PREFIX_PATH=${CMAKE_PREFIX_PATH}:/home/j/e2e_ws/install/yolo_ros:/home/j/e2e_ws/install/ros2_aruco:/opt/ros/humble /usr/bin/cmake --install /home/j/e2e_ws/build/ros2_aruco_interfaces
[1.011s] Level 1:colcon.colcon_core.environment:checking '/home/j/e2e_ws/install/ros2_aruco_interfaces' for CMake config files
[1.011s] Level 1:colcon.colcon_core.shell:create_environment_hook('ros2_aruco_interfaces', 'cmake_prefix_path')
[1.011s] INFO:colcon.colcon_core.shell:Creating environment hook '/home/j/e2e_ws/install/ros2_aruco_interfaces/share/ros2_aruco_interfaces/hook/cmake_prefix_path.ps1'
[1.012s] INFO:colcon.colcon_core.shell:Creating environment descriptor '/home/j/e2e_ws/install/ros2_aruco_interfaces/share/ros2_aruco_interfaces/hook/cmake_prefix_path.dsv'
[1.012s] INFO:colcon.colcon_core.shell:Creating environment hook '/home/j/e2e_ws/install/ros2_aruco_interfaces/share/ros2_aruco_interfaces/hook/cmake_prefix_path.sh'
[1.012s] Level 1:colcon.colcon_core.environment:checking '/home/j/e2e_ws/install/ros2_aruco_interfaces/lib'
[1.012s] Level 1:colcon.colcon_core.shell:create_environment_hook('ros2_aruco_interfaces', 'ld_library_path_lib')
[1.012s] INFO:colcon.colcon_core.shell:Creating environment hook '/home/j/e2e_ws/install/ros2_aruco_interfaces/share/ros2_aruco_interfaces/hook/ld_library_path_lib.ps1'
[1.013s] INFO:colcon.colcon_core.shell:Creating environment descriptor '/home/j/e2e_ws/install/ros2_aruco_interfaces/share/ros2_aruco_interfaces/hook/ld_library_path_lib.dsv'
[1.013s] INFO:colcon.colcon_core.shell:Creating environment hook '/home/j/e2e_ws/install/ros2_aruco_interfaces/share/ros2_aruco_interfaces/hook/ld_library_path_lib.sh'
[1.013s] Level 1:colcon.colcon_core.environment:checking '/home/j/e2e_ws/install/ros2_aruco_interfaces/bin'
[1.013s] Level 1:colcon.colcon_core.environment:checking '/home/j/e2e_ws/install/ros2_aruco_interfaces/lib/pkgconfig/ros2_aruco_interfaces.pc'
[1.013s] Level 1:colcon.colcon_core.environment:checking '/home/j/e2e_ws/install/ros2_aruco_interfaces/lib/python3.10/site-packages'
[1.014s] Level 1:colcon.colcon_core.environment:checking '/home/j/e2e_ws/install/ros2_aruco_interfaces/bin'
[1.014s] INFO:colcon.colcon_core.shell:Creating package script '/home/j/e2e_ws/install/ros2_aruco_interfaces/share/ros2_aruco_interfaces/package.ps1'
[1.014s] INFO:colcon.colcon_core.shell:Creating package descriptor '/home/j/e2e_ws/install/ros2_aruco_interfaces/share/ros2_aruco_interfaces/package.dsv'
[1.014s] INFO:colcon.colcon_core.shell:Creating package script '/home/j/e2e_ws/install/ros2_aruco_interfaces/share/ros2_aruco_interfaces/package.sh'
[1.015s] INFO:colcon.colcon_core.shell:Creating package script '/home/j/e2e_ws/install/ros2_aruco_interfaces/share/ros2_aruco_interfaces/package.bash'
[1.015s] INFO:colcon.colcon_core.shell:Creating package script '/home/j/e2e_ws/install/ros2_aruco_interfaces/share/ros2_aruco_interfaces/package.zsh'
[1.015s] Level 1:colcon.colcon_core.environment:create_file_with_runtime_dependencies(/home/j/e2e_ws/install/ros2_aruco_interfaces/share/colcon-core/packages/ros2_aruco_interfaces)
[1.015s] Level 1:colcon.colcon_core.environment:create_environment_scripts_only(ros2_aruco_interfaces)
[1.016s] Level 1:colcon.colcon_core.environment:checking '/home/j/e2e_ws/install/ros2_aruco_interfaces' for CMake module files
[1.016s] Level 1:colcon.colcon_core.environment:checking '/home/j/e2e_ws/install/ros2_aruco_interfaces' for CMake config files
[1.016s] Level 1:colcon.colcon_core.shell:create_environment_hook('ros2_aruco_interfaces', 'cmake_prefix_path')
[1.016s] INFO:colcon.colcon_core.shell:Creating environment hook '/home/j/e2e_ws/install/ros2_aruco_interfaces/share/ros2_aruco_interfaces/hook/cmake_prefix_path.ps1'
[1.017s] INFO:colcon.colcon_core.shell:Creating environment descriptor '/home/j/e2e_ws/install/ros2_aruco_interfaces/share/ros2_aruco_interfaces/hook/cmake_prefix_path.dsv'
[1.017s] INFO:colcon.colcon_core.shell:Creating environment hook '/home/j/e2e_ws/install/ros2_aruco_interfaces/share/ros2_aruco_interfaces/hook/cmake_prefix_path.sh'
[1.017s] Level 1:colcon.colcon_core.environment:checking '/home/j/e2e_ws/install/ros2_aruco_interfaces/lib'
[1.017s] Level 1:colcon.colcon_core.shell:create_environment_hook('ros2_aruco_interfaces', 'ld_library_path_lib')
[1.017s] INFO:colcon.colcon_core.shell:Creating environment hook '/home/j/e2e_ws/install/ros2_aruco_interfaces/share/ros2_aruco_interfaces/hook/ld_library_path_lib.ps1'
[1.018s] INFO:colcon.colcon_core.shell:Creating environment descriptor '/home/j/e2e_ws/install/ros2_aruco_interfaces/share/ros2_aruco_interfaces/hook/ld_library_path_lib.dsv'
[1.018s] INFO:colcon.colcon_core.shell:Creating environment hook '/home/j/e2e_ws/install/ros2_aruco_interfaces/share/ros2_aruco_interfaces/hook/ld_library_path_lib.sh'
[1.018s] Level 1:colcon.colcon_core.environment:checking '/home/j/e2e_ws/install/ros2_aruco_interfaces/bin'
[1.018s] Level 1:colcon.colcon_core.environment:checking '/home/j/e2e_ws/install/ros2_aruco_interfaces/lib/pkgconfig/ros2_aruco_interfaces.pc'
[1.018s] Level 1:colcon.colcon_core.environment:checking '/home/j/e2e_ws/install/ros2_aruco_interfaces/lib/python3.10/site-packages'
[1.018s] Level 1:colcon.colcon_core.environment:checking '/home/j/e2e_ws/install/ros2_aruco_interfaces/bin'
[1.018s] INFO:colcon.colcon_core.shell:Creating package script '/home/j/e2e_ws/install/ros2_aruco_interfaces/share/ros2_aruco_interfaces/package.ps1'
[1.019s] INFO:colcon.colcon_core.shell:Creating package descriptor '/home/j/e2e_ws/install/ros2_aruco_interfaces/share/ros2_aruco_interfaces/package.dsv'
[1.019s] INFO:colcon.colcon_core.shell:Creating package script '/home/j/e2e_ws/install/ros2_aruco_interfaces/share/ros2_aruco_interfaces/package.sh'
[1.019s] INFO:colcon.colcon_core.shell:Creating package script '/home/j/e2e_ws/install/ros2_aruco_interfaces/share/ros2_aruco_interfaces/package.bash'
[1.020s] INFO:colcon.colcon_core.shell:Creating package script '/home/j/e2e_ws/install/ros2_aruco_interfaces/share/ros2_aruco_interfaces/package.zsh'
[1.020s] Level 1:colcon.colcon_core.environment:create_file_with_runtime_dependencies(/home/j/e2e_ws/install/ros2_aruco_interfaces/share/colcon-core/packages/ros2_aruco_interfaces)
[1.157s] Level 1:colcon.colcon_core.environment:checking '/home/j/e2e_ws/install/ros2_aruco' for CMake module files
[1.158s] DEBUG:colcon.colcon_core.event_handler.log_command:Invoked command in '/home/j/e2e_ws/src/ros2_aruco/ros2_aruco' returned '0': PYTHONPATH=/home/j/e2e_ws/build/ros2_aruco/prefix_override:/usr/lib/python3/dist-packages/colcon_core/task/python/colcon_distutils_commands:/home/j/e2e_ws/install/ros2_aruco/lib/python3.10/site-packages:${PYTHONPATH} /usr/bin/python3 -W ignore:setup.py install is deprecated -W ignore:easy_install command is deprecated setup.py egg_info --egg-base ../../../build/ros2_aruco build --build-base /home/j/e2e_ws/build/ros2_aruco/build install --record /home/j/e2e_ws/build/ros2_aruco/install.log --single-version-externally-managed install_data
[1.159s] Level 1:colcon.colcon_core.environment:checking '/home/j/e2e_ws/install/ros2_aruco' for CMake config files
[1.159s] Level 1:colcon.colcon_core.environment:checking '/home/j/e2e_ws/install/ros2_aruco/lib'
[1.159s] Level 1:colcon.colcon_core.environment:checking '/home/j/e2e_ws/install/ros2_aruco/bin'
[1.159s] Level 1:colcon.colcon_core.environment:checking '/home/j/e2e_ws/install/ros2_aruco/lib/pkgconfig/ros2_aruco.pc'
[1.160s] Level 1:colcon.colcon_core.environment:checking '/home/j/e2e_ws/install/ros2_aruco/lib/python3.10/site-packages'
[1.160s] Level 1:colcon.colcon_core.shell:create_environment_hook('ros2_aruco', 'pythonpath')
[1.160s] INFO:colcon.colcon_core.shell:Creating environment hook '/home/j/e2e_ws/install/ros2_aruco/share/ros2_aruco/hook/pythonpath.ps1'
[1.160s] INFO:colcon.colcon_core.shell:Creating environment descriptor '/home/j/e2e_ws/install/ros2_aruco/share/ros2_aruco/hook/pythonpath.dsv'
[1.161s] INFO:colcon.colcon_core.shell:Creating environment hook '/home/j/e2e_ws/install/ros2_aruco/share/ros2_aruco/hook/pythonpath.sh'
[1.161s] Level 1:colcon.colcon_core.environment:checking '/home/j/e2e_ws/install/ros2_aruco/bin'
[1.161s] Level 1:colcon.colcon_core.environment:create_environment_scripts_only(ros2_aruco)
[1.162s] INFO:colcon.colcon_core.shell:Creating package script '/home/j/e2e_ws/install/ros2_aruco/share/ros2_aruco/package.ps1'
[1.162s] INFO:colcon.colcon_core.shell:Creating package descriptor '/home/j/e2e_ws/install/ros2_aruco/share/ros2_aruco/package.dsv'
[1.163s] INFO:colcon.colcon_core.shell:Creating package script '/home/j/e2e_ws/install/ros2_aruco/share/ros2_aruco/package.sh'
[1.163s] INFO:colcon.colcon_core.shell:Creating package script '/home/j/e2e_ws/install/ros2_aruco/share/ros2_aruco/package.bash'
[1.164s] INFO:colcon.colcon_core.shell:Creating package script '/home/j/e2e_ws/install/ros2_aruco/share/ros2_aruco/package.zsh'
[1.164s] Level 1:colcon.colcon_core.environment:create_file_with_runtime_dependencies(/home/j/e2e_ws/install/ros2_aruco/share/colcon-core/packages/ros2_aruco)
[1.209s] DEBUG:colcon.colcon_core.event_handler.log_command:Invoking command in '/home/j/e2e_ws/src/yolo_ros/yolo_ros': CMAKE_PREFIX_PATH=/home/j/e2e_ws/install/yolo_msgs:/home/j/e2e_ws/install/image_fusion:/home/j/e2e_ws/install/yolo_bringup:/home/j/e2e_ws/install/image_fusion_node:/home/j/e2e_ws/install/turtlebot3_simulations:/home/j/e2e_ws/install/turtlebot3_gazebo:/home/j/e2e_ws/install/turtlebot3_fake_node:/home/j/e2e_ws/install/ros2_aruco_interfaces:/home/j/e2e_ws/install/e2e_meta:/home/j/e2e_ws/install/delbot PYTHONPATH=/home/j/e2e_ws/build/yolo_ros/prefix_override:/usr/lib/python3/dist-packages/colcon_core/task/python/colcon_distutils_commands:/home/j/e2e_ws/install/yolo_ros/lib/python3.10/site-packages:${PYTHONPATH} /usr/bin/python3 -W ignore:setup.py install is deprecated -W ignore:easy_install command is deprecated setup.py egg_info --egg-base ../../../build/yolo_ros build --build-base /home/j/e2e_ws/build/yolo_ros/build install --record /home/j/e2e_ws/build/yolo_ros/install.log --single-version-externally-managed install_data
[1.209s] DEBUG:colcon.colcon_core.event_handler.log_command:Invoking command in '/home/j/e2e_ws/build/image_fusion': CMAKE_PREFIX_PATH=/home/j/e2e_ws/install/yolo_msgs:/home/j/e2e_ws/install/image_fusion:/home/j/e2e_ws/install/yolo_bringup:/home/j/e2e_ws/install/image_fusion_node:/home/j/e2e_ws/install/turtlebot3_simulations:/home/j/e2e_ws/install/turtlebot3_gazebo:/home/j/e2e_ws/install/turtlebot3_fake_node:/home/j/e2e_ws/install/ros2_aruco_interfaces:/home/j/e2e_ws/install/e2e_meta:/home/j/e2e_ws/install/delbot PYTHONPATH=/home/j/e2e_ws/build/image_fusion/prefix_override:/usr/lib/python3/dist-packages/colcon_core/task/python/colcon_distutils_commands:/home/j/e2e_ws/install/image_fusion/lib/python3.10/site-packages:${PYTHONPATH} /usr/bin/python3 -W ignore:setup.py install is deprecated -W ignore:easy_install command is deprecated setup.py develop --uninstall --editable --build-directory /home/j/e2e_ws/build/image_fusion/build
[1.419s] Level 1:colcon.colcon_core.environment:checking '/home/j/e2e_ws/install/yolo_ros' for CMake module files
[1.420s] DEBUG:colcon.colcon_core.event_handler.log_command:Invoked command in '/home/j/e2e_ws/src/yolo_ros/yolo_ros' returned '0': CMAKE_PREFIX_PATH=/home/j/e2e_ws/install/yolo_msgs:/home/j/e2e_ws/install/image_fusion:/home/j/e2e_ws/install/yolo_bringup:/home/j/e2e_ws/install/image_fusion_node:/home/j/e2e_ws/install/turtlebot3_simulations:/home/j/e2e_ws/install/turtlebot3_gazebo:/home/j/e2e_ws/install/turtlebot3_fake_node:/home/j/e2e_ws/install/ros2_aruco_interfaces:/home/j/e2e_ws/install/e2e_meta:/home/j/e2e_ws/install/delbot PYTHONPATH=/home/j/e2e_ws/build/yolo_ros/prefix_override:/usr/lib/python3/dist-packages/colcon_core/task/python/colcon_distutils_commands:/home/j/e2e_ws/install/yolo_ros/lib/python3.10/site-packages:${PYTHONPATH} /usr/bin/python3 -W ignore:setup.py install is deprecated -W ignore:easy_install command is deprecated setup.py egg_info --egg-base ../../../build/yolo_ros build --build-base /home/j/e2e_ws/build/yolo_ros/build install --record /home/j/e2e_ws/build/yolo_ros/install.log --single-version-externally-managed install_data
[1.420s] Level 1:colcon.colcon_core.environment:checking '/home/j/e2e_ws/install/yolo_ros' for CMake config files
[1.420s] Level 1:colcon.colcon_core.environment:checking '/home/j/e2e_ws/install/yolo_ros/lib'
[1.420s] Level 1:colcon.colcon_core.environment:checking '/home/j/e2e_ws/install/yolo_ros/bin'
[1.420s] Level 1:colcon.colcon_core.environment:checking '/home/j/e2e_ws/install/yolo_ros/lib/pkgconfig/yolo_ros.pc'
[1.420s] Level 1:colcon.colcon_core.environment:checking '/home/j/e2e_ws/install/yolo_ros/lib/python3.10/site-packages'
[1.420s] Level 1:colcon.colcon_core.shell:create_environment_hook('yolo_ros', 'pythonpath')
[1.421s] INFO:colcon.colcon_core.shell:Creating environment hook '/home/j/e2e_ws/install/yolo_ros/share/yolo_ros/hook/pythonpath.ps1'
[1.421s] INFO:colcon.colcon_core.shell:Creating environment descriptor '/home/j/e2e_ws/install/yolo_ros/share/yolo_ros/hook/pythonpath.dsv'
[1.421s] INFO:colcon.colcon_core.shell:Creating environment hook '/home/j/e2e_ws/install/yolo_ros/share/yolo_ros/hook/pythonpath.sh'
[1.421s] Level 1:colcon.colcon_core.environment:checking '/home/j/e2e_ws/install/yolo_ros/bin'
[1.421s] Level 1:colcon.colcon_core.environment:create_environment_scripts_only(yolo_ros)
[1.422s] INFO:colcon.colcon_core.shell:Creating package script '/home/j/e2e_ws/install/yolo_ros/share/yolo_ros/package.ps1'
[1.422s] INFO:colcon.colcon_core.shell:Creating package descriptor '/home/j/e2e_ws/install/yolo_ros/share/yolo_ros/package.dsv'
[1.422s] INFO:colcon.colcon_core.shell:Creating package script '/home/j/e2e_ws/install/yolo_ros/share/yolo_ros/package.sh'
[1.423s] INFO:colcon.colcon_core.shell:Creating package script '/home/j/e2e_ws/install/yolo_ros/share/yolo_ros/package.bash'
[1.423s] INFO:colcon.colcon_core.shell:Creating package script '/home/j/e2e_ws/install/yolo_ros/share/yolo_ros/package.zsh'
[1.423s] Level 1:colcon.colcon_core.environment:create_file_with_runtime_dependencies(/home/j/e2e_ws/install/yolo_ros/share/colcon-core/packages/yolo_ros)
[1.423s] INFO:colcon.colcon_ros.task.ament_cmake.build:Building ROS package in '/home/j/e2e_ws/src/yolo_ros/yolo_bringup' with build type 'ament_cmake'
[1.423s] INFO:colcon.colcon_cmake.task.cmake.build:Building CMake package in '/home/j/e2e_ws/src/yolo_ros/yolo_bringup'
[1.423s] INFO:colcon.colcon_core.shell:Skip shell extension 'powershell' for command environment: Not usable outside of PowerShell
[1.423s] DEBUG:colcon.colcon_core.shell:Skip shell extension 'dsv' for command environment
[1.432s] DEBUG:colcon.colcon_core.event_handler.log_command:Invoking command in '/home/j/e2e_ws/build/yolo_bringup': AMENT_PREFIX_PATH=/home/j/e2e_ws/install/yolo_ros:/home/j/e2e_ws/install/image_fusion:/home/j/e2e_ws/install/yolo_bringup:/home/j/e2e_ws/install/yolo_msgs:/home/j/e2e_ws/install/turtlebot3_simulations:/home/j/e2e_ws/install/turtlebot3_gazebo:/home/j/e2e_ws/install/turtlebot3_fake_node:/home/j/e2e_ws/install/ros2_aruco_interfaces:/home/j/e2e_ws/install/ros2_aruco:/home/j/e2e_ws/install/e2e_meta:/home/j/e2e_ws/install/delbot:/opt/ros/humble CMAKE_PREFIX_PATH=/home/j/e2e_ws/install/yolo_msgs:/home/j/e2e_ws/install/image_fusion:/home/j/e2e_ws/install/yolo_bringup:/home/j/e2e_ws/install/image_fusion_node:/home/j/e2e_ws/install/turtlebot3_simulations:/home/j/e2e_ws/install/turtlebot3_gazebo:/home/j/e2e_ws/install/turtlebot3_fake_node:/home/j/e2e_ws/install/ros2_aruco_interfaces:/home/j/e2e_ws/install/e2e_meta:/home/j/e2e_ws/install/delbot:/home/j/e2e_ws/install/yolo_ros:/home/j/e2e_ws/install/ros2_aruco:/opt/ros/humble PYTHONPATH=/home/j/e2e_ws/install/yolo_ros/lib/python3.10/site-packages:/home/j/e2e_ws/install/image_fusion/local/lib/python3.10/dist-packages:/home/j/e2e_ws/build/yolo_ros:/home/j/e2e_ws/build/image_fusion:/home/j/e2e_ws/install/image_fusion/lib/python3.10/site-packages:/home/j/e2e_ws/build/ros2_aruco:/home/j/e2e_ws/install/image_fusion_node/local/lib/python3.10/dist-packages:/home/j/e2e_ws/install/yolo_msgs/local/lib/python3.10/dist-packages:/home/j/e2e_ws/install/ros2_aruco_interfaces/local/lib/python3.10/dist-packages:/home/j/e2e_ws/install/ros2_aruco/lib/python3.10/site-packages:/opt/ros/humble/lib/python3.10/site-packages:/opt/ros/humble/local/lib/python3.10/dist-packages /usr/bin/cmake --build /home/j/e2e_ws/build/yolo_bringup -- -j22 -l22
[1.465s] DEBUG:colcon.colcon_core.event_handler.log_command:Invoked command in '/home/j/e2e_ws/build/yolo_bringup' returned '0': AMENT_PREFIX_PATH=/home/j/e2e_ws/install/yolo_ros:/home/j/e2e_ws/install/image_fusion:/home/j/e2e_ws/install/yolo_bringup:/home/j/e2e_ws/install/yolo_msgs:/home/j/e2e_ws/install/turtlebot3_simulations:/home/j/e2e_ws/install/turtlebot3_gazebo:/home/j/e2e_ws/install/turtlebot3_fake_node:/home/j/e2e_ws/install/ros2_aruco_interfaces:/home/j/e2e_ws/install/ros2_aruco:/home/j/e2e_ws/install/e2e_meta:/home/j/e2e_ws/install/delbot:/opt/ros/humble CMAKE_PREFIX_PATH=/home/j/e2e_ws/install/yolo_msgs:/home/j/e2e_ws/install/image_fusion:/home/j/e2e_ws/install/yolo_bringup:/home/j/e2e_ws/install/image_fusion_node:/home/j/e2e_ws/install/turtlebot3_simulations:/home/j/e2e_ws/install/turtlebot3_gazebo:/home/j/e2e_ws/install/turtlebot3_fake_node:/home/j/e2e_ws/install/ros2_aruco_interfaces:/home/j/e2e_ws/install/e2e_meta:/home/j/e2e_ws/install/delbot:/home/j/e2e_ws/install/yolo_ros:/home/j/e2e_ws/install/ros2_aruco:/opt/ros/humble PYTHONPATH=/home/j/e2e_ws/install/yolo_ros/lib/python3.10/site-packages:/home/j/e2e_ws/install/image_fusion/local/lib/python3.10/dist-packages:/home/j/e2e_ws/build/yolo_ros:/home/j/e2e_ws/build/image_fusion:/home/j/e2e_ws/install/image_fusion/lib/python3.10/site-packages:/home/j/e2e_ws/build/ros2_aruco:/home/j/e2e_ws/install/image_fusion_node/local/lib/python3.10/dist-packages:/home/j/e2e_ws/install/yolo_msgs/local/lib/python3.10/dist-packages:/home/j/e2e_ws/install/ros2_aruco_interfaces/local/lib/python3.10/dist-packages:/home/j/e2e_ws/install/ros2_aruco/lib/python3.10/site-packages:/opt/ros/humble/lib/python3.10/site-packages:/opt/ros/humble/local/lib/python3.10/dist-packages /usr/bin/cmake --build /home/j/e2e_ws/build/yolo_bringup -- -j22 -l22
[1.466s] DEBUG:colcon.colcon_core.event_handler.log_command:Invoking command in '/home/j/e2e_ws/build/yolo_bringup': AMENT_PREFIX_PATH=/home/j/e2e_ws/install/yolo_ros:/home/j/e2e_ws/install/image_fusion:/home/j/e2e_ws/install/yolo_bringup:/home/j/e2e_ws/install/yolo_msgs:/home/j/e2e_ws/install/turtlebot3_simulations:/home/j/e2e_ws/install/turtlebot3_gazebo:/home/j/e2e_ws/install/turtlebot3_fake_node:/home/j/e2e_ws/install/ros2_aruco_interfaces:/home/j/e2e_ws/install/ros2_aruco:/home/j/e2e_ws/install/e2e_meta:/home/j/e2e_ws/install/delbot:/opt/ros/humble CMAKE_PREFIX_PATH=/home/j/e2e_ws/install/yolo_msgs:/home/j/e2e_ws/install/image_fusion:/home/j/e2e_ws/install/yolo_bringup:/home/j/e2e_ws/install/image_fusion_node:/home/j/e2e_ws/install/turtlebot3_simulations:/home/j/e2e_ws/install/turtlebot3_gazebo:/home/j/e2e_ws/install/turtlebot3_fake_node:/home/j/e2e_ws/install/ros2_aruco_interfaces:/home/j/e2e_ws/install/e2e_meta:/home/j/e2e_ws/install/delbot:/home/j/e2e_ws/install/yolo_ros:/home/j/e2e_ws/install/ros2_aruco:/opt/ros/humble PYTHONPATH=/home/j/e2e_ws/install/yolo_ros/lib/python3.10/site-packages:/home/j/e2e_ws/install/image_fusion/local/lib/python3.10/dist-packages:/home/j/e2e_ws/build/yolo_ros:/home/j/e2e_ws/build/image_fusion:/home/j/e2e_ws/install/image_fusion/lib/python3.10/site-packages:/home/j/e2e_ws/build/ros2_aruco:/home/j/e2e_ws/install/image_fusion_node/local/lib/python3.10/dist-packages:/home/j/e2e_ws/install/yolo_msgs/local/lib/python3.10/dist-packages:/home/j/e2e_ws/install/ros2_aruco_interfaces/local/lib/python3.10/dist-packages:/home/j/e2e_ws/install/ros2_aruco/lib/python3.10/site-packages:/opt/ros/humble/lib/python3.10/site-packages:/opt/ros/humble/local/lib/python3.10/dist-packages /usr/bin/cmake --install /home/j/e2e_ws/build/yolo_bringup
[1.478s] Level 1:colcon.colcon_core.environment:create_environment_scripts_only(yolo_bringup)
[1.478s] Level 1:colcon.colcon_core.environment:checking '/home/j/e2e_ws/install/yolo_bringup' for CMake module files
[1.479s] DEBUG:colcon.colcon_core.event_handler.log_command:Invoked command in '/home/j/e2e_ws/build/yolo_bringup' returned '0': AMENT_PREFIX_PATH=/home/j/e2e_ws/install/yolo_ros:/home/j/e2e_ws/install/image_fusion:/home/j/e2e_ws/install/yolo_bringup:/home/j/e2e_ws/install/yolo_msgs:/home/j/e2e_ws/install/turtlebot3_simulations:/home/j/e2e_ws/install/turtlebot3_gazebo:/home/j/e2e_ws/install/turtlebot3_fake_node:/home/j/e2e_ws/install/ros2_aruco_interfaces:/home/j/e2e_ws/install/ros2_aruco:/home/j/e2e_ws/install/e2e_meta:/home/j/e2e_ws/install/delbot:/opt/ros/humble CMAKE_PREFIX_PATH=/home/j/e2e_ws/install/yolo_msgs:/home/j/e2e_ws/install/image_fusion:/home/j/e2e_ws/install/yolo_bringup:/home/j/e2e_ws/install/image_fusion_node:/home/j/e2e_ws/install/turtlebot3_simulations:/home/j/e2e_ws/install/turtlebot3_gazebo:/home/j/e2e_ws/install/turtlebot3_fake_node:/home/j/e2e_ws/install/ros2_aruco_interfaces:/home/j/e2e_ws/install/e2e_meta:/home/j/e2e_ws/install/delbot:/home/j/e2e_ws/install/yolo_ros:/home/j/e2e_ws/install/ros2_aruco:/opt/ros/humble PYTHONPATH=/home/j/e2e_ws/install/yolo_ros/lib/python3.10/site-packages:/home/j/e2e_ws/install/image_fusion/local/lib/python3.10/dist-packages:/home/j/e2e_ws/build/yolo_ros:/home/j/e2e_ws/build/image_fusion:/home/j/e2e_ws/install/image_fusion/lib/python3.10/site-packages:/home/j/e2e_ws/build/ros2_aruco:/home/j/e2e_ws/install/image_fusion_node/local/lib/python3.10/dist-packages:/home/j/e2e_ws/install/yolo_msgs/local/lib/python3.10/dist-packages:/home/j/e2e_ws/install/ros2_aruco_interfaces/local/lib/python3.10/dist-packages:/home/j/e2e_ws/install/ros2_aruco/lib/python3.10/site-packages:/opt/ros/humble/lib/python3.10/site-packages:/opt/ros/humble/local/lib/python3.10/dist-packages /usr/bin/cmake --install /home/j/e2e_ws/build/yolo_bringup
[1.479s] Level 1:colcon.colcon_core.environment:checking '/home/j/e2e_ws/install/yolo_bringup' for CMake config files
[1.479s] Level 1:colcon.colcon_core.shell:create_environment_hook('yolo_bringup', 'cmake_prefix_path')
[1.479s] INFO:colcon.colcon_core.shell:Creating environment hook '/home/j/e2e_ws/install/yolo_bringup/share/yolo_bringup/hook/cmake_prefix_path.ps1'
[1.480s] INFO:colcon.colcon_core.shell:Creating environment descriptor '/home/j/e2e_ws/install/yolo_bringup/share/yolo_bringup/hook/cmake_prefix_path.dsv'
[1.480s] INFO:colcon.colcon_core.shell:Creating environment hook '/home/j/e2e_ws/install/yolo_bringup/share/yolo_bringup/hook/cmake_prefix_path.sh'
[1.480s] Level 1:colcon.colcon_core.environment:checking '/home/j/e2e_ws/install/yolo_bringup/bin'
[1.480s] Level 1:colcon.colcon_core.environment:checking '/home/j/e2e_ws/install/yolo_bringup/lib/pkgconfig/yolo_bringup.pc'
[1.481s] Level 1:colcon.colcon_core.environment:checking '/home/j/e2e_ws/install/yolo_bringup/lib/python3.10/site-packages'
[1.481s] Level 1:colcon.colcon_core.environment:checking '/home/j/e2e_ws/install/yolo_bringup/bin'
[1.481s] INFO:colcon.colcon_core.shell:Creating package script '/home/j/e2e_ws/install/yolo_bringup/share/yolo_bringup/package.ps1'
[1.481s] INFO:colcon.colcon_core.shell:Creating package descriptor '/home/j/e2e_ws/install/yolo_bringup/share/yolo_bringup/package.dsv'
[1.481s] INFO:colcon.colcon_core.shell:Creating package script '/home/j/e2e_ws/install/yolo_bringup/share/yolo_bringup/package.sh'
[1.482s] INFO:colcon.colcon_core.shell:Creating package script '/home/j/e2e_ws/install/yolo_bringup/share/yolo_bringup/package.bash'
[1.482s] INFO:colcon.colcon_core.shell:Creating package script '/home/j/e2e_ws/install/yolo_bringup/share/yolo_bringup/package.zsh'
[1.482s] Level 1:colcon.colcon_core.environment:create_file_with_runtime_dependencies(/home/j/e2e_ws/install/yolo_bringup/share/colcon-core/packages/yolo_bringup)
[1.483s] Level 1:colcon.colcon_core.environment:create_environment_scripts_only(yolo_bringup)
[1.483s] Level 1:colcon.colcon_core.environment:checking '/home/j/e2e_ws/install/yolo_bringup' for CMake module files
[1.483s] Level 1:colcon.colcon_core.environment:checking '/home/j/e2e_ws/install/yolo_bringup' for CMake config files
[1.483s] Level 1:colcon.colcon_core.shell:create_environment_hook('yolo_bringup', 'cmake_prefix_path')
[1.483s] INFO:colcon.colcon_core.shell:Creating environment hook '/home/j/e2e_ws/install/yolo_bringup/share/yolo_bringup/hook/cmake_prefix_path.ps1'
[1.483s] INFO:colcon.colcon_core.shell:Creating environment descriptor '/home/j/e2e_ws/install/yolo_bringup/share/yolo_bringup/hook/cmake_prefix_path.dsv'
[1.484s] INFO:colcon.colcon_core.shell:Creating environment hook '/home/j/e2e_ws/install/yolo_bringup/share/yolo_bringup/hook/cmake_prefix_path.sh'
[1.484s] Level 1:colcon.colcon_core.environment:checking '/home/j/e2e_ws/install/yolo_bringup/bin'
[1.484s] Level 1:colcon.colcon_core.environment:checking '/home/j/e2e_ws/install/yolo_bringup/lib/pkgconfig/yolo_bringup.pc'
[1.484s] Level 1:colcon.colcon_core.environment:checking '/home/j/e2e_ws/install/yolo_bringup/lib/python3.10/site-packages'
[1.484s] Level 1:colcon.colcon_core.environment:checking '/home/j/e2e_ws/install/yolo_bringup/bin'
[1.485s] INFO:colcon.colcon_core.shell:Creating package script '/home/j/e2e_ws/install/yolo_bringup/share/yolo_bringup/package.ps1'
[1.485s] INFO:colcon.colcon_core.shell:Creating package descriptor '/home/j/e2e_ws/install/yolo_bringup/share/yolo_bringup/package.dsv'
[1.485s] INFO:colcon.colcon_core.shell:Creating package script '/home/j/e2e_ws/install/yolo_bringup/share/yolo_bringup/package.sh'
[1.485s] INFO:colcon.colcon_core.shell:Creating package script '/home/j/e2e_ws/install/yolo_bringup/share/yolo_bringup/package.bash'
[1.486s] INFO:colcon.colcon_core.shell:Creating package script '/home/j/e2e_ws/install/yolo_bringup/share/yolo_bringup/package.zsh'
[1.486s] Level 1:colcon.colcon_core.environment:create_file_with_runtime_dependencies(/home/j/e2e_ws/install/yolo_bringup/share/colcon-core/packages/yolo_bringup)
[1.525s] DEBUG:colcon.colcon_core.event_handler.log_command:Invoked command in '/home/j/e2e_ws/build/image_fusion' returned '0': CMAKE_PREFIX_PATH=/home/j/e2e_ws/install/yolo_msgs:/home/j/e2e_ws/install/image_fusion:/home/j/e2e_ws/install/yolo_bringup:/home/j/e2e_ws/install/image_fusion_node:/home/j/e2e_ws/install/turtlebot3_simulations:/home/j/e2e_ws/install/turtlebot3_gazebo:/home/j/e2e_ws/install/turtlebot3_fake_node:/home/j/e2e_ws/install/ros2_aruco_interfaces:/home/j/e2e_ws/install/e2e_meta:/home/j/e2e_ws/install/delbot PYTHONPATH=/home/j/e2e_ws/build/image_fusion/prefix_override:/usr/lib/python3/dist-packages/colcon_core/task/python/colcon_distutils_commands:/home/j/e2e_ws/install/image_fusion/lib/python3.10/site-packages:${PYTHONPATH} /usr/bin/python3 -W ignore:setup.py install is deprecated -W ignore:easy_install command is deprecated setup.py develop --uninstall --editable --build-directory /home/j/e2e_ws/build/image_fusion/build
[1.526s] DEBUG:colcon.colcon_core.event_handler.log_command:Invoking command in '/home/j/e2e_ws/src/image_fusion': CMAKE_PREFIX_PATH=/home/j/e2e_ws/install/yolo_msgs:/home/j/e2e_ws/install/image_fusion:/home/j/e2e_ws/install/yolo_bringup:/home/j/e2e_ws/install/image_fusion_node:/home/j/e2e_ws/install/turtlebot3_simulations:/home/j/e2e_ws/install/turtlebot3_gazebo:/home/j/e2e_ws/install/turtlebot3_fake_node:/home/j/e2e_ws/install/ros2_aruco_interfaces:/home/j/e2e_ws/install/e2e_meta:/home/j/e2e_ws/install/delbot PYTHONPATH=/home/j/e2e_ws/build/image_fusion/prefix_override:/usr/lib/python3/dist-packages/colcon_core/task/python/colcon_distutils_commands:/home/j/e2e_ws/install/image_fusion/lib/python3.10/site-packages:${PYTHONPATH} /usr/bin/python3 -W ignore:setup.py install is deprecated -W ignore:easy_install command is deprecated setup.py egg_info --egg-base ../../build/image_fusion build --build-base /home/j/e2e_ws/build/image_fusion/build install --record /home/j/e2e_ws/build/image_fusion/install.log --single-version-externally-managed install_data --force
[1.741s] Level 1:colcon.colcon_core.environment:checking '/home/j/e2e_ws/install/image_fusion' for CMake module files
[1.741s] DEBUG:colcon.colcon_core.event_handler.log_command:Invoked command in '/home/j/e2e_ws/src/image_fusion' returned '0': CMAKE_PREFIX_PATH=/home/j/e2e_ws/install/yolo_msgs:/home/j/e2e_ws/install/image_fusion:/home/j/e2e_ws/install/yolo_bringup:/home/j/e2e_ws/install/image_fusion_node:/home/j/e2e_ws/install/turtlebot3_simulations:/home/j/e2e_ws/install/turtlebot3_gazebo:/home/j/e2e_ws/install/turtlebot3_fake_node:/home/j/e2e_ws/install/ros2_aruco_interfaces:/home/j/e2e_ws/install/e2e_meta:/home/j/e2e_ws/install/delbot PYTHONPATH=/home/j/e2e_ws/build/image_fusion/prefix_override:/usr/lib/python3/dist-packages/colcon_core/task/python/colcon_distutils_commands:/home/j/e2e_ws/install/image_fusion/lib/python3.10/site-packages:${PYTHONPATH} /usr/bin/python3 -W ignore:setup.py install is deprecated -W ignore:easy_install command is deprecated setup.py egg_info --egg-base ../../build/image_fusion build --build-base /home/j/e2e_ws/build/image_fusion/build install --record /home/j/e2e_ws/build/image_fusion/install.log --single-version-externally-managed install_data --force
[1.742s] Level 1:colcon.colcon_core.environment:checking '/home/j/e2e_ws/install/image_fusion' for CMake config files
[1.742s] Level 1:colcon.colcon_core.environment:checking '/home/j/e2e_ws/install/image_fusion/lib'
[1.742s] Level 1:colcon.colcon_core.environment:checking '/home/j/e2e_ws/install/image_fusion/bin'
[1.742s] Level 1:colcon.colcon_core.shell:create_environment_hook('image_fusion', 'path')
[1.742s] INFO:colcon.colcon_core.shell:Creating environment hook '/home/j/e2e_ws/install/image_fusion/share/image_fusion/hook/path.ps1'
[1.743s] INFO:colcon.colcon_core.shell:Creating environment descriptor '/home/j/e2e_ws/install/image_fusion/share/image_fusion/hook/path.dsv'
[1.743s] INFO:colcon.colcon_core.shell:Creating environment hook '/home/j/e2e_ws/install/image_fusion/share/image_fusion/hook/path.sh'
[1.743s] Level 1:colcon.colcon_core.environment:checking '/home/j/e2e_ws/install/image_fusion/lib/pkgconfig/image_fusion.pc'
[1.743s] Level 1:colcon.colcon_core.environment:checking '/home/j/e2e_ws/install/image_fusion/lib/python3.10/site-packages'
[1.743s] Level 1:colcon.colcon_core.shell:create_environment_hook('image_fusion', 'pythonpath')
[1.744s] INFO:colcon.colcon_core.shell:Creating environment hook '/home/j/e2e_ws/install/image_fusion/share/image_fusion/hook/pythonpath.ps1'
[1.744s] INFO:colcon.colcon_core.shell:Creating environment descriptor '/home/j/e2e_ws/install/image_fusion/share/image_fusion/hook/pythonpath.dsv'
[1.744s] INFO:colcon.colcon_core.shell:Creating environment hook '/home/j/e2e_ws/install/image_fusion/share/image_fusion/hook/pythonpath.sh'
[1.744s] Level 1:colcon.colcon_core.environment:checking '/home/j/e2e_ws/install/image_fusion/bin'
[1.744s] Level 1:colcon.colcon_core.shell:create_environment_hook('image_fusion', 'pythonscriptspath')
[1.745s] INFO:colcon.colcon_core.shell:Creating environment hook '/home/j/e2e_ws/install/image_fusion/share/image_fusion/hook/pythonscriptspath.ps1'
[1.745s] INFO:colcon.colcon_core.shell:Creating environment descriptor '/home/j/e2e_ws/install/image_fusion/share/image_fusion/hook/pythonscriptspath.dsv'
[1.745s] INFO:colcon.colcon_core.shell:Creating environment hook '/home/j/e2e_ws/install/image_fusion/share/image_fusion/hook/pythonscriptspath.sh'
[1.745s] Level 1:colcon.colcon_core.environment:create_environment_scripts_only(image_fusion)
[1.745s] INFO:colcon.colcon_core.shell:Creating package script '/home/j/e2e_ws/install/image_fusion/share/image_fusion/package.ps1'
[1.746s] INFO:colcon.colcon_core.shell:Creating package descriptor '/home/j/e2e_ws/install/image_fusion/share/image_fusion/package.dsv'
[1.746s] INFO:colcon.colcon_core.shell:Creating package script '/home/j/e2e_ws/install/image_fusion/share/image_fusion/package.sh'
[1.747s] INFO:colcon.colcon_core.shell:Creating package script '/home/j/e2e_ws/install/image_fusion/share/image_fusion/package.bash'
[1.747s] INFO:colcon.colcon_core.shell:Creating package script '/home/j/e2e_ws/install/image_fusion/share/image_fusion/package.zsh'
[1.747s] Level 1:colcon.colcon_core.environment:create_file_with_runtime_dependencies(/home/j/e2e_ws/install/image_fusion/share/colcon-core/packages/image_fusion)
[1.747s] DEBUG:colcon.colcon_parallel_executor.executor.parallel:closing loop
[1.748s] DEBUG:colcon.colcon_parallel_executor.executor.parallel:loop closed
[1.748s] DEBUG:colcon.colcon_parallel_executor.executor.parallel:run_until_complete finished with '0'
[1.748s] DEBUG:colcon.colcon_core.event_reactor:joining thread
[1.753s] INFO:colcon.colcon_core.plugin_system:Skipping extension 'colcon_notification.desktop_notification.terminal_notifier': Not used on non-Darwin systems
[1.754s] INFO:colcon.colcon_core.plugin_system:Skipping extension 'colcon_notification.desktop_notification.win32': Not used on non-Windows systems
[1.754s] INFO:colcon.colcon_notification.desktop_notification:Sending desktop notification using 'notify2'
[1.761s] DEBUG:colcon.colcon_core.event_reactor:joined thread
[1.761s] INFO:colcon.colcon_core.shell:Creating prefix script '/home/j/e2e_ws/install/local_setup.ps1'
[1.762s] INFO:colcon.colcon_core.shell:Creating prefix util module '/home/j/e2e_ws/install/_local_setup_util_ps1.py'
[1.763s] INFO:colcon.colcon_core.shell:Creating prefix chain script '/home/j/e2e_ws/install/setup.ps1'
[1.764s] INFO:colcon.colcon_core.shell:Creating prefix script '/home/j/e2e_ws/install/local_setup.sh'
[1.764s] INFO:colcon.colcon_core.shell:Creating prefix util module '/home/j/e2e_ws/install/_local_setup_util_sh.py'
[1.765s] INFO:colcon.colcon_core.shell:Creating prefix chain script '/home/j/e2e_ws/install/setup.sh'
[1.766s] INFO:colcon.colcon_core.shell:Creating prefix script '/home/j/e2e_ws/install/local_setup.bash'
[1.767s] INFO:colcon.colcon_core.shell:Creating prefix chain script '/home/j/e2e_ws/install/setup.bash'
[1.768s] INFO:colcon.colcon_core.shell:Creating prefix script '/home/j/e2e_ws/install/local_setup.zsh'
[1.769s] INFO:colcon.colcon_core.shell:Creating prefix chain script '/home/j/e2e_ws/install/setup.zsh'
